iteration,operation_type,ecu_id,sec_level,key_len_bytes,latency_ms,status
0,SMK_Exchange_Flow,-,-,-,0,skipped_assumed_exists
0,deriveECUKey_AES_GCM_256,1021,21,32,5,success
1,SMK_Exchange_Flow,-,-,-,0,skipped_assumed_exists
1,deriveECUKey_AES_GCM_256,1121,21,32,3,success
2,SMK_Exchange_Flow,-,-,-,0,skipped_assumed_exists
2,deriveECUKey_AES_GCM_256,1221,21,32,3,success
3,SMK_Exchange_Flow,-,-,-,0,skipped_assumed_exists
3,deriveECUKey_AES_GCM_256,1321,21,32,2,success
4,SMK_Exchange_Flow,-,-,-,0,skipped_assumed_exists
4,deriveECUKey_AES_GCM_256,1421,21,32,3,success
5,SMK_Exchange_Flow,-,-,-,0,skipped_assumed_exists
5,deriveECUKey_AES_GCM_256,1521,21,32,2,success
6,SMK_Exchange_Flow,-,-,-,0,skipped_assumed_exists
6,deriveECUKey_AES_GCM_256,1621,21,32,2,success
7,SMK_Exchange_Flow,-,-,-,0,skipped_assumed_exists
7,deriveECUKey_AES_GCM_256,1721,21,32,2,success
8,SMK_Exchange_Flow,-,-,-,0,skipped_assumed_exists
8,deriveECUKey_AES_GCM_256,1821,21,32,2,success
9,SMK_Exchange_Flow,-,-,-,0,skipped_assumed_exists
9,deriveECUKey_AES_GCM_256,1921,21,32,2,success
10,SMK_Exchange_Flow,-,-,-,0,skipped_assumed_exists
10,deriveECUKey_AES_GCM_256,2021,21,32,2,success
11,SMK_Exchange_Flow,-,-,-,0,skipped_assumed_exists
11,deriveECUKey_AES_GCM_256,2121,21,32,2,success
12,SMK_Exchange_Flow,-,-,-,0,skipped_assumed_exists
12,deriveECUKey_AES_GCM_256,2221,21,32,2,success
13,SMK_Exchange_Flow,-,-,-,0,skipped_assumed_exists
13,deriveECUKey_AES_GCM_256,2321,21,32,2,success
14,SMK_Exchange_Flow,-,-,-,0,skipped_assumed_exists
14,deriveECUKey_AES_GCM_256,2421,21,32,2,success
15,SMK_Exchange_Flow,-,-,-,0,skipped_assumed_exists
15,deriveECUKey_AES_GCM_256,2521,21,32,2,success
16,SMK_Exchange_Flow,-,-,-,0,skipped_assumed_exists
16,deriveECUKey_AES_GCM_256,2621,21,32,2,success
17,SMK_Exchange_Flow,-,-,-,0,skipped_assumed_exists
17,deriveECUKey_AES_GCM_256,2721,21,32,2,success
18,SMK_Exchange_Flow,-,-,-,0,skipped_assumed_exists
18,deriveECUKey_AES_GCM_256,2821,21,32,2,success
19,SMK_Exchange_Flow,-,-,-,0,skipped_assumed_exists
19,deriveECUKey_AES_GCM_256,2921,21,32,2,success
20,SMK_Exchange_Flow,-,-,-,0,skipped_assumed_exists
20,deriveECUKey_AES_GCM_256,3021,21,32,2,success
21,SMK_Exchange_Flow,-,-,-,0,skipped_assumed_exists
21,deriveECUKey_AES_GCM_256,3121,21,32,2,success
22,SMK_Exchange_Flow,-,-,-,0,skipped_assumed_exists
22,deriveECUKey_AES_GCM_256,3221,21,32,2,success
23,SMK_Exchange_Flow,-,-,-,0,skipped_assumed_exists
23,deriveECUKey_AES_GCM_256,3321,21,32,2,success
24,SMK_Exchange_Flow,-,-,-,0,skipped_assumed_exists
24,deriveECUKey_AES_GCM_256,3421,21,32,2,success
25,SMK_Exchange_Flow,-,-,-,0,skipped_assumed_exists
25,deriveECUKey_AES_GCM_256,3521,21,32,2,success
26,SMK_Exchange_Flow,-,-,-,0,skipped_assumed_exists
26,deriveECUKey_AES_GCM_256,3621,21,32,2,success
27,SMK_Exchange_Flow,-,-,-,0,skipped_assumed_exists
27,deriveECUKey_AES_GCM_256,3721,21,32,2,success
28,SMK_Exchange_Flow,-,-,-,0,skipped_assumed_exists
28,deriveECUKey_AES_GCM_256,3821,21,32,2,success
29,SMK_Exchange_Flow,-,-,-,0,skipped_assumed_exists
29,deriveECUKey_AES_GCM_256,3921,21,32,2,success
30,SMK_Exchange_Flow,-,-,-,0,skipped_assumed_exists
30,deriveECUKey_AES_GCM_256,4021,21,32,2,success
31,SMK_Exchange_Flow,-,-,-,0,skipped_assumed_exists
31,deriveECUKey_AES_GCM_256,4121,21,32,2,success
32,SMK_Exchange_Flow,-,-,-,0,skipped_assumed_exists
32,deriveECUKey_AES_GCM_256,4221,21,32,2,success
33,SMK_Exchange_Flow,-,-,-,0,skipped_assumed_exists
33,deriveECUKey_AES_GCM_256,4321,21,32,2,success
34,SMK_Exchange_Flow,-,-,-,0,skipped_assumed_exists
34,deriveECUKey_AES_GCM_256,4421,21,32,2,success
35,SMK_Exchange_Flow,-,-,-,0,skipped_assumed_exists
35,deriveECUKey_AES_GCM_256,4521,21,32,2,success
36,SMK_Exchange_Flow,-,-,-,0,skipped_assumed_exists
36,deriveECUKey_AES_GCM_256,4621,21,32,2,success
37,SMK_Exchange_Flow,-,-,-,0,skipped_assumed_exists
37,deriveECUKey_AES_GCM_256,4721,21,32,2,success
38,SMK_Exchange_Flow,-,-,-,0,skipped_assumed_exists
38,deriveECUKey_AES_GCM_256,4821,21,32,2,success
39,SMK_Exchange_Flow,-,-,-,0,skipped_assumed_exists
39,deriveECUKey_AES_GCM_256,4921,21,32,2,success
40,SMK_Exchange_Flow,-,-,-,0,skipped_assumed_exists
40,deriveECUKey_AES_GCM_256,5021,21,32,2,success
41,SMK_Exchange_Flow,-,-,-,0,skipped_assumed_exists
41,deriveECUKey_AES_GCM_256,5121,21,32,2,success
42,SMK_Exchange_Flow,-,-,-,0,skipped_assumed_exists
42,deriveECUKey_AES_GCM_256,5221,21,32,2,success
43,SMK_Exchange_Flow,-,-,-,0,skipped_assumed_exists
43,deriveECUKey_AES_GCM_256,5321,21,32,2,success
44,SMK_Exchange_Flow,-,-,-,0,skipped_assumed_exists
44,deriveECUKey_AES_GCM_256,5421,21,32,2,success
45,SMK_Exchange_Flow,-,-,-,0,skipped_assumed_exists
45,deriveECUKey_AES_GCM_256,5521,21,32,2,success
46,SMK_Exchange_Flow,-,-,-,0,skipped_assumed_exists
46,deriveECUKey_AES_GCM_256,5621,21,32,2,success
47,SMK_Exchange_Flow,-,-,-,0,skipped_assumed_exists
47,deriveECUKey_AES_GCM_256,5721,21,32,2,success
48,SMK_Exchange_Flow,-,-,-,0,skipped_assumed_exists
48,deriveECUKey_AES_GCM_256,5821,21,32,2,success
49,SMK_Exchange_Flow,-,-,-,0,skipped_assumed_exists
49,deriveECUKey_AES_GCM_256,5921,21,32,2,success
50,SMK_Exchange_Flow,-,-,-,0,skipped_assumed_exists
50,deriveECUKey_AES_GCM_256,6021,21,32,2,success
51,SMK_Exchange_Flow,-,-,-,0,skipped_assumed_exists
51,deriveECUKey_AES_GCM_256,6121,21,32,2,success
52,SMK_Exchange_Flow,-,-,-,0,skipped_assumed_exists
52,deriveECUKey_AES_GCM_256,6221,21,32,2,success
53,SMK_Exchange_Flow,-,-,-,0,skipped_assumed_exists
53,deriveECUKey_AES_GCM_256,6321,21,32,2,success
54,SMK_Exchange_Flow,-,-,-,0,skipped_assumed_exists
54,deriveECUKey_AES_GCM_256,6421,21,32,2,success
55,SMK_Exchange_Flow,-,-,-,0,skipped_assumed_exists
55,deriveECUKey_AES_GCM_256,6521,21,32,2,success
56,SMK_Exchange_Flow,-,-,-,0,skipped_assumed_exists
56,deriveECUKey_AES_GCM_256,6621,21,32,2,success
57,SMK_Exchange_Flow,-,-,-,0,skipped_assumed_exists
57,deriveECUKey_AES_GCM_256,6721,21,32,2,success
58,SMK_Exchange_Flow,-,-,-,0,skipped_assumed_exists
58,deriveECUKey_AES_GCM_256,6821,21,32,2,success
59,SMK_Exchange_Flow,-,-,-,0,skipped_assumed_exists
59,deriveECUKey_AES_GCM_256,6921,21,32,2,success
60,SMK_Exchange_Flow,-,-,-,0,skipped_assumed_exists
60,deriveECUKey_AES_GCM_256,7021,21,32,2,success
61,SMK_Exchange_Flow,-,-,-,0,skipped_assumed_exists
61,deriveECUKey_AES_GCM_256,7121,21,32,2,success
62,SMK_Exchange_Flow,-,-,-,0,skipped_assumed_exists
62,deriveECUKey_AES_GCM_256,7221,21,32,2,success
63,SMK_Exchange_Flow,-,-,-,0,skipped_assumed_exists
63,deriveECUKey_AES_GCM_256,7321,21,32,2,success
64,SMK_Exchange_Flow,-,-,-,0,skipped_assumed_exists
64,deriveECUKey_AES_GCM_256,7421,21,32,2,success
65,SMK_Exchange_Flow,-,-,-,0,skipped_assumed_exists
65,deriveECUKey_AES_GCM_256,7521,21,32,2,success
66,SMK_Exchange_Flow,-,-,-,0,skipped_assumed_exists
66,deriveECUKey_AES_GCM_256,7621,21,32,2,success
67,SMK_Exchange_Flow,-,-,-,0,skipped_assumed_exists
67,deriveECUKey_AES_GCM_256,7721,21,32,2,success
68,SMK_Exchange_Flow,-,-,-,0,skipped_assumed_exists
68,deriveECUKey_AES_GCM_256,7821,21,32,2,success
69,SMK_Exchange_Flow,-,-,-,0,skipped_assumed_exists
69,deriveECUKey_AES_GCM_256,7921,21,32,2,success
70,SMK_Exchange_Flow,-,-,-,0,skipped_assumed_exists
70,deriveECUKey_AES_GCM_256,8021,21,32,2,success
71,SMK_Exchange_Flow,-,-,-,0,skipped_assumed_exists
71,deriveECUKey_AES_GCM_256,8121,21,32,2,success
72,SMK_Exchange_Flow,-,-,-,0,skipped_assumed_exists
72,deriveECUKey_AES_GCM_256,8221,21,32,2,success
73,SMK_Exchange_Flow,-,-,-,0,skipped_assumed_exists
73,deriveECUKey_AES_GCM_256,8321,21,32,2,success
74,SMK_Exchange_Flow,-,-,-,0,skipped_assumed_exists
74,deriveECUKey_AES_GCM_256,8421,21,32,2,success
75,SMK_Exchange_Flow,-,-,-,0,skipped_assumed_exists
75,deriveECUKey_AES_GCM_256,8521,21,32,2,success
76,SMK_Exchange_Flow,-,-,-,0,skipped_assumed_exists
76,deriveECUKey_AES_GCM_256,8621,21,32,2,success
77,SMK_Exchange_Flow,-,-,-,0,skipped_assumed_exists
77,deriveECUKey_AES_GCM_256,8721,21,32,2,success
78,SMK_Exchange_Flow,-,-,-,0,skipped_assumed_exists
78,deriveECUKey_AES_GCM_256,8821,21,32,2,success
79,SMK_Exchange_Flow,-,-,-,0,skipped_assumed_exists
79,deriveECUKey_AES_GCM_256,8921,21,32,2,success
80,SMK_Exchange_Flow,-,-,-,0,skipped_assumed_exists
80,deriveECUKey_AES_GCM_256,9021,21,32,2,success
81,SMK_Exchange_Flow,-,-,-,0,skipped_assumed_exists
81,deriveECUKey_AES_GCM_256,9121,21,32,2,success
82,SMK_Exchange_Flow,-,-,-,0,skipped_assumed_exists
82,deriveECUKey_AES_GCM_256,9221,21,32,2,success
83,SMK_Exchange_Flow,-,-,-,0,skipped_assumed_exists
83,deriveECUKey_AES_GCM_256,9321,21,32,2,success
84,SMK_Exchange_Flow,-,-,-,0,skipped_assumed_exists
84,deriveECUKey_AES_GCM_256,9421,21,32,2,success
85,SMK_Exchange_Flow,-,-,-,0,skipped_assumed_exists
85,deriveECUKey_AES_GCM_256,9521,21,32,2,success
86,SMK_Exchange_Flow,-,-,-,0,skipped_assumed_exists
86,deriveECUKey_AES_GCM_256,9621,21,32,2,success
87,SMK_Exchange_Flow,-,-,-,0,skipped_assumed_exists
87,deriveECUKey_AES_GCM_256,9721,21,32,2,success
88,SMK_Exchange_Flow,-,-,-,0,skipped_assumed_exists
88,deriveECUKey_AES_GCM_256,9821,21,32,2,success
89,SMK_Exchange_Flow,-,-,-,0,skipped_assumed_exists
89,deriveECUKey_AES_GCM_256,9921,21,32,2,success
90,SMK_Exchange_Flow,-,-,-,0,skipped_assumed_exists
90,deriveECUKey_AES_GCM_256,10021,21,32,2,success
91,SMK_Exchange_Flow,-,-,-,0,skipped_assumed_exists
91,deriveECUKey_AES_GCM_256,10121,21,32,2,success
92,SMK_Exchange_Flow,-,-,-,0,skipped_assumed_exists
92,deriveECUKey_AES_GCM_256,10221,21,32,2,success
93,SMK_Exchange_Flow,-,-,-,0,skipped_assumed_exists
93,deriveECUKey_AES_GCM_256,10321,21,32,2,success
94,SMK_Exchange_Flow,-,-,-,0,skipped_assumed_exists
94,deriveECUKey_AES_GCM_256,10421,21,32,2,success
95,SMK_Exchange_Flow,-,-,-,0,skipped_assumed_exists
95,deriveECUKey_AES_GCM_256,10521,21,32,2,success
96,SMK_Exchange_Flow,-,-,-,0,skipped_assumed_exists
96,deriveECUKey_AES_GCM_256,10621,21,32,2,success
97,SMK_Exchange_Flow,-,-,-,0,skipped_assumed_exists
97,deriveECUKey_AES_GCM_256,10721,21,32,2,success
98,SMK_Exchange_Flow,-,-,-,0,skipped_assumed_exists
98,deriveECUKey_AES_GCM_256,10821,21,32,2,success
99,SMK_Exchange_Flow,-,-,-,0,skipped_assumed_exists
99,deriveECUKey_AES_GCM_256,10921,21,32,2,success
100,SMK_Exchange_Flow,-,-,-,0,skipped_assumed_exists
100,deriveECUKey_AES_GCM_256,11021,21,32,2,success
101,SMK_Exchange_Flow,-,-,-,0,skipped_assumed_exists
101,deriveECUKey_AES_GCM_256,11121,21,32,2,success
102,SMK_Exchange_Flow,-,-,-,0,skipped_assumed_exists
102,deriveECUKey_AES_GCM_256,11221,21,32,2,success
103,SMK_Exchange_Flow,-,-,-,0,skipped_assumed_exists
103,deriveECUKey_AES_GCM_256,11321,21,32,2,success
104,SMK_Exchange_Flow,-,-,-,0,skipped_assumed_exists
104,deriveECUKey_AES_GCM_256,11421,21,32,2,success
105,SMK_Exchange_Flow,-,-,-,0,skipped_assumed_exists
105,deriveECUKey_AES_GCM_256,11521,21,32,2,success
106,SMK_Exchange_Flow,-,-,-,0,skipped_assumed_exists
106,deriveECUKey_AES_GCM_256,11621,21,32,2,success
107,SMK_Exchange_Flow,-,-,-,0,skipped_assumed_exists
107,deriveECUKey_AES_GCM_256,11721,21,32,2,success
108,SMK_Exchange_Flow,-,-,-,0,skipped_assumed_exists
108,deriveECUKey_AES_GCM_256,11821,21,32,2,success
109,SMK_Exchange_Flow,-,-,-,0,skipped_assumed_exists
109,deriveECUKey_AES_GCM_256,11921,21,32,2,success
110,SMK_Exchange_Flow,-,-,-,0,skipped_assumed_exists
110,deriveECUKey_AES_GCM_256,12021,21,32,2,success
111,SMK_Exchange_Flow,-,-,-,0,skipped_assumed_exists
111,deriveECUKey_AES_GCM_256,12121,21,32,2,success
112,SMK_Exchange_Flow,-,-,-,0,skipped_assumed_exists
112,deriveECUKey_AES_GCM_256,12221,21,32,2,success
113,SMK_Exchange_Flow,-,-,-,0,skipped_assumed_exists
113,deriveECUKey_AES_GCM_256,12321,21,32,2,success
114,SMK_Exchange_Flow,-,-,-,0,skipped_assumed_exists
114,deriveECUKey_AES_GCM_256,12421,21,32,2,success
115,SMK_Exchange_Flow,-,-,-,0,skipped_assumed_exists
115,deriveECUKey_AES_GCM_256,12521,21,32,2,success
116,SMK_Exchange_Flow,-,-,-,0,skipped_assumed_exists
116,deriveECUKey_AES_GCM_256,12621,21,32,2,success
117,SMK_Exchange_Flow,-,-,-,0,skipped_assumed_exists
117,deriveECUKey_AES_GCM_256,12721,21,32,2,success
118,SMK_Exchange_Flow,-,-,-,0,skipped_assumed_exists
118,deriveECUKey_AES_GCM_256,12821,21,32,2,success
119,SMK_Exchange_Flow,-,-,-,0,skipped_assumed_exists
119,deriveECUKey_AES_GCM_256,12921,21,32,2,success
120,SMK_Exchange_Flow,-,-,-,0,skipped_assumed_exists
120,deriveECUKey_AES_GCM_256,13021,21,32,2,success
121,SMK_Exchange_Flow,-,-,-,0,skipped_assumed_exists
121,deriveECUKey_AES_GCM_256,13121,21,32,2,success
122,SMK_Exchange_Flow,-,-,-,0,skipped_assumed_exists
122,deriveECUKey_AES_GCM_256,13221,21,32,2,success
123,SMK_Exchange_Flow,-,-,-,0,skipped_assumed_exists
123,deriveECUKey_AES_GCM_256,13321,21,32,2,success
124,SMK_Exchange_Flow,-,-,-,0,skipped_assumed_exists
124,deriveECUKey_AES_GCM_256,13421,21,32,2,success
125,SMK_Exchange_Flow,-,-,-,0,skipped_assumed_exists
125,deriveECUKey_AES_GCM_256,13521,21,32,2,success
126,SMK_Exchange_Flow,-,-,-,0,skipped_assumed_exists
126,deriveECUKey_AES_GCM_256,13621,21,32,2,success
127,SMK_Exchange_Flow,-,-,-,0,skipped_assumed_exists
127,deriveECUKey_AES_GCM_256,13721,21,32,2,success
128,SMK_Exchange_Flow,-,-,-,0,skipped_assumed_exists
128,deriveECUKey_AES_GCM_256,13821,21,32,2,success
129,SMK_Exchange_Flow,-,-,-,0,skipped_assumed_exists
129,deriveECUKey_AES_GCM_256,13921,21,32,2,success
130,SMK_Exchange_Flow,-,-,-,0,skipped_assumed_exists
130,deriveECUKey_AES_GCM_256,14021,21,32,2,success
131,SMK_Exchange_Flow,-,-,-,0,skipped_assumed_exists
131,deriveECUKey_AES_GCM_256,14121,21,32,2,success
132,SMK_Exchange_Flow,-,-,-,0,skipped_assumed_exists
132,deriveECUKey_AES_GCM_256,14221,21,32,2,success
133,SMK_Exchange_Flow,-,-,-,0,skipped_assumed_exists
133,deriveECUKey_AES_GCM_256,14321,21,32,2,success
134,SMK_Exchange_Flow,-,-,-,0,skipped_assumed_exists
134,deriveECUKey_AES_GCM_256,14421,21,32,2,success
135,SMK_Exchange_Flow,-,-,-,0,skipped_assumed_exists
135,deriveECUKey_AES_GCM_256,14521,21,32,2,success
136,SMK_Exchange_Flow,-,-,-,0,skipped_assumed_exists
136,deriveECUKey_AES_GCM_256,14621,21,32,2,success
137,SMK_Exchange_Flow,-,-,-,0,skipped_assumed_exists
137,deriveECUKey_AES_GCM_256,14721,21,32,2,success
138,SMK_Exchange_Flow,-,-,-,0,skipped_assumed_exists
138,deriveECUKey_AES_GCM_256,14821,21,32,2,success
139,SMK_Exchange_Flow,-,-,-,0,skipped_assumed_exists
139,deriveECUKey_AES_GCM_256,14921,21,32,2,success
140,SMK_Exchange_Flow,-,-,-,0,skipped_assumed_exists
140,deriveECUKey_AES_GCM_256,15021,21,32,2,success
141,SMK_Exchange_Flow,-,-,-,0,skipped_assumed_exists
141,deriveECUKey_AES_GCM_256,15121,21,32,2,success
142,SMK_Exchange_Flow,-,-,-,0,skipped_assumed_exists
142,deriveECUKey_AES_GCM_256,15221,21,32,2,success
143,SMK_Exchange_Flow,-,-,-,0,skipped_assumed_exists
143,deriveECUKey_AES_GCM_256,15321,21,32,2,success
144,SMK_Exchange_Flow,-,-,-,0,skipped_assumed_exists
144,deriveECUKey_AES_GCM_256,15421,21,32,2,success
145,SMK_Exchange_Flow,-,-,-,0,skipped_assumed_exists
145,deriveECUKey_AES_GCM_256,15521,21,32,2,success
146,SMK_Exchange_Flow,-,-,-,0,skipped_assumed_exists
146,deriveECUKey_AES_GCM_256,15621,21,32,2,success
147,SMK_Exchange_Flow,-,-,-,0,skipped_assumed_exists
147,deriveECUKey_AES_GCM_256,15721,21,32,2,success
148,SMK_Exchange_Flow,-,-,-,0,skipped_assumed_exists
148,deriveECUKey_AES_GCM_256,15821,21,32,2,success
149,SMK_Exchange_Flow,-,-,-,0,skipped_assumed_exists
149,deriveECUKey_AES_GCM_256,15921,21,32,2,success
150,SMK_Exchange_Flow,-,-,-,0,skipped_assumed_exists
150,deriveECUKey_AES_GCM_256,16021,21,32,2,success
151,SMK_Exchange_Flow,-,-,-,0,skipped_assumed_exists
151,deriveECUKey_AES_GCM_256,16121,21,32,2,success
152,SMK_Exchange_Flow,-,-,-,0,skipped_assumed_exists
152,deriveECUKey_AES_GCM_256,16221,21,32,2,success
153,SMK_Exchange_Flow,-,-,-,0,skipped_assumed_exists
153,deriveECUKey_AES_GCM_256,16321,21,32,2,success
154,SMK_Exchange_Flow,-,-,-,0,skipped_assumed_exists
154,deriveECUKey_AES_GCM_256,16421,21,32,2,success
155,SMK_Exchange_Flow,-,-,-,0,skipped_assumed_exists
155,deriveECUKey_AES_GCM_256,16521,21,32,2,success
156,SMK_Exchange_Flow,-,-,-,0,skipped_assumed_exists
156,deriveECUKey_AES_GCM_256,16621,21,32,2,success
157,SMK_Exchange_Flow,-,-,-,0,skipped_assumed_exists
157,deriveECUKey_AES_GCM_256,16721,21,32,2,success
158,SMK_Exchange_Flow,-,-,-,0,skipped_assumed_exists
158,deriveECUKey_AES_GCM_256,16821,21,32,2,success
159,SMK_Exchange_Flow,-,-,-,0,skipped_assumed_exists
159,deriveECUKey_AES_GCM_256,16921,21,32,2,success
160,SMK_Exchange_Flow,-,-,-,0,skipped_assumed_exists
160,deriveECUKey_AES_GCM_256,17021,21,32,2,success
161,SMK_Exchange_Flow,-,-,-,0,skipped_assumed_exists
161,deriveECUKey_AES_GCM_256,17121,21,32,2,success
162,SMK_Exchange_Flow,-,-,-,0,skipped_assumed_exists
162,deriveECUKey_AES_GCM_256,17221,21,32,2,success
163,SMK_Exchange_Flow,-,-,-,0,skipped_assumed_exists
163,deriveECUKey_AES_GCM_256,17321,21,32,2,success
164,SMK_Exchange_Flow,-,-,-,0,skipped_assumed_exists
164,deriveECUKey_AES_GCM_256,17421,21,32,2,success
165,SMK_Exchange_Flow,-,-,-,0,skipped_assumed_exists
165,deriveECUKey_AES_GCM_256,17521,21,32,2,success
166,SMK_Exchange_Flow,-,-,-,0,skipped_assumed_exists
166,deriveECUKey_AES_GCM_256,17621,21,32,2,success
167,SMK_Exchange_Flow,-,-,-,0,skipped_assumed_exists
167,deriveECUKey_AES_GCM_256,17721,21,32,2,success
168,SMK_Exchange_Flow,-,-,-,0,skipped_assumed_exists
168,deriveECUKey_AES_GCM_256,17821,21,32,2,success
169,SMK_Exchange_Flow,-,-,-,0,skipped_assumed_exists
169,deriveECUKey_AES_GCM_256,17921,21,32,2,success
170,SMK_Exchange_Flow,-,-,-,0,skipped_assumed_exists
170,deriveECUKey_AES_GCM_256,18021,21,32,2,success
171,SMK_Exchange_Flow,-,-,-,0,skipped_assumed_exists
171,deriveECUKey_AES_GCM_256,18121,21,32,2,success
172,SMK_Exchange_Flow,-,-,-,0,skipped_assumed_exists
172,deriveECUKey_AES_GCM_256,18221,21,32,2,success
173,SMK_Exchange_Flow,-,-,-,0,skipped_assumed_exists
173,deriveECUKey_AES_GCM_256,18321,21,32,2,success
174,SMK_Exchange_Flow,-,-,-,0,skipped_assumed_exists
174,deriveECUKey_AES_GCM_256,18421,21,32,2,success
175,SMK_Exchange_Flow,-,-,-,0,skipped_assumed_exists
175,deriveECUKey_AES_GCM_256,18521,21,32,2,success
176,SMK_Exchange_Flow,-,-,-,0,skipped_assumed_exists
176,deriveECUKey_AES_GCM_256,18621,21,32,2,success
177,SMK_Exchange_Flow,-,-,-,0,skipped_assumed_exists
177,deriveECUKey_AES_GCM_256,18721,21,32,2,success
178,SMK_Exchange_Flow,-,-,-,0,skipped_assumed_exists
178,deriveECUKey_AES_GCM_256,18821,21,32,2,success
179,SMK_Exchange_Flow,-,-,-,0,skipped_assumed_exists
179,deriveECUKey_AES_GCM_256,18921,21,32,2,success
180,SMK_Exchange_Flow,-,-,-,0,skipped_assumed_exists
180,deriveECUKey_AES_GCM_256,19021,21,32,2,success
181,SMK_Exchange_Flow,-,-,-,0,skipped_assumed_exists
181,deriveECUKey_AES_GCM_256,19121,21,32,2,success
182,SMK_Exchange_Flow,-,-,-,0,skipped_assumed_exists
182,deriveECUKey_AES_GCM_256,19221,21,32,2,success
183,SMK_Exchange_Flow,-,-,-,0,skipped_assumed_exists
183,deriveECUKey_AES_GCM_256,19321,21,32,2,success
184,SMK_Exchange_Flow,-,-,-,0,skipped_assumed_exists
184,deriveECUKey_AES_GCM_256,19421,21,32,2,success
185,SMK_Exchange_Flow,-,-,-,0,skipped_assumed_exists
185,deriveECUKey_AES_GCM_256,19521,21,32,2,success
186,SMK_Exchange_Flow,-,-,-,0,skipped_assumed_exists
186,deriveECUKey_AES_GCM_256,19621,21,32,2,success
187,SMK_Exchange_Flow,-,-,-,0,skipped_assumed_exists
187,deriveECUKey_AES_GCM_256,19721,21,32,2,success
188,SMK_Exchange_Flow,-,-,-,0,skipped_assumed_exists
188,deriveECUKey_AES_GCM_256,19821,21,32,2,success
189,SMK_Exchange_Flow,-,-,-,0,skipped_assumed_exists
189,deriveECUKey_AES_GCM_256,19921,21,32,2,success
190,SMK_Exchange_Flow,-,-,-,0,skipped_assumed_exists
190,deriveECUKey_AES_GCM_256,20021,21,32,2,success
191,SMK_Exchange_Flow,-,-,-,0,skipped_assumed_exists
191,deriveECUKey_AES_GCM_256,20121,21,32,2,success
192,SMK_Exchange_Flow,-,-,-,0,skipped_assumed_exists
192,deriveECUKey_AES_GCM_256,20221,21,32,2,success
193,SMK_Exchange_Flow,-,-,-,0,skipped_assumed_exists
193,deriveECUKey_AES_GCM_256,20321,21,32,2,success
194,SMK_Exchange_Flow,-,-,-,0,skipped_assumed_exists
194,deriveECUKey_AES_GCM_256,20421,21,32,2,success
195,SMK_Exchange_Flow,-,-,-,0,skipped_assumed_exists
195,deriveECUKey_AES_GCM_256,20521,21,32,2,success
196,SMK_Exchange_Flow,-,-,-,0,skipped_assumed_exists
196,deriveECUKey_AES_GCM_256,20621,21,32,2,success
197,SMK_Exchange_Flow,-,-,-,0,skipped_assumed_exists
197,deriveECUKey_AES_GCM_256,20721,21,32,2,success
198,SMK_Exchange_Flow,-,-,-,0,skipped_assumed_exists
198,deriveECUKey_AES_GCM_256,20821,21,32,2,success
199,SMK_Exchange_Flow,-,-,-,0,skipped_assumed_exists
199,deriveECUKey_AES_GCM_256,20921,21,32,2,success
200,SMK_Exchange_Flow,-,-,-,0,skipped_assumed_exists
200,deriveECUKey_AES_GCM_256,21021,21,32,2,success
201,SMK_Exchange_Flow,-,-,-,0,skipped_assumed_exists
201,deriveECUKey_AES_GCM_256,21121,21,32,2,success
202,SMK_Exchange_Flow,-,-,-,0,skipped_assumed_exists
202,deriveECUKey_AES_GCM_256,21221,21,32,2,success
203,SMK_Exchange_Flow,-,-,-,0,skipped_assumed_exists
203,deriveECUKey_AES_GCM_256,21321,21,32,2,success
204,SMK_Exchange_Flow,-,-,-,0,skipped_assumed_exists
204,deriveECUKey_AES_GCM_256,21421,21,32,2,success
205,SMK_Exchange_Flow,-,-,-,0,skipped_assumed_exists
205,deriveECUKey_AES_GCM_256,21521,21,32,2,success
206,SMK_Exchange_Flow,-,-,-,0,skipped_assumed_exists
206,deriveECUKey_AES_GCM_256,21621,21,32,2,success
207,SMK_Exchange_Flow,-,-,-,0,skipped_assumed_exists
207,deriveECUKey_AES_GCM_256,21721,21,32,2,success
208,SMK_Exchange_Flow,-,-,-,0,skipped_assumed_exists
208,deriveECUKey_AES_GCM_256,21821,21,32,2,success
209,SMK_Exchange_Flow,-,-,-,0,skipped_assumed_exists
209,deriveECUKey_AES_GCM_256,21921,21,32,2,success
210,SMK_Exchange_Flow,-,-,-,0,skipped_assumed_exists
210,deriveECUKey_AES_GCM_256,22021,21,32,2,success
211,SMK_Exchange_Flow,-,-,-,0,skipped_assumed_exists
211,deriveECUKey_AES_GCM_256,22121,21,32,2,success
212,SMK_Exchange_Flow,-,-,-,0,skipped_assumed_exists
212,deriveECUKey_AES_GCM_256,22221,21,32,2,success
213,SMK_Exchange_Flow,-,-,-,0,skipped_assumed_exists
213,deriveECUKey_AES_GCM_256,22321,21,32,2,success
214,SMK_Exchange_Flow,-,-,-,0,skipped_assumed_exists
214,deriveECUKey_AES_GCM_256,22421,21,32,2,success
215,SMK_Exchange_Flow,-,-,-,0,skipped_assumed_exists
215,deriveECUKey_AES_GCM_256,22521,21,32,2,success
216,SMK_Exchange_Flow,-,-,-,0,skipped_assumed_exists
216,deriveECUKey_AES_GCM_256,22621,21,32,2,success
217,SMK_Exchange_Flow,-,-,-,0,skipped_assumed_exists
217,deriveECUKey_AES_GCM_256,22721,21,32,2,success
218,SMK_Exchange_Flow,-,-,-,0,skipped_assumed_exists
218,deriveECUKey_AES_GCM_256,22821,21,32,2,success
219,SMK_Exchange_Flow,-,-,-,0,skipped_assumed_exists
219,deriveECUKey_AES_GCM_256,22921,21,32,2,success
220,SMK_Exchange_Flow,-,-,-,0,skipped_assumed_exists
220,deriveECUKey_AES_GCM_256,23021,21,32,2,success
221,SMK_Exchange_Flow,-,-,-,0,skipped_assumed_exists
221,deriveECUKey_AES_GCM_256,23121,21,32,2,success
222,SMK_Exchange_Flow,-,-,-,0,skipped_assumed_exists
222,deriveECUKey_AES_GCM_256,23221,21,32,2,success
223,SMK_Exchange_Flow,-,-,-,0,skipped_assumed_exists
223,deriveECUKey_AES_GCM_256,23321,21,32,2,success
224,SMK_Exchange_Flow,-,-,-,0,skipped_assumed_exists
224,deriveECUKey_AES_GCM_256,23421,21,32,2,success
225,SMK_Exchange_Flow,-,-,-,0,skipped_assumed_exists
225,deriveECUKey_AES_GCM_256,23521,21,32,2,success
226,SMK_Exchange_Flow,-,-,-,0,skipped_assumed_exists
226,deriveECUKey_AES_GCM_256,23621,21,32,2,success
227,SMK_Exchange_Flow,-,-,-,0,skipped_assumed_exists
227,deriveECUKey_AES_GCM_256,23721,21,32,2,success
228,SMK_Exchange_Flow,-,-,-,0,skipped_assumed_exists
228,deriveECUKey_AES_GCM_256,23821,21,32,2,success
229,SMK_Exchange_Flow,-,-,-,0,skipped_assumed_exists
229,deriveECUKey_AES_GCM_256,23921,21,32,2,success
230,SMK_Exchange_Flow,-,-,-,0,skipped_assumed_exists
230,deriveECUKey_AES_GCM_256,24021,21,32,2,success
231,SMK_Exchange_Flow,-,-,-,0,skipped_assumed_exists
231,deriveECUKey_AES_GCM_256,24121,21,32,2,success
232,SMK_Exchange_Flow,-,-,-,0,skipped_assumed_exists
232,deriveECUKey_AES_GCM_256,24221,21,32,2,success
233,SMK_Exchange_Flow,-,-,-,0,skipped_assumed_exists
233,deriveECUKey_AES_GCM_256,24321,21,32,2,success
234,SMK_Exchange_Flow,-,-,-,0,skipped_assumed_exists
234,deriveECUKey_AES_GCM_256,24421,21,32,2,success
235,SMK_Exchange_Flow,-,-,-,0,skipped_assumed_exists
235,deriveECUKey_AES_GCM_256,24521,21,32,2,success
236,SMK_Exchange_Flow,-,-,-,0,skipped_assumed_exists
236,deriveECUKey_AES_GCM_256,24621,21,32,2,success
237,SMK_Exchange_Flow,-,-,-,0,skipped_assumed_exists
237,deriveECUKey_AES_GCM_256,24721,21,32,2,success
238,SMK_Exchange_Flow,-,-,-,0,skipped_assumed_exists
238,deriveECUKey_AES_GCM_256,24821,21,32,2,success
239,SMK_Exchange_Flow,-,-,-,0,skipped_assumed_exists
239,deriveECUKey_AES_GCM_256,24921,21,32,2,success
240,SMK_Exchange_Flow,-,-,-,0,skipped_assumed_exists
240,deriveECUKey_AES_GCM_256,25021,21,32,2,success
241,SMK_Exchange_Flow,-,-,-,0,skipped_assumed_exists
241,deriveECUKey_AES_GCM_256,25121,21,32,2,success
242,SMK_Exchange_Flow,-,-,-,0,skipped_assumed_exists
242,deriveECUKey_AES_GCM_256,25221,21,32,2,success
243,SMK_Exchange_Flow,-,-,-,0,skipped_assumed_exists
243,deriveECUKey_AES_GCM_256,25321,21,32,2,success
244,SMK_Exchange_Flow,-,-,-,0,skipped_assumed_exists
244,deriveECUKey_AES_GCM_256,25421,21,32,2,success
245,SMK_Exchange_Flow,-,-,-,0,skipped_assumed_exists
245,deriveECUKey_AES_GCM_256,25521,21,32,2,success
246,SMK_Exchange_Flow,-,-,-,0,skipped_assumed_exists
246,deriveECUKey_AES_GCM_256,25621,21,32,2,success
247,SMK_Exchange_Flow,-,-,-,0,skipped_assumed_exists
247,deriveECUKey_AES_GCM_256,25721,21,32,2,success
248,SMK_Exchange_Flow,-,-,-,0,skipped_assumed_exists
248,deriveECUKey_AES_GCM_256,25821,21,32,2,success
249,SMK_Exchange_Flow,-,-,-,0,skipped_assumed_exists
249,deriveECUKey_AES_GCM_256,25921,21,32,2,success
250,SMK_Exchange_Flow,-,-,-,0,skipped_assumed_exists
250,deriveECUKey_AES_GCM_256,26021,21,32,2,success
251,SMK_Exchange_Flow,-,-,-,0,skipped_assumed_exists
251,deriveECUKey_AES_GCM_256,26121,21,32,2,success
252,SMK_Exchange_Flow,-,-,-,0,skipped_assumed_exists
252,deriveECUKey_AES_GCM_256,26221,21,32,2,success
253,SMK_Exchange_Flow,-,-,-,0,skipped_assumed_exists
253,deriveECUKey_AES_GCM_256,26321,21,32,2,success
254,SMK_Exchange_Flow,-,-,-,0,skipped_assumed_exists
254,deriveECUKey_AES_GCM_256,26421,21,32,2,success
255,SMK_Exchange_Flow,-,-,-,0,skipped_assumed_exists
255,deriveECUKey_AES_GCM_256,26521,21,32,2,success
256,SMK_Exchange_Flow,-,-,-,0,skipped_assumed_exists
256,deriveECUKey_AES_GCM_256,26621,21,32,2,success
257,SMK_Exchange_Flow,-,-,-,0,skipped_assumed_exists
257,deriveECUKey_AES_GCM_256,26721,21,32,2,success
258,SMK_Exchange_Flow,-,-,-,0,skipped_assumed_exists
258,deriveECUKey_AES_GCM_256,26821,21,32,2,success
259,SMK_Exchange_Flow,-,-,-,0,skipped_assumed_exists
259,deriveECUKey_AES_GCM_256,26921,21,32,2,success
260,SMK_Exchange_Flow,-,-,-,0,skipped_assumed_exists
260,deriveECUKey_AES_GCM_256,27021,21,32,2,success
261,SMK_Exchange_Flow,-,-,-,0,skipped_assumed_exists
261,deriveECUKey_AES_GCM_256,27121,21,32,2,success
262,SMK_Exchange_Flow,-,-,-,0,skipped_assumed_exists
262,deriveECUKey_AES_GCM_256,27221,21,32,2,success
263,SMK_Exchange_Flow,-,-,-,0,skipped_assumed_exists
263,deriveECUKey_AES_GCM_256,27321,21,32,2,success
264,SMK_Exchange_Flow,-,-,-,0,skipped_assumed_exists
264,deriveECUKey_AES_GCM_256,27421,21,32,2,success
265,SMK_Exchange_Flow,-,-,-,0,skipped_assumed_exists
265,deriveECUKey_AES_GCM_256,27521,21,32,2,success
266,SMK_Exchange_Flow,-,-,-,0,skipped_assumed_exists
266,deriveECUKey_AES_GCM_256,27621,21,32,2,success
267,SMK_Exchange_Flow,-,-,-,0,skipped_assumed_exists
267,deriveECUKey_AES_GCM_256,27721,21,32,2,success
268,SMK_Exchange_Flow,-,-,-,0,skipped_assumed_exists
268,deriveECUKey_AES_GCM_256,27821,21,32,2,success
269,SMK_Exchange_Flow,-,-,-,0,skipped_assumed_exists
269,deriveECUKey_AES_GCM_256,27921,21,32,2,success
270,SMK_Exchange_Flow,-,-,-,0,skipped_assumed_exists
270,deriveECUKey_AES_GCM_256,28021,21,32,2,success
271,SMK_Exchange_Flow,-,-,-,0,skipped_assumed_exists
271,deriveECUKey_AES_GCM_256,28121,21,32,2,success
272,SMK_Exchange_Flow,-,-,-,0,skipped_assumed_exists
272,deriveECUKey_AES_GCM_256,28221,21,32,2,success
273,SMK_Exchange_Flow,-,-,-,0,skipped_assumed_exists
273,deriveECUKey_AES_GCM_256,28321,21,32,2,success
274,SMK_Exchange_Flow,-,-,-,0,skipped_assumed_exists
274,deriveECUKey_AES_GCM_256,28421,21,32,2,success
275,SMK_Exchange_Flow,-,-,-,0,skipped_assumed_exists
275,deriveECUKey_AES_GCM_256,28521,21,32,2,success
276,SMK_Exchange_Flow,-,-,-,0,skipped_assumed_exists
276,deriveECUKey_AES_GCM_256,28621,21,32,2,success
277,SMK_Exchange_Flow,-,-,-,0,skipped_assumed_exists
277,deriveECUKey_AES_GCM_256,28721,21,32,2,success
278,SMK_Exchange_Flow,-,-,-,0,skipped_assumed_exists
278,deriveECUKey_AES_GCM_256,28821,21,32,2,success
279,SMK_Exchange_Flow,-,-,-,0,skipped_assumed_exists
279,deriveECUKey_AES_GCM_256,28921,21,32,2,success
280,SMK_Exchange_Flow,-,-,-,0,skipped_assumed_exists
280,deriveECUKey_AES_GCM_256,29021,21,32,2,success
281,SMK_Exchange_Flow,-,-,-,0,skipped_assumed_exists
281,deriveECUKey_AES_GCM_256,29121,21,32,2,success
282,SMK_Exchange_Flow,-,-,-,0,skipped_assumed_exists
282,deriveECUKey_AES_GCM_256,29221,21,32,2,success
283,SMK_Exchange_Flow,-,-,-,0,skipped_assumed_exists
283,deriveECUKey_AES_GCM_256,29321,21,32,2,success
284,SMK_Exchange_Flow,-,-,-,0,skipped_assumed_exists
284,deriveECUKey_AES_GCM_256,29421,21,32,2,success
285,SMK_Exchange_Flow,-,-,-,0,skipped_assumed_exists
285,deriveECUKey_AES_GCM_256,29521,21,32,2,success
286,SMK_Exchange_Flow,-,-,-,0,skipped_assumed_exists
286,deriveECUKey_AES_GCM_256,29621,21,32,2,success
287,SMK_Exchange_Flow,-,-,-,0,skipped_assumed_exists
287,deriveECUKey_AES_GCM_256,29721,21,32,2,success
288,SMK_Exchange_Flow,-,-,-,0,skipped_assumed_exists
288,deriveECUKey_AES_GCM_256,29821,21,32,2,success
289,SMK_Exchange_Flow,-,-,-,0,skipped_assumed_exists
289,deriveECUKey_AES_GCM_256,29921,21,32,2,success
290,SMK_Exchange_Flow,-,-,-,0,skipped_assumed_exists
290,deriveECUKey_AES_GCM_256,30021,21,32,2,success
291,SMK_Exchange_Flow,-,-,-,0,skipped_assumed_exists
291,deriveECUKey_AES_GCM_256,30121,21,32,2,success
292,SMK_Exchange_Flow,-,-,-,0,skipped_assumed_exists
292,deriveECUKey_AES_GCM_256,30221,21,32,2,success
293,SMK_Exchange_Flow,-,-,-,0,skipped_assumed_exists
293,deriveECUKey_AES_GCM_256,30321,21,32,2,success
294,SMK_Exchange_Flow,-,-,-,0,skipped_assumed_exists
294,deriveECUKey_AES_GCM_256,30421,21,32,2,success
295,SMK_Exchange_Flow,-,-,-,0,skipped_assumed_exists
295,deriveECUKey_AES_GCM_256,30521,21,32,2,success
296,SMK_Exchange_Flow,-,-,-,0,skipped_assumed_exists
296,deriveECUKey_AES_GCM_256,30621,21,32,2,success
297,SMK_Exchange_Flow,-,-,-,0,skipped_assumed_exists
297,deriveECUKey_AES_GCM_256,30721,21,32,2,success
298,SMK_Exchange_Flow,-,-,-,0,skipped_assumed_exists
298,deriveECUKey_AES_GCM_256,30821,21,32,2,success
299,SMK_Exchange_Flow,-,-,-,0,skipped_assumed_exists
299,deriveECUKey_AES_GCM_256,30921,21,32,2,success
300,SMK_Exchange_Flow,-,-,-,0,skipped_assumed_exists
300,deriveECUKey_AES_GCM_256,31021,21,32,2,success
301,SMK_Exchange_Flow,-,-,-,0,skipped_assumed_exists
301,deriveECUKey_AES_GCM_256,31121,21,32,2,success
302,SMK_Exchange_Flow,-,-,-,0,skipped_assumed_exists
302,deriveECUKey_AES_GCM_256,31221,21,32,2,success
303,SMK_Exchange_Flow,-,-,-,0,skipped_assumed_exists
303,deriveECUKey_AES_GCM_256,31321,21,32,2,success
304,SMK_Exchange_Flow,-,-,-,0,skipped_assumed_exists
304,deriveECUKey_AES_GCM_256,31421,21,32,2,success
305,SMK_Exchange_Flow,-,-,-,0,skipped_assumed_exists
305,deriveECUKey_AES_GCM_256,31521,21,32,2,success
306,SMK_Exchange_Flow,-,-,-,0,skipped_assumed_exists
306,deriveECUKey_AES_GCM_256,31621,21,32,2,success
307,SMK_Exchange_Flow,-,-,-,0,skipped_assumed_exists
307,deriveECUKey_AES_GCM_256,31721,21,32,2,success
308,SMK_Exchange_Flow,-,-,-,0,skipped_assumed_exists
308,deriveECUKey_AES_GCM_256,31821,21,32,2,success
309,SMK_Exchange_Flow,-,-,-,0,skipped_assumed_exists
309,deriveECUKey_AES_GCM_256,31921,21,32,2,success
310,SMK_Exchange_Flow,-,-,-,0,skipped_assumed_exists
310,deriveECUKey_AES_GCM_256,32021,21,32,2,success
311,SMK_Exchange_Flow,-,-,-,0,skipped_assumed_exists
311,deriveECUKey_AES_GCM_256,32121,21,32,2,success
312,SMK_Exchange_Flow,-,-,-,0,skipped_assumed_exists
312,deriveECUKey_AES_GCM_256,32221,21,32,2,success
313,SMK_Exchange_Flow,-,-,-,0,skipped_assumed_exists
313,deriveECUKey_AES_GCM_256,32321,21,32,2,success
314,SMK_Exchange_Flow,-,-,-,0,skipped_assumed_exists
314,deriveECUKey_AES_GCM_256,32421,21,32,2,success
315,SMK_Exchange_Flow,-,-,-,0,skipped_assumed_exists
315,deriveECUKey_AES_GCM_256,32521,21,32,2,success
316,SMK_Exchange_Flow,-,-,-,0,skipped_assumed_exists
316,deriveECUKey_AES_GCM_256,32621,21,32,2,success
317,SMK_Exchange_Flow,-,-,-,0,skipped_assumed_exists
317,deriveECUKey_AES_GCM_256,32721,21,32,2,success
318,SMK_Exchange_Flow,-,-,-,0,skipped_assumed_exists
318,deriveECUKey_AES_GCM_256,32821,21,32,2,success
319,SMK_Exchange_Flow,-,-,-,0,skipped_assumed_exists
319,deriveECUKey_AES_GCM_256,32921,21,32,2,success
320,SMK_Exchange_Flow,-,-,-,0,skipped_assumed_exists
320,deriveECUKey_AES_GCM_256,33021,21,32,2,success
321,SMK_Exchange_Flow,-,-,-,0,skipped_assumed_exists
321,deriveECUKey_AES_GCM_256,33121,21,32,2,success
322,SMK_Exchange_Flow,-,-,-,0,skipped_assumed_exists
322,deriveECUKey_AES_GCM_256,33221,21,32,2,success
323,SMK_Exchange_Flow,-,-,-,0,skipped_assumed_exists
323,deriveECUKey_AES_GCM_256,33321,21,32,2,success
324,SMK_Exchange_Flow,-,-,-,0,skipped_assumed_exists
324,deriveECUKey_AES_GCM_256,33421,21,32,2,success
325,SMK_Exchange_Flow,-,-,-,0,skipped_assumed_exists
325,deriveECUKey_AES_GCM_256,33521,21,32,2,success
326,SMK_Exchange_Flow,-,-,-,0,skipped_assumed_exists
326,deriveECUKey_AES_GCM_256,33621,21,32,2,success
327,SMK_Exchange_Flow,-,-,-,0,skipped_assumed_exists
327,deriveECUKey_AES_GCM_256,33721,21,32,2,success
328,SMK_Exchange_Flow,-,-,-,0,skipped_assumed_exists
328,deriveECUKey_AES_GCM_256,33821,21,32,2,success
329,SMK_Exchange_Flow,-,-,-,0,skipped_assumed_exists
329,deriveECUKey_AES_GCM_256,33921,21,32,2,success
330,SMK_Exchange_Flow,-,-,-,0,skipped_assumed_exists
330,deriveECUKey_AES_GCM_256,34021,21,32,2,success
331,SMK_Exchange_Flow,-,-,-,0,skipped_assumed_exists
331,deriveECUKey_AES_GCM_256,34121,21,32,2,success
332,SMK_Exchange_Flow,-,-,-,0,skipped_assumed_exists
332,deriveECUKey_AES_GCM_256,34221,21,32,2,success
333,SMK_Exchange_Flow,-,-,-,0,skipped_assumed_exists
333,deriveECUKey_AES_GCM_256,34321,21,32,2,success
334,SMK_Exchange_Flow,-,-,-,0,skipped_assumed_exists
334,deriveECUKey_AES_GCM_256,34421,21,32,2,success
335,SMK_Exchange_Flow,-,-,-,0,skipped_assumed_exists
335,deriveECUKey_AES_GCM_256,34521,21,32,2,success
336,SMK_Exchange_Flow,-,-,-,0,skipped_assumed_exists
336,deriveECUKey_AES_GCM_256,34621,21,32,2,success
337,SMK_Exchange_Flow,-,-,-,0,skipped_assumed_exists
337,deriveECUKey_AES_GCM_256,34721,21,32,2,success
338,SMK_Exchange_Flow,-,-,-,0,skipped_assumed_exists
338,deriveECUKey_AES_GCM_256,34821,21,32,2,success
339,SMK_Exchange_Flow,-,-,-,0,skipped_assumed_exists
339,deriveECUKey_AES_GCM_256,34921,21,32,2,success
340,SMK_Exchange_Flow,-,-,-,0,skipped_assumed_exists
340,deriveECUKey_AES_GCM_256,35021,21,32,2,success
341,SMK_Exchange_Flow,-,-,-,0,skipped_assumed_exists
341,deriveECUKey_AES_GCM_256,35121,21,32,2,success
342,SMK_Exchange_Flow,-,-,-,0,skipped_assumed_exists
342,deriveECUKey_AES_GCM_256,35221,21,32,2,success
343,SMK_Exchange_Flow,-,-,-,0,skipped_assumed_exists
343,deriveECUKey_AES_GCM_256,35321,21,32,2,success
344,SMK_Exchange_Flow,-,-,-,0,skipped_assumed_exists
344,deriveECUKey_AES_GCM_256,35421,21,32,2,success
345,SMK_Exchange_Flow,-,-,-,0,skipped_assumed_exists
345,deriveECUKey_AES_GCM_256,35521,21,32,2,success
346,SMK_Exchange_Flow,-,-,-,0,skipped_assumed_exists
346,deriveECUKey_AES_GCM_256,35621,21,32,2,success
347,SMK_Exchange_Flow,-,-,-,0,skipped_assumed_exists
347,deriveECUKey_AES_GCM_256,35721,21,32,2,success
348,SMK_Exchange_Flow,-,-,-,0,skipped_assumed_exists
348,deriveECUKey_AES_GCM_256,35821,21,32,2,success
349,SMK_Exchange_Flow,-,-,-,0,skipped_assumed_exists
349,deriveECUKey_AES_GCM_256,35921,21,32,2,success
350,SMK_Exchange_Flow,-,-,-,0,skipped_assumed_exists
350,deriveECUKey_AES_GCM_256,36021,21,32,2,success
351,SMK_Exchange_Flow,-,-,-,0,skipped_assumed_exists
351,deriveECUKey_AES_GCM_256,36121,21,32,2,success
352,SMK_Exchange_Flow,-,-,-,0,skipped_assumed_exists
352,deriveECUKey_AES_GCM_256,36221,21,32,2,success
353,SMK_Exchange_Flow,-,-,-,0,skipped_assumed_exists
353,deriveECUKey_AES_GCM_256,36321,21,32,2,success
354,SMK_Exchange_Flow,-,-,-,0,skipped_assumed_exists
354,deriveECUKey_AES_GCM_256,36421,21,32,2,success
355,SMK_Exchange_Flow,-,-,-,0,skipped_assumed_exists
355,deriveECUKey_AES_GCM_256,36521,21,32,2,success
356,SMK_Exchange_Flow,-,-,-,0,skipped_assumed_exists
356,deriveECUKey_AES_GCM_256,36621,21,32,2,success
357,SMK_Exchange_Flow,-,-,-,0,skipped_assumed_exists
357,deriveECUKey_AES_GCM_256,36721,21,32,2,success
358,SMK_Exchange_Flow,-,-,-,0,skipped_assumed_exists
358,deriveECUKey_AES_GCM_256,36821,21,32,2,success
359,SMK_Exchange_Flow,-,-,-,0,skipped_assumed_exists
359,deriveECUKey_AES_GCM_256,36921,21,32,2,success
360,SMK_Exchange_Flow,-,-,-,0,skipped_assumed_exists
360,deriveECUKey_AES_GCM_256,37021,21,32,2,success
361,SMK_Exchange_Flow,-,-,-,0,skipped_assumed_exists
361,deriveECUKey_AES_GCM_256,37121,21,32,2,success
362,SMK_Exchange_Flow,-,-,-,0,skipped_assumed_exists
362,deriveECUKey_AES_GCM_256,37221,21,32,2,success
363,SMK_Exchange_Flow,-,-,-,0,skipped_assumed_exists
363,deriveECUKey_AES_GCM_256,37321,21,32,2,success
364,SMK_Exchange_Flow,-,-,-,0,skipped_assumed_exists
364,deriveECUKey_AES_GCM_256,37421,21,32,2,success
365,SMK_Exchange_Flow,-,-,-,0,skipped_assumed_exists
365,deriveECUKey_AES_GCM_256,37521,21,32,2,success
366,SMK_Exchange_Flow,-,-,-,0,skipped_assumed_exists
366,deriveECUKey_AES_GCM_256,37621,21,32,2,success
367,SMK_Exchange_Flow,-,-,-,0,skipped_assumed_exists
367,deriveECUKey_AES_GCM_256,37721,21,32,2,success
368,SMK_Exchange_Flow,-,-,-,0,skipped_assumed_exists
368,deriveECUKey_AES_GCM_256,37821,21,32,2,success
369,SMK_Exchange_Flow,-,-,-,0,skipped_assumed_exists
369,deriveECUKey_AES_GCM_256,37921,21,32,2,success
370,SMK_Exchange_Flow,-,-,-,0,skipped_assumed_exists
370,deriveECUKey_AES_GCM_256,38021,21,32,2,success
371,SMK_Exchange_Flow,-,-,-,0,skipped_assumed_exists
371,deriveECUKey_AES_GCM_256,38121,21,32,2,success
372,SMK_Exchange_Flow,-,-,-,0,skipped_assumed_exists
372,deriveECUKey_AES_GCM_256,38221,21,32,2,success
373,SMK_Exchange_Flow,-,-,-,0,skipped_assumed_exists
373,deriveECUKey_AES_GCM_256,38321,21,32,2,success
374,SMK_Exchange_Flow,-,-,-,0,skipped_assumed_exists
374,deriveECUKey_AES_GCM_256,38421,21,32,2,success
375,SMK_Exchange_Flow,-,-,-,0,skipped_assumed_exists
375,deriveECUKey_AES_GCM_256,38521,21,32,2,success
376,SMK_Exchange_Flow,-,-,-,0,skipped_assumed_exists
376,deriveECUKey_AES_GCM_256,38621,21,32,2,success
377,SMK_Exchange_Flow,-,-,-,0,skipped_assumed_exists
377,deriveECUKey_AES_GCM_256,38721,21,32,2,success
378,SMK_Exchange_Flow,-,-,-,0,skipped_assumed_exists
378,deriveECUKey_AES_GCM_256,38821,21,32,2,success
379,SMK_Exchange_Flow,-,-,-,0,skipped_assumed_exists
379,deriveECUKey_AES_GCM_256,38921,21,32,2,success
380,SMK_Exchange_Flow,-,-,-,0,skipped_assumed_exists
380,deriveECUKey_AES_GCM_256,39021,21,32,2,success
381,SMK_Exchange_Flow,-,-,-,0,skipped_assumed_exists
381,deriveECUKey_AES_GCM_256,39121,21,32,2,success
382,SMK_Exchange_Flow,-,-,-,0,skipped_assumed_exists
382,deriveECUKey_AES_GCM_256,39221,21,32,2,success
383,SMK_Exchange_Flow,-,-,-,0,skipped_assumed_exists
383,deriveECUKey_AES_GCM_256,39321,21,32,2,success
384,SMK_Exchange_Flow,-,-,-,0,skipped_assumed_exists
384,deriveECUKey_AES_GCM_256,39421,21,32,2,success
385,SMK_Exchange_Flow,-,-,-,0,skipped_assumed_exists
385,deriveECUKey_AES_GCM_256,39521,21,32,2,success
386,SMK_Exchange_Flow,-,-,-,0,skipped_assumed_exists
386,deriveECUKey_AES_GCM_256,39621,21,32,2,success
387,SMK_Exchange_Flow,-,-,-,0,skipped_assumed_exists
387,deriveECUKey_AES_GCM_256,39721,21,32,2,success
388,SMK_Exchange_Flow,-,-,-,0,skipped_assumed_exists
388,deriveECUKey_AES_GCM_256,39821,21,32,2,success
389,SMK_Exchange_Flow,-,-,-,0,skipped_assumed_exists
389,deriveECUKey_AES_GCM_256,39921,21,32,2,success
390,SMK_Exchange_Flow,-,-,-,0,skipped_assumed_exists
390,deriveECUKey_AES_GCM_256,40021,21,32,2,success
391,SMK_Exchange_Flow,-,-,-,0,skipped_assumed_exists
391,deriveECUKey_AES_GCM_256,40121,21,32,2,success
392,SMK_Exchange_Flow,-,-,-,0,skipped_assumed_exists
392,deriveECUKey_AES_GCM_256,40221,21,32,2,success
393,SMK_Exchange_Flow,-,-,-,0,skipped_assumed_exists
393,deriveECUKey_AES_GCM_256,40321,21,32,2,success
394,SMK_Exchange_Flow,-,-,-,0,skipped_assumed_exists
394,deriveECUKey_AES_GCM_256,40421,21,32,2,success
395,SMK_Exchange_Flow,-,-,-,0,skipped_assumed_exists
395,deriveECUKey_AES_GCM_256,40521,21,32,2,success
396,SMK_Exchange_Flow,-,-,-,0,skipped_assumed_exists
396,deriveECUKey_AES_GCM_256,40621,21,32,2,success
397,SMK_Exchange_Flow,-,-,-,0,skipped_assumed_exists
397,deriveECUKey_AES_GCM_256,40721,21,32,2,success
398,SMK_Exchange_Flow,-,-,-,0,skipped_assumed_exists
398,deriveECUKey_AES_GCM_256,40821,21,32,2,success
399,SMK_Exchange_Flow,-,-,-,0,skipped_assumed_exists
399,deriveECUKey_AES_GCM_256,40921,21,32,2,success
400,SMK_Exchange_Flow,-,-,-,0,skipped_assumed_exists
400,deriveECUKey_AES_GCM_256,41021,21,32,2,success
401,SMK_Exchange_Flow,-,-,-,0,skipped_assumed_exists
401,deriveECUKey_AES_GCM_256,41121,21,32,2,success
402,SMK_Exchange_Flow,-,-,-,0,skipped_assumed_exists
402,deriveECUKey_AES_GCM_256,41221,21,32,2,success
403,SMK_Exchange_Flow,-,-,-,0,skipped_assumed_exists
403,deriveECUKey_AES_GCM_256,41321,21,32,2,success
404,SMK_Exchange_Flow,-,-,-,0,skipped_assumed_exists
404,deriveECUKey_AES_GCM_256,41421,21,32,2,success
405,SMK_Exchange_Flow,-,-,-,0,skipped_assumed_exists
405,deriveECUKey_AES_GCM_256,41521,21,32,2,success
406,SMK_Exchange_Flow,-,-,-,0,skipped_assumed_exists
406,deriveECUKey_AES_GCM_256,41621,21,32,2,success
407,SMK_Exchange_Flow,-,-,-,0,skipped_assumed_exists
407,deriveECUKey_AES_GCM_256,41721,21,32,2,success
408,SMK_Exchange_Flow,-,-,-,0,skipped_assumed_exists
408,deriveECUKey_AES_GCM_256,41821,21,32,2,success
409,SMK_Exchange_Flow,-,-,-,0,skipped_assumed_exists
409,deriveECUKey_AES_GCM_256,41921,21,32,2,success
410,SMK_Exchange_Flow,-,-,-,0,skipped_assumed_exists
410,deriveECUKey_AES_GCM_256,42021,21,32,2,success
411,SMK_Exchange_Flow,-,-,-,0,skipped_assumed_exists
411,deriveECUKey_AES_GCM_256,42121,21,32,2,success
412,SMK_Exchange_Flow,-,-,-,0,skipped_assumed_exists
412,deriveECUKey_AES_GCM_256,42221,21,32,2,success
413,SMK_Exchange_Flow,-,-,-,0,skipped_assumed_exists
413,deriveECUKey_AES_GCM_256,42321,21,32,2,success
414,SMK_Exchange_Flow,-,-,-,0,skipped_assumed_exists
414,deriveECUKey_AES_GCM_256,42421,21,32,2,success
415,SMK_Exchange_Flow,-,-,-,0,skipped_assumed_exists
415,deriveECUKey_AES_GCM_256,42521,21,32,2,success
416,SMK_Exchange_Flow,-,-,-,0,skipped_assumed_exists
416,deriveECUKey_AES_GCM_256,42621,21,32,2,success
417,SMK_Exchange_Flow,-,-,-,0,skipped_assumed_exists
417,deriveECUKey_AES_GCM_256,42721,21,32,2,success
418,SMK_Exchange_Flow,-,-,-,0,skipped_assumed_exists
418,deriveECUKey_AES_GCM_256,42821,21,32,2,success
419,SMK_Exchange_Flow,-,-,-,0,skipped_assumed_exists
419,deriveECUKey_AES_GCM_256,42921,21,32,2,success
420,SMK_Exchange_Flow,-,-,-,0,skipped_assumed_exists
420,deriveECUKey_AES_GCM_256,43021,21,32,2,success
421,SMK_Exchange_Flow,-,-,-,0,skipped_assumed_exists
421,deriveECUKey_AES_GCM_256,43121,21,32,2,success
422,SMK_Exchange_Flow,-,-,-,0,skipped_assumed_exists
422,deriveECUKey_AES_GCM_256,43221,21,32,2,success
423,SMK_Exchange_Flow,-,-,-,0,skipped_assumed_exists
423,deriveECUKey_AES_GCM_256,43321,21,32,2,success
424,SMK_Exchange_Flow,-,-,-,0,skipped_assumed_exists
424,deriveECUKey_AES_GCM_256,43421,21,32,2,success
425,SMK_Exchange_Flow,-,-,-,0,skipped_assumed_exists
425,deriveECUKey_AES_GCM_256,43521,21,32,2,success
426,SMK_Exchange_Flow,-,-,-,0,skipped_assumed_exists
426,deriveECUKey_AES_GCM_256,43621,21,32,2,success
427,SMK_Exchange_Flow,-,-,-,0,skipped_assumed_exists
427,deriveECUKey_AES_GCM_256,43721,21,32,2,success
428,SMK_Exchange_Flow,-,-,-,0,skipped_assumed_exists
428,deriveECUKey_AES_GCM_256,43821,21,32,2,success
429,SMK_Exchange_Flow,-,-,-,0,skipped_assumed_exists
429,deriveECUKey_AES_GCM_256,43921,21,32,2,success
430,SMK_Exchange_Flow,-,-,-,0,skipped_assumed_exists
430,deriveECUKey_AES_GCM_256,44021,21,32,2,success
431,SMK_Exchange_Flow,-,-,-,0,skipped_assumed_exists
431,deriveECUKey_AES_GCM_256,44121,21,32,2,success
432,SMK_Exchange_Flow,-,-,-,0,skipped_assumed_exists
432,deriveECUKey_AES_GCM_256,44221,21,32,2,success
433,SMK_Exchange_Flow,-,-,-,0,skipped_assumed_exists
433,deriveECUKey_AES_GCM_256,44321,21,32,2,success
434,SMK_Exchange_Flow,-,-,-,0,skipped_assumed_exists
434,deriveECUKey_AES_GCM_256,44421,21,32,2,success
435,SMK_Exchange_Flow,-,-,-,0,skipped_assumed_exists
435,deriveECUKey_AES_GCM_256,44521,21,32,2,success
436,SMK_Exchange_Flow,-,-,-,0,skipped_assumed_exists
436,deriveECUKey_AES_GCM_256,44621,21,32,2,success
437,SMK_Exchange_Flow,-,-,-,0,skipped_assumed_exists
437,deriveECUKey_AES_GCM_256,44721,21,32,2,success
438,SMK_Exchange_Flow,-,-,-,0,skipped_assumed_exists
438,deriveECUKey_AES_GCM_256,44821,21,32,2,success
439,SMK_Exchange_Flow,-,-,-,0,skipped_assumed_exists
439,deriveECUKey_AES_GCM_256,44921,21,32,2,success
440,SMK_Exchange_Flow,-,-,-,0,skipped_assumed_exists
440,deriveECUKey_AES_GCM_256,45021,21,32,2,success
441,SMK_Exchange_Flow,-,-,-,0,skipped_assumed_exists
441,deriveECUKey_AES_GCM_256,45121,21,32,2,success
442,SMK_Exchange_Flow,-,-,-,0,skipped_assumed_exists
442,deriveECUKey_AES_GCM_256,45221,21,32,2,success
443,SMK_Exchange_Flow,-,-,-,0,skipped_assumed_exists
443,deriveECUKey_AES_GCM_256,45321,21,32,2,success
444,SMK_Exchange_Flow,-,-,-,0,skipped_assumed_exists
444,deriveECUKey_AES_GCM_256,45421,21,32,2,success
445,SMK_Exchange_Flow,-,-,-,0,skipped_assumed_exists
445,deriveECUKey_AES_GCM_256,45521,21,32,2,success
446,SMK_Exchange_Flow,-,-,-,0,skipped_assumed_exists
446,deriveECUKey_AES_GCM_256,45621,21,32,2,success
447,SMK_Exchange_Flow,-,-,-,0,skipped_assumed_exists
447,deriveECUKey_AES_GCM_256,45721,21,32,2,success
448,SMK_Exchange_Flow,-,-,-,0,skipped_assumed_exists
448,deriveECUKey_AES_GCM_256,45821,21,32,2,success
449,SMK_Exchange_Flow,-,-,-,0,skipped_assumed_exists
449,deriveECUKey_AES_GCM_256,45921,21,32,2,success
450,SMK_Exchange_Flow,-,-,-,0,skipped_assumed_exists
450,deriveECUKey_AES_GCM_256,46021,21,32,2,success
451,SMK_Exchange_Flow,-,-,-,0,skipped_assumed_exists
451,deriveECUKey_AES_GCM_256,46121,21,32,2,success
452,SMK_Exchange_Flow,-,-,-,0,skipped_assumed_exists
452,deriveECUKey_AES_GCM_256,46221,21,32,2,success
453,SMK_Exchange_Flow,-,-,-,0,skipped_assumed_exists
453,deriveECUKey_AES_GCM_256,46321,21,32,2,success
454,SMK_Exchange_Flow,-,-,-,0,skipped_assumed_exists
454,deriveECUKey_AES_GCM_256,46421,21,32,2,success
455,SMK_Exchange_Flow,-,-,-,0,skipped_assumed_exists
455,deriveECUKey_AES_GCM_256,46521,21,32,2,success
456,SMK_Exchange_Flow,-,-,-,0,skipped_assumed_exists
456,deriveECUKey_AES_GCM_256,46621,21,32,2,success
457,SMK_Exchange_Flow,-,-,-,0,skipped_assumed_exists
457,deriveECUKey_AES_GCM_256,46721,21,32,2,success
458,SMK_Exchange_Flow,-,-,-,0,skipped_assumed_exists
458,deriveECUKey_AES_GCM_256,46821,21,32,2,success
459,SMK_Exchange_Flow,-,-,-,0,skipped_assumed_exists
459,deriveECUKey_AES_GCM_256,46921,21,32,2,success
460,SMK_Exchange_Flow,-,-,-,0,skipped_assumed_exists
460,deriveECUKey_AES_GCM_256,47021,21,32,2,success
461,SMK_Exchange_Flow,-,-,-,0,skipped_assumed_exists
461,deriveECUKey_AES_GCM_256,47121,21,32,2,success
462,SMK_Exchange_Flow,-,-,-,0,skipped_assumed_exists
462,deriveECUKey_AES_GCM_256,47221,21,32,2,success
463,SMK_Exchange_Flow,-,-,-,0,skipped_assumed_exists
463,deriveECUKey_AES_GCM_256,47321,21,32,2,success
464,SMK_Exchange_Flow,-,-,-,0,skipped_assumed_exists
464,deriveECUKey_AES_GCM_256,47421,21,32,2,success
465,SMK_Exchange_Flow,-,-,-,0,skipped_assumed_exists
465,deriveECUKey_AES_GCM_256,47521,21,32,2,success
466,SMK_Exchange_Flow,-,-,-,0,skipped_assumed_exists
466,deriveECUKey_AES_GCM_256,47621,21,32,2,success
467,SMK_Exchange_Flow,-,-,-,0,skipped_assumed_exists
467,deriveECUKey_AES_GCM_256,47721,21,32,2,success
468,SMK_Exchange_Flow,-,-,-,0,skipped_assumed_exists
468,deriveECUKey_AES_GCM_256,47821,21,32,2,success
469,SMK_Exchange_Flow,-,-,-,0,skipped_assumed_exists
469,deriveECUKey_AES_GCM_256,47921,21,32,2,success
470,SMK_Exchange_Flow,-,-,-,0,skipped_assumed_exists
470,deriveECUKey_AES_GCM_256,48021,21,32,2,success
471,SMK_Exchange_Flow,-,-,-,0,skipped_assumed_exists
471,deriveECUKey_AES_GCM_256,48121,21,32,2,success
472,SMK_Exchange_Flow,-,-,-,0,skipped_assumed_exists
472,deriveECUKey_AES_GCM_256,48221,21,32,2,success
473,SMK_Exchange_Flow,-,-,-,0,skipped_assumed_exists
473,deriveECUKey_AES_GCM_256,48321,21,32,2,success
474,SMK_Exchange_Flow,-,-,-,0,skipped_assumed_exists
474,deriveECUKey_AES_GCM_256,48421,21,32,2,success
475,SMK_Exchange_Flow,-,-,-,0,skipped_assumed_exists
475,deriveECUKey_AES_GCM_256,48521,21,32,2,success
476,SMK_Exchange_Flow,-,-,-,0,skipped_assumed_exists
476,deriveECUKey_AES_GCM_256,48621,21,32,2,success
477,SMK_Exchange_Flow,-,-,-,0,skipped_assumed_exists
477,deriveECUKey_AES_GCM_256,48721,21,32,2,success
478,SMK_Exchange_Flow,-,-,-,0,skipped_assumed_exists
478,deriveECUKey_AES_GCM_256,48821,21,32,2,success
479,SMK_Exchange_Flow,-,-,-,0,skipped_assumed_exists
479,deriveECUKey_AES_GCM_256,48921,21,32,2,success
480,SMK_Exchange_Flow,-,-,-,0,skipped_assumed_exists
480,deriveECUKey_AES_GCM_256,49021,21,32,2,success
481,SMK_Exchange_Flow,-,-,-,0,skipped_assumed_exists
481,deriveECUKey_AES_GCM_256,49121,21,32,2,success
482,SMK_Exchange_Flow,-,-,-,0,skipped_assumed_exists
482,deriveECUKey_AES_GCM_256,49221,21,32,2,success
483,SMK_Exchange_Flow,-,-,-,0,skipped_assumed_exists
483,deriveECUKey_AES_GCM_256,49321,21,32,2,success
484,SMK_Exchange_Flow,-,-,-,0,skipped_assumed_exists
484,deriveECUKey_AES_GCM_256,49421,21,32,2,success
485,SMK_Exchange_Flow,-,-,-,0,skipped_assumed_exists
485,deriveECUKey_AES_GCM_256,49521,21,32,2,success
486,SMK_Exchange_Flow,-,-,-,0,skipped_assumed_exists
486,deriveECUKey_AES_GCM_256,49621,21,32,2,success
487,SMK_Exchange_Flow,-,-,-,0,skipped_assumed_exists
487,deriveECUKey_AES_GCM_256,49721,21,32,2,success
488,SMK_Exchange_Flow,-,-,-,0,skipped_assumed_exists
488,deriveECUKey_AES_GCM_256,49821,21,32,2,success
489,SMK_Exchange_Flow,-,-,-,0,skipped_assumed_exists
489,deriveECUKey_AES_GCM_256,49921,21,32,2,success
490,SMK_Exchange_Flow,-,-,-,0,skipped_assumed_exists
490,deriveECUKey_AES_GCM_256,50021,21,32,2,success
491,SMK_Exchange_Flow,-,-,-,0,skipped_assumed_exists
491,deriveECUKey_AES_GCM_256,50121,21,32,2,success
492,SMK_Exchange_Flow,-,-,-,0,skipped_assumed_exists
492,deriveECUKey_AES_GCM_256,50221,21,32,2,success
493,SMK_Exchange_Flow,-,-,-,0,skipped_assumed_exists
493,deriveECUKey_AES_GCM_256,50321,21,32,2,success
494,SMK_Exchange_Flow,-,-,-,0,skipped_assumed_exists
494,deriveECUKey_AES_GCM_256,50421,21,32,2,success
495,SMK_Exchange_Flow,-,-,-,0,skipped_assumed_exists
495,deriveECUKey_AES_GCM_256,50521,21,32,2,success
496,SMK_Exchange_Flow,-,-,-,0,skipped_assumed_exists
496,deriveECUKey_AES_GCM_256,50621,21,32,2,success
497,SMK_Exchange_Flow,-,-,-,0,skipped_assumed_exists
497,deriveECUKey_AES_GCM_256,50721,21,32,2,success
498,SMK_Exchange_Flow,-,-,-,0,skipped_assumed_exists
498,deriveECUKey_AES_GCM_256,50821,21,32,2,success
499,SMK_Exchange_Flow,-,-,-,0,skipped_assumed_exists
499,deriveECUKey_AES_GCM_256,50921,21,32,2,success
500,SMK_Exchange_Flow,-,-,-,0,skipped_assumed_exists
500,deriveECUKey_AES_GCM_256,51021,21,32,2,success
501,SMK_Exchange_Flow,-,-,-,0,skipped_assumed_exists
501,deriveECUKey_AES_GCM_256,51121,21,32,2,success
502,SMK_Exchange_Flow,-,-,-,0,skipped_assumed_exists
502,deriveECUKey_AES_GCM_256,51221,21,32,2,success
503,SMK_Exchange_Flow,-,-,-,0,skipped_assumed_exists
503,deriveECUKey_AES_GCM_256,51321,21,32,2,success
504,SMK_Exchange_Flow,-,-,-,0,skipped_assumed_exists
504,deriveECUKey_AES_GCM_256,51421,21,32,2,success
505,SMK_Exchange_Flow,-,-,-,0,skipped_assumed_exists
505,deriveECUKey_AES_GCM_256,51521,21,32,2,success
506,SMK_Exchange_Flow,-,-,-,0,skipped_assumed_exists
506,deriveECUKey_AES_GCM_256,51621,21,32,2,success
507,SMK_Exchange_Flow,-,-,-,0,skipped_assumed_exists
507,deriveECUKey_AES_GCM_256,51721,21,32,2,success
508,SMK_Exchange_Flow,-,-,-,0,skipped_assumed_exists
508,deriveECUKey_AES_GCM_256,51821,21,32,2,success
509,SMK_Exchange_Flow,-,-,-,0,skipped_assumed_exists
509,deriveECUKey_AES_GCM_256,51921,21,32,2,success
510,SMK_Exchange_Flow,-,-,-,0,skipped_assumed_exists
510,deriveECUKey_AES_GCM_256,52021,21,32,2,success
511,SMK_Exchange_Flow,-,-,-,0,skipped_assumed_exists
511,deriveECUKey_AES_GCM_256,52121,21,32,2,success
512,SMK_Exchange_Flow,-,-,-,0,skipped_assumed_exists
512,deriveECUKey_AES_GCM_256,52221,21,32,2,success
513,SMK_Exchange_Flow,-,-,-,0,skipped_assumed_exists
513,deriveECUKey_AES_GCM_256,52321,21,32,2,success
514,SMK_Exchange_Flow,-,-,-,0,skipped_assumed_exists
514,deriveECUKey_AES_GCM_256,52421,21,32,2,success
515,SMK_Exchange_Flow,-,-,-,0,skipped_assumed_exists
515,deriveECUKey_AES_GCM_256,52521,21,32,2,success
516,SMK_Exchange_Flow,-,-,-,0,skipped_assumed_exists
516,deriveECUKey_AES_GCM_256,52621,21,32,2,success
517,SMK_Exchange_Flow,-,-,-,0,skipped_assumed_exists
517,deriveECUKey_AES_GCM_256,52721,21,32,2,success
518,SMK_Exchange_Flow,-,-,-,0,skipped_assumed_exists
518,deriveECUKey_AES_GCM_256,52821,21,32,2,success
519,SMK_Exchange_Flow,-,-,-,0,skipped_assumed_exists
519,deriveECUKey_AES_GCM_256,52921,21,32,2,success
520,SMK_Exchange_Flow,-,-,-,0,skipped_assumed_exists
520,deriveECUKey_AES_GCM_256,53021,21,32,2,success
521,SMK_Exchange_Flow,-,-,-,0,skipped_assumed_exists
521,deriveECUKey_AES_GCM_256,53121,21,32,2,success
522,SMK_Exchange_Flow,-,-,-,0,skipped_assumed_exists
522,deriveECUKey_AES_GCM_256,53221,21,32,2,success
523,SMK_Exchange_Flow,-,-,-,0,skipped_assumed_exists
523,deriveECUKey_AES_GCM_256,53321,21,32,2,success
524,SMK_Exchange_Flow,-,-,-,0,skipped_assumed_exists
524,deriveECUKey_AES_GCM_256,53421,21,32,2,success
525,SMK_Exchange_Flow,-,-,-,0,skipped_assumed_exists
525,deriveECUKey_AES_GCM_256,53521,21,32,2,success
526,SMK_Exchange_Flow,-,-,-,0,skipped_assumed_exists
526,deriveECUKey_AES_GCM_256,53621,21,32,2,success
527,SMK_Exchange_Flow,-,-,-,0,skipped_assumed_exists
527,deriveECUKey_AES_GCM_256,53721,21,32,2,success
528,SMK_Exchange_Flow,-,-,-,0,skipped_assumed_exists
528,deriveECUKey_AES_GCM_256,53821,21,32,2,success
529,SMK_Exchange_Flow,-,-,-,0,skipped_assumed_exists
529,deriveECUKey_AES_GCM_256,53921,21,32,2,success
530,SMK_Exchange_Flow,-,-,-,0,skipped_assumed_exists
530,deriveECUKey_AES_GCM_256,54021,21,32,2,success
531,SMK_Exchange_Flow,-,-,-,0,skipped_assumed_exists
531,deriveECUKey_AES_GCM_256,54121,21,32,2,success
532,SMK_Exchange_Flow,-,-,-,0,skipped_assumed_exists
532,deriveECUKey_AES_GCM_256,54221,21,32,2,success
533,SMK_Exchange_Flow,-,-,-,0,skipped_assumed_exists
533,deriveECUKey_AES_GCM_256,54321,21,32,2,success
534,SMK_Exchange_Flow,-,-,-,0,skipped_assumed_exists
534,deriveECUKey_AES_GCM_256,54421,21,32,2,success
535,SMK_Exchange_Flow,-,-,-,0,skipped_assumed_exists
535,deriveECUKey_AES_GCM_256,54521,21,32,2,success
536,SMK_Exchange_Flow,-,-,-,0,skipped_assumed_exists
536,deriveECUKey_AES_GCM_256,54621,21,32,2,success
537,SMK_Exchange_Flow,-,-,-,0,skipped_assumed_exists
537,deriveECUKey_AES_GCM_256,54721,21,32,2,success
538,SMK_Exchange_Flow,-,-,-,0,skipped_assumed_exists
538,deriveECUKey_AES_GCM_256,54821,21,32,2,success
539,SMK_Exchange_Flow,-,-,-,0,skipped_assumed_exists
539,deriveECUKey_AES_GCM_256,54921,21,32,2,success
540,SMK_Exchange_Flow,-,-,-,0,skipped_assumed_exists
540,deriveECUKey_AES_GCM_256,55021,21,32,2,success
541,SMK_Exchange_Flow,-,-,-,0,skipped_assumed_exists
541,deriveECUKey_AES_GCM_256,55121,21,32,2,success
542,SMK_Exchange_Flow,-,-,-,0,skipped_assumed_exists
542,deriveECUKey_AES_GCM_256,55221,21,32,2,success
543,SMK_Exchange_Flow,-,-,-,0,skipped_assumed_exists
543,deriveECUKey_AES_GCM_256,55321,21,32,2,success
544,SMK_Exchange_Flow,-,-,-,0,skipped_assumed_exists
544,deriveECUKey_AES_GCM_256,55421,21,32,2,success
545,SMK_Exchange_Flow,-,-,-,0,skipped_assumed_exists
545,deriveECUKey_AES_GCM_256,55521,21,32,2,success
546,SMK_Exchange_Flow,-,-,-,0,skipped_assumed_exists
546,deriveECUKey_AES_GCM_256,55621,21,32,2,success
547,SMK_Exchange_Flow,-,-,-,0,skipped_assumed_exists
547,deriveECUKey_AES_GCM_256,55721,21,32,2,success
548,SMK_Exchange_Flow,-,-,-,0,skipped_assumed_exists
548,deriveECUKey_AES_GCM_256,55821,21,32,2,success
549,SMK_Exchange_Flow,-,-,-,0,skipped_assumed_exists
549,deriveECUKey_AES_GCM_256,55921,21,32,2,success
550,SMK_Exchange_Flow,-,-,-,0,skipped_assumed_exists
550,deriveECUKey_AES_GCM_256,56021,21,32,2,success
551,SMK_Exchange_Flow,-,-,-,0,skipped_assumed_exists
551,deriveECUKey_AES_GCM_256,56121,21,32,2,success
552,SMK_Exchange_Flow,-,-,-,0,skipped_assumed_exists
552,deriveECUKey_AES_GCM_256,56221,21,32,2,success
553,SMK_Exchange_Flow,-,-,-,0,skipped_assumed_exists
553,deriveECUKey_AES_GCM_256,56321,21,32,2,success
554,SMK_Exchange_Flow,-,-,-,0,skipped_assumed_exists
554,deriveECUKey_AES_GCM_256,56421,21,32,2,success
555,SMK_Exchange_Flow,-,-,-,0,skipped_assumed_exists
555,deriveECUKey_AES_GCM_256,56521,21,32,2,success
556,SMK_Exchange_Flow,-,-,-,0,skipped_assumed_exists
556,deriveECUKey_AES_GCM_256,56621,21,32,2,success
557,SMK_Exchange_Flow,-,-,-,0,skipped_assumed_exists
557,deriveECUKey_AES_GCM_256,56721,21,32,2,success
558,SMK_Exchange_Flow,-,-,-,0,skipped_assumed_exists
558,deriveECUKey_AES_GCM_256,56821,21,32,2,success
559,SMK_Exchange_Flow,-,-,-,0,skipped_assumed_exists
559,deriveECUKey_AES_GCM_256,56921,21,32,2,success
560,SMK_Exchange_Flow,-,-,-,0,skipped_assumed_exists
560,deriveECUKey_AES_GCM_256,57021,21,32,2,success
561,SMK_Exchange_Flow,-,-,-,0,skipped_assumed_exists
561,deriveECUKey_AES_GCM_256,57121,21,32,2,success
562,SMK_Exchange_Flow,-,-,-,0,skipped_assumed_exists
562,deriveECUKey_AES_GCM_256,57221,21,32,2,success
563,SMK_Exchange_Flow,-,-,-,0,skipped_assumed_exists
563,deriveECUKey_AES_GCM_256,57321,21,32,2,success
564,SMK_Exchange_Flow,-,-,-,0,skipped_assumed_exists
564,deriveECUKey_AES_GCM_256,57421,21,32,2,success
565,SMK_Exchange_Flow,-,-,-,0,skipped_assumed_exists
565,deriveECUKey_AES_GCM_256,57521,21,32,2,success
566,SMK_Exchange_Flow,-,-,-,0,skipped_assumed_exists
566,deriveECUKey_AES_GCM_256,57621,21,32,2,success
567,SMK_Exchange_Flow,-,-,-,0,skipped_assumed_exists
567,deriveECUKey_AES_GCM_256,57721,21,32,2,success
568,SMK_Exchange_Flow,-,-,-,0,skipped_assumed_exists
568,deriveECUKey_AES_GCM_256,57821,21,32,2,success
569,SMK_Exchange_Flow,-,-,-,0,skipped_assumed_exists
569,deriveECUKey_AES_GCM_256,57921,21,32,2,success
570,SMK_Exchange_Flow,-,-,-,0,skipped_assumed_exists
570,deriveECUKey_AES_GCM_256,58021,21,32,2,success
571,SMK_Exchange_Flow,-,-,-,0,skipped_assumed_exists
571,deriveECUKey_AES_GCM_256,58121,21,32,2,success
572,SMK_Exchange_Flow,-,-,-,0,skipped_assumed_exists
572,deriveECUKey_AES_GCM_256,58221,21,32,2,success
573,SMK_Exchange_Flow,-,-,-,0,skipped_assumed_exists
573,deriveECUKey_AES_GCM_256,58321,21,32,2,success
574,SMK_Exchange_Flow,-,-,-,0,skipped_assumed_exists
574,deriveECUKey_AES_GCM_256,58421,21,32,2,success
575,SMK_Exchange_Flow,-,-,-,0,skipped_assumed_exists
575,deriveECUKey_AES_GCM_256,58521,21,32,2,success
576,SMK_Exchange_Flow,-,-,-,0,skipped_assumed_exists
576,deriveECUKey_AES_GCM_256,58621,21,32,2,success
577,SMK_Exchange_Flow,-,-,-,0,skipped_assumed_exists
577,deriveECUKey_AES_GCM_256,58721,21,32,2,success
578,SMK_Exchange_Flow,-,-,-,0,skipped_assumed_exists
578,deriveECUKey_AES_GCM_256,58821,21,32,2,success
579,SMK_Exchange_Flow,-,-,-,0,skipped_assumed_exists
579,deriveECUKey_AES_GCM_256,58921,21,32,2,success
580,SMK_Exchange_Flow,-,-,-,0,skipped_assumed_exists
580,deriveECUKey_AES_GCM_256,59021,21,32,2,success
581,SMK_Exchange_Flow,-,-,-,0,skipped_assumed_exists
581,deriveECUKey_AES_GCM_256,59121,21,32,2,success
582,SMK_Exchange_Flow,-,-,-,0,skipped_assumed_exists
582,deriveECUKey_AES_GCM_256,59221,21,32,2,success
583,SMK_Exchange_Flow,-,-,-,0,skipped_assumed_exists
583,deriveECUKey_AES_GCM_256,59321,21,32,2,success
584,SMK_Exchange_Flow,-,-,-,0,skipped_assumed_exists
584,deriveECUKey_AES_GCM_256,59421,21,32,2,success
585,SMK_Exchange_Flow,-,-,-,0,skipped_assumed_exists
585,deriveECUKey_AES_GCM_256,59521,21,32,2,success
586,SMK_Exchange_Flow,-,-,-,0,skipped_assumed_exists
586,deriveECUKey_AES_GCM_256,59621,21,32,2,success
587,SMK_Exchange_Flow,-,-,-,0,skipped_assumed_exists
587,deriveECUKey_AES_GCM_256,59721,21,32,2,success
588,SMK_Exchange_Flow,-,-,-,0,skipped_assumed_exists
588,deriveECUKey_AES_GCM_256,59821,21,32,2,success
589,SMK_Exchange_Flow,-,-,-,0,skipped_assumed_exists
589,deriveECUKey_AES_GCM_256,59921,21,32,2,success
590,SMK_Exchange_Flow,-,-,-,0,skipped_assumed_exists
590,deriveECUKey_AES_GCM_256,60021,21,32,2,success
591,SMK_Exchange_Flow,-,-,-,0,skipped_assumed_exists
591,deriveECUKey_AES_GCM_256,60121,21,32,2,success
592,SMK_Exchange_Flow,-,-,-,0,skipped_assumed_exists
592,deriveECUKey_AES_GCM_256,60221,21,32,2,success
593,SMK_Exchange_Flow,-,-,-,0,skipped_assumed_exists
593,deriveECUKey_AES_GCM_256,60321,21,32,2,success
594,SMK_Exchange_Flow,-,-,-,0,skipped_assumed_exists
594,deriveECUKey_AES_GCM_256,60421,21,32,2,success
595,SMK_Exchange_Flow,-,-,-,0,skipped_assumed_exists
595,deriveECUKey_AES_GCM_256,60521,21,32,2,success
596,SMK_Exchange_Flow,-,-,-,0,skipped_assumed_exists
596,deriveECUKey_AES_GCM_256,60621,21,32,2,success
597,SMK_Exchange_Flow,-,-,-,0,skipped_assumed_exists
597,deriveECUKey_AES_GCM_256,60721,21,32,2,success
598,SMK_Exchange_Flow,-,-,-,0,skipped_assumed_exists
598,deriveECUKey_AES_GCM_256,60821,21,32,2,success
599,SMK_Exchange_Flow,-,-,-,0,skipped_assumed_exists
599,deriveECUKey_AES_GCM_256,60921,21,32,2,success
600,SMK_Exchange_Flow,-,-,-,0,skipped_assumed_exists
600,deriveECUKey_AES_GCM_256,61021,21,32,2,success
601,SMK_Exchange_Flow,-,-,-,0,skipped_assumed_exists
601,deriveECUKey_AES_GCM_256,61121,21,32,2,success
602,SMK_Exchange_Flow,-,-,-,0,skipped_assumed_exists
602,deriveECUKey_AES_GCM_256,61221,21,32,2,success
603,SMK_Exchange_Flow,-,-,-,0,skipped_assumed_exists
603,deriveECUKey_AES_GCM_256,61321,21,32,2,success
604,SMK_Exchange_Flow,-,-,-,0,skipped_assumed_exists
604,deriveECUKey_AES_GCM_256,61421,21,32,2,success
605,SMK_Exchange_Flow,-,-,-,0,skipped_assumed_exists
605,deriveECUKey_AES_GCM_256,61521,21,32,2,success
606,SMK_Exchange_Flow,-,-,-,0,skipped_assumed_exists
606,deriveECUKey_AES_GCM_256,61621,21,32,2,success
607,SMK_Exchange_Flow,-,-,-,0,skipped_assumed_exists
607,deriveECUKey_AES_GCM_256,61721,21,32,2,success
608,SMK_Exchange_Flow,-,-,-,0,skipped_assumed_exists
608,deriveECUKey_AES_GCM_256,61821,21,32,2,success
609,SMK_Exchange_Flow,-,-,-,0,skipped_assumed_exists
609,deriveECUKey_AES_GCM_256,61921,21,32,2,success
610,SMK_Exchange_Flow,-,-,-,0,skipped_assumed_exists
610,deriveECUKey_AES_GCM_256,62021,21,32,2,success
611,SMK_Exchange_Flow,-,-,-,0,skipped_assumed_exists
611,deriveECUKey_AES_GCM_256,62121,21,32,2,success
612,SMK_Exchange_Flow,-,-,-,0,skipped_assumed_exists
612,deriveECUKey_AES_GCM_256,62221,21,32,2,success
613,SMK_Exchange_Flow,-,-,-,0,skipped_assumed_exists
613,deriveECUKey_AES_GCM_256,62321,21,32,2,success
614,SMK_Exchange_Flow,-,-,-,0,skipped_assumed_exists
614,deriveECUKey_AES_GCM_256,62421,21,32,2,success
615,SMK_Exchange_Flow,-,-,-,0,skipped_assumed_exists
615,deriveECUKey_AES_GCM_256,62521,21,32,2,success
616,SMK_Exchange_Flow,-,-,-,0,skipped_assumed_exists
616,deriveECUKey_AES_GCM_256,62621,21,32,2,success
617,SMK_Exchange_Flow,-,-,-,0,skipped_assumed_exists
617,deriveECUKey_AES_GCM_256,62721,21,32,2,success
618,SMK_Exchange_Flow,-,-,-,0,skipped_assumed_exists
618,deriveECUKey_AES_GCM_256,62821,21,32,2,success
619,SMK_Exchange_Flow,-,-,-,0,skipped_assumed_exists
619,deriveECUKey_AES_GCM_256,62921,21,32,2,success
620,SMK_Exchange_Flow,-,-,-,0,skipped_assumed_exists
620,deriveECUKey_AES_GCM_256,63021,21,32,2,success
621,SMK_Exchange_Flow,-,-,-,0,skipped_assumed_exists
621,deriveECUKey_AES_GCM_256,63121,21,32,2,success
622,SMK_Exchange_Flow,-,-,-,0,skipped_assumed_exists
622,deriveECUKey_AES_GCM_256,63221,21,32,2,success
623,SMK_Exchange_Flow,-,-,-,0,skipped_assumed_exists
623,deriveECUKey_AES_GCM_256,63321,21,32,2,success
624,SMK_Exchange_Flow,-,-,-,0,skipped_assumed_exists
624,deriveECUKey_AES_GCM_256,63421,21,32,2,success
625,SMK_Exchange_Flow,-,-,-,0,skipped_assumed_exists
625,deriveECUKey_AES_GCM_256,63521,21,32,2,success
626,SMK_Exchange_Flow,-,-,-,0,skipped_assumed_exists
626,deriveECUKey_AES_GCM_256,63621,21,32,2,success
627,SMK_Exchange_Flow,-,-,-,0,skipped_assumed_exists
627,deriveECUKey_AES_GCM_256,63721,21,32,2,success
628,SMK_Exchange_Flow,-,-,-,0,skipped_assumed_exists
628,deriveECUKey_AES_GCM_256,63821,21,32,2,success
629,SMK_Exchange_Flow,-,-,-,0,skipped_assumed_exists
629,deriveECUKey_AES_GCM_256,63921,21,32,2,success
630,SMK_Exchange_Flow,-,-,-,0,skipped_assumed_exists
630,deriveECUKey_AES_GCM_256,64021,21,32,2,success
631,SMK_Exchange_Flow,-,-,-,0,skipped_assumed_exists
631,deriveECUKey_AES_GCM_256,64121,21,32,2,success
632,SMK_Exchange_Flow,-,-,-,0,skipped_assumed_exists
632,deriveECUKey_AES_GCM_256,64221,21,32,2,success
633,SMK_Exchange_Flow,-,-,-,0,skipped_assumed_exists
633,deriveECUKey_AES_GCM_256,64321,21,32,2,success
634,SMK_Exchange_Flow,-,-,-,0,skipped_assumed_exists
634,deriveECUKey_AES_GCM_256,64421,21,32,2,success
635,SMK_Exchange_Flow,-,-,-,0,skipped_assumed_exists
635,deriveECUKey_AES_GCM_256,64521,21,32,2,success
636,SMK_Exchange_Flow,-,-,-,0,skipped_assumed_exists
636,deriveECUKey_AES_GCM_256,64621,21,32,2,success
637,SMK_Exchange_Flow,-,-,-,0,skipped_assumed_exists
637,deriveECUKey_AES_GCM_256,64721,21,32,2,success
638,SMK_Exchange_Flow,-,-,-,0,skipped_assumed_exists
638,deriveECUKey_AES_GCM_256,64821,21,32,2,success
639,SMK_Exchange_Flow,-,-,-,0,skipped_assumed_exists
639,deriveECUKey_AES_GCM_256,64921,21,32,2,success
640,SMK_Exchange_Flow,-,-,-,0,skipped_assumed_exists
640,deriveECUKey_AES_GCM_256,65021,21,32,2,success
641,SMK_Exchange_Flow,-,-,-,0,skipped_assumed_exists
641,deriveECUKey_AES_GCM_256,65121,21,32,2,success
642,SMK_Exchange_Flow,-,-,-,0,skipped_assumed_exists
642,deriveECUKey_AES_GCM_256,65221,21,32,2,success
643,SMK_Exchange_Flow,-,-,-,0,skipped_assumed_exists
643,deriveECUKey_AES_GCM_256,65321,21,32,2,success
644,SMK_Exchange_Flow,-,-,-,0,skipped_assumed_exists
644,deriveECUKey_AES_GCM_256,65421,21,32,2,success
645,SMK_Exchange_Flow,-,-,-,0,skipped_assumed_exists
645,deriveECUKey_AES_GCM_256,65521,21,32,2,success
646,SMK_Exchange_Flow,-,-,-,0,skipped_assumed_exists
646,deriveECUKey_AES_GCM_256,65621,21,32,2,success
647,SMK_Exchange_Flow,-,-,-,0,skipped_assumed_exists
647,deriveECUKey_AES_GCM_256,65721,21,32,2,success
648,SMK_Exchange_Flow,-,-,-,0,skipped_assumed_exists
648,deriveECUKey_AES_GCM_256,65821,21,32,2,success
649,SMK_Exchange_Flow,-,-,-,0,skipped_assumed_exists
649,deriveECUKey_AES_GCM_256,65921,21,32,2,success
650,SMK_Exchange_Flow,-,-,-,0,skipped_assumed_exists
650,deriveECUKey_AES_GCM_256,66021,21,32,2,success
651,SMK_Exchange_Flow,-,-,-,0,skipped_assumed_exists
651,deriveECUKey_AES_GCM_256,66121,21,32,2,success
652,SMK_Exchange_Flow,-,-,-,0,skipped_assumed_exists
652,deriveECUKey_AES_GCM_256,66221,21,32,2,success
653,SMK_Exchange_Flow,-,-,-,0,skipped_assumed_exists
653,deriveECUKey_AES_GCM_256,66321,21,32,2,success
654,SMK_Exchange_Flow,-,-,-,0,skipped_assumed_exists
654,deriveECUKey_AES_GCM_256,66421,21,32,2,success
655,SMK_Exchange_Flow,-,-,-,0,skipped_assumed_exists
655,deriveECUKey_AES_GCM_256,66521,21,32,2,success
656,SMK_Exchange_Flow,-,-,-,0,skipped_assumed_exists
656,deriveECUKey_AES_GCM_256,66621,21,32,2,success
657,SMK_Exchange_Flow,-,-,-,0,skipped_assumed_exists
657,deriveECUKey_AES_GCM_256,66721,21,32,2,success
658,SMK_Exchange_Flow,-,-,-,0,skipped_assumed_exists
658,deriveECUKey_AES_GCM_256,66821,21,32,2,success
659,SMK_Exchange_Flow,-,-,-,0,skipped_assumed_exists
659,deriveECUKey_AES_GCM_256,66921,21,32,2,success
660,SMK_Exchange_Flow,-,-,-,0,skipped_assumed_exists
660,deriveECUKey_AES_GCM_256,67021,21,32,2,success
661,SMK_Exchange_Flow,-,-,-,0,skipped_assumed_exists
661,deriveECUKey_AES_GCM_256,67121,21,32,2,success
662,SMK_Exchange_Flow,-,-,-,0,skipped_assumed_exists
662,deriveECUKey_AES_GCM_256,67221,21,32,2,success
663,SMK_Exchange_Flow,-,-,-,0,skipped_assumed_exists
663,deriveECUKey_AES_GCM_256,67321,21,32,2,success
664,SMK_Exchange_Flow,-,-,-,0,skipped_assumed_exists
664,deriveECUKey_AES_GCM_256,67421,21,32,2,success
665,SMK_Exchange_Flow,-,-,-,0,skipped_assumed_exists
665,deriveECUKey_AES_GCM_256,67521,21,32,2,success
666,SMK_Exchange_Flow,-,-,-,0,skipped_assumed_exists
666,deriveECUKey_AES_GCM_256,67621,21,32,2,success
667,SMK_Exchange_Flow,-,-,-,0,skipped_assumed_exists
667,deriveECUKey_AES_GCM_256,67721,21,32,2,success
668,SMK_Exchange_Flow,-,-,-,0,skipped_assumed_exists
668,deriveECUKey_AES_GCM_256,67821,21,32,2,success
669,SMK_Exchange_Flow,-,-,-,0,skipped_assumed_exists
669,deriveECUKey_AES_GCM_256,67921,21,32,2,success
670,SMK_Exchange_Flow,-,-,-,0,skipped_assumed_exists
670,deriveECUKey_AES_GCM_256,68021,21,32,2,success
671,SMK_Exchange_Flow,-,-,-,0,skipped_assumed_exists
671,deriveECUKey_AES_GCM_256,68121,21,32,2,success
672,SMK_Exchange_Flow,-,-,-,0,skipped_assumed_exists
672,deriveECUKey_AES_GCM_256,68221,21,32,2,success
673,SMK_Exchange_Flow,-,-,-,0,skipped_assumed_exists
673,deriveECUKey_AES_GCM_256,68321,21,32,2,success
674,SMK_Exchange_Flow,-,-,-,0,skipped_assumed_exists
674,deriveECUKey_AES_GCM_256,68421,21,32,2,success
675,SMK_Exchange_Flow,-,-,-,0,skipped_assumed_exists
675,deriveECUKey_AES_GCM_256,68521,21,32,2,success
676,SMK_Exchange_Flow,-,-,-,0,skipped_assumed_exists
676,deriveECUKey_AES_GCM_256,68621,21,32,2,success
677,SMK_Exchange_Flow,-,-,-,0,skipped_assumed_exists
677,deriveECUKey_AES_GCM_256,68721,21,32,2,success
678,SMK_Exchange_Flow,-,-,-,0,skipped_assumed_exists
678,deriveECUKey_AES_GCM_256,68821,21,32,2,success
679,SMK_Exchange_Flow,-,-,-,0,skipped_assumed_exists
679,deriveECUKey_AES_GCM_256,68921,21,32,2,success
680,SMK_Exchange_Flow,-,-,-,0,skipped_assumed_exists
680,deriveECUKey_AES_GCM_256,69021,21,32,2,success
681,SMK_Exchange_Flow,-,-,-,0,skipped_assumed_exists
681,deriveECUKey_AES_GCM_256,69121,21,32,2,success
682,SMK_Exchange_Flow,-,-,-,0,skipped_assumed_exists
682,deriveECUKey_AES_GCM_256,69221,21,32,2,success
683,SMK_Exchange_Flow,-,-,-,0,skipped_assumed_exists
683,deriveECUKey_AES_GCM_256,69321,21,32,2,success
684,SMK_Exchange_Flow,-,-,-,0,skipped_assumed_exists
684,deriveECUKey_AES_GCM_256,69421,21,32,2,success
685,SMK_Exchange_Flow,-,-,-,0,skipped_assumed_exists
685,deriveECUKey_AES_GCM_256,69521,21,32,2,success
686,SMK_Exchange_Flow,-,-,-,0,skipped_assumed_exists
686,deriveECUKey_AES_GCM_256,69621,21,32,2,success
687,SMK_Exchange_Flow,-,-,-,0,skipped_assumed_exists
687,deriveECUKey_AES_GCM_256,69721,21,32,2,success
688,SMK_Exchange_Flow,-,-,-,0,skipped_assumed_exists
688,deriveECUKey_AES_GCM_256,69821,21,32,2,success
689,SMK_Exchange_Flow,-,-,-,0,skipped_assumed_exists
689,deriveECUKey_AES_GCM_256,69921,21,32,2,success
690,SMK_Exchange_Flow,-,-,-,0,skipped_assumed_exists
690,deriveECUKey_AES_GCM_256,70021,21,32,2,success
691,SMK_Exchange_Flow,-,-,-,0,skipped_assumed_exists
691,deriveECUKey_AES_GCM_256,70121,21,32,2,success
692,SMK_Exchange_Flow,-,-,-,0,skipped_assumed_exists
692,deriveECUKey_AES_GCM_256,70221,21,32,2,success
693,SMK_Exchange_Flow,-,-,-,0,skipped_assumed_exists
693,deriveECUKey_AES_GCM_256,70321,21,32,2,success
694,SMK_Exchange_Flow,-,-,-,0,skipped_assumed_exists
694,deriveECUKey_AES_GCM_256,70421,21,32,2,success
695,SMK_Exchange_Flow,-,-,-,0,skipped_assumed_exists
695,deriveECUKey_AES_GCM_256,70521,21,32,2,success
696,SMK_Exchange_Flow,-,-,-,0,skipped_assumed_exists
696,deriveECUKey_AES_GCM_256,70621,21,32,2,success
697,SMK_Exchange_Flow,-,-,-,0,skipped_assumed_exists
697,deriveECUKey_AES_GCM_256,70721,21,32,2,success
698,SMK_Exchange_Flow,-,-,-,0,skipped_assumed_exists
698,deriveECUKey_AES_GCM_256,70821,21,32,2,success
699,SMK_Exchange_Flow,-,-,-,0,skipped_assumed_exists
699,deriveECUKey_AES_GCM_256,70921,21,32,2,success
700,SMK_Exchange_Flow,-,-,-,0,skipped_assumed_exists
700,deriveECUKey_AES_GCM_256,71021,21,32,2,success
701,SMK_Exchange_Flow,-,-,-,0,skipped_assumed_exists
701,deriveECUKey_AES_GCM_256,71121,21,32,2,success
702,SMK_Exchange_Flow,-,-,-,0,skipped_assumed_exists
702,deriveECUKey_AES_GCM_256,71221,21,32,2,success
703,SMK_Exchange_Flow,-,-,-,0,skipped_assumed_exists
703,deriveECUKey_AES_GCM_256,71321,21,32,2,success
704,SMK_Exchange_Flow,-,-,-,0,skipped_assumed_exists
704,deriveECUKey_AES_GCM_256,71421,21,32,2,success
705,SMK_Exchange_Flow,-,-,-,0,skipped_assumed_exists
705,deriveECUKey_AES_GCM_256,71521,21,32,2,success
706,SMK_Exchange_Flow,-,-,-,0,skipped_assumed_exists
706,deriveECUKey_AES_GCM_256,71621,21,32,2,success
707,SMK_Exchange_Flow,-,-,-,0,skipped_assumed_exists
707,deriveECUKey_AES_GCM_256,71721,21,32,2,success
708,SMK_Exchange_Flow,-,-,-,0,skipped_assumed_exists
708,deriveECUKey_AES_GCM_256,71821,21,32,2,success
709,SMK_Exchange_Flow,-,-,-,0,skipped_assumed_exists
709,deriveECUKey_AES_GCM_256,71921,21,32,2,success
710,SMK_Exchange_Flow,-,-,-,0,skipped_assumed_exists
710,deriveECUKey_AES_GCM_256,72021,21,32,2,success
711,SMK_Exchange_Flow,-,-,-,0,skipped_assumed_exists
711,deriveECUKey_AES_GCM_256,72121,21,32,2,success
712,SMK_Exchange_Flow,-,-,-,0,skipped_assumed_exists
712,deriveECUKey_AES_GCM_256,72221,21,32,2,success
713,SMK_Exchange_Flow,-,-,-,0,skipped_assumed_exists
713,deriveECUKey_AES_GCM_256,72321,21,32,2,success
714,SMK_Exchange_Flow,-,-,-,0,skipped_assumed_exists
714,deriveECUKey_AES_GCM_256,72421,21,32,2,success
715,SMK_Exchange_Flow,-,-,-,0,skipped_assumed_exists
715,deriveECUKey_AES_GCM_256,72521,21,32,2,success
716,SMK_Exchange_Flow,-,-,-,0,skipped_assumed_exists
716,deriveECUKey_AES_GCM_256,72621,21,32,2,success
717,SMK_Exchange_Flow,-,-,-,0,skipped_assumed_exists
717,deriveECUKey_AES_GCM_256,72721,21,32,2,success
718,SMK_Exchange_Flow,-,-,-,0,skipped_assumed_exists
718,deriveECUKey_AES_GCM_256,72821,21,32,2,success
719,SMK_Exchange_Flow,-,-,-,0,skipped_assumed_exists
719,deriveECUKey_AES_GCM_256,72921,21,32,2,success
720,SMK_Exchange_Flow,-,-,-,0,skipped_assumed_exists
720,deriveECUKey_AES_GCM_256,73021,21,32,2,success
721,SMK_Exchange_Flow,-,-,-,0,skipped_assumed_exists
721,deriveECUKey_AES_GCM_256,73121,21,32,2,success
722,SMK_Exchange_Flow,-,-,-,0,skipped_assumed_exists
722,deriveECUKey_AES_GCM_256,73221,21,32,2,success
723,SMK_Exchange_Flow,-,-,-,0,skipped_assumed_exists
723,deriveECUKey_AES_GCM_256,73321,21,32,2,success
724,SMK_Exchange_Flow,-,-,-,0,skipped_assumed_exists
724,deriveECUKey_AES_GCM_256,73421,21,32,2,success
725,SMK_Exchange_Flow,-,-,-,0,skipped_assumed_exists
725,deriveECUKey_AES_GCM_256,73521,21,32,2,success
726,SMK_Exchange_Flow,-,-,-,0,skipped_assumed_exists
726,deriveECUKey_AES_GCM_256,73621,21,32,2,success
727,SMK_Exchange_Flow,-,-,-,0,skipped_assumed_exists
727,deriveECUKey_AES_GCM_256,73721,21,32,2,success
728,SMK_Exchange_Flow,-,-,-,0,skipped_assumed_exists
728,deriveECUKey_AES_GCM_256,73821,21,32,2,success
729,SMK_Exchange_Flow,-,-,-,0,skipped_assumed_exists
729,deriveECUKey_AES_GCM_256,73921,21,32,2,success
730,SMK_Exchange_Flow,-,-,-,0,skipped_assumed_exists
730,deriveECUKey_AES_GCM_256,74021,21,32,2,success
731,SMK_Exchange_Flow,-,-,-,0,skipped_assumed_exists
731,deriveECUKey_AES_GCM_256,74121,21,32,2,success
732,SMK_Exchange_Flow,-,-,-,0,skipped_assumed_exists
732,deriveECUKey_AES_GCM_256,74221,21,32,2,success
733,SMK_Exchange_Flow,-,-,-,0,skipped_assumed_exists
733,deriveECUKey_AES_GCM_256,74321,21,32,2,success
734,SMK_Exchange_Flow,-,-,-,0,skipped_assumed_exists
734,deriveECUKey_AES_GCM_256,74421,21,32,2,success
735,SMK_Exchange_Flow,-,-,-,0,skipped_assumed_exists
735,deriveECUKey_AES_GCM_256,74521,21,32,2,success
736,SMK_Exchange_Flow,-,-,-,0,skipped_assumed_exists
736,deriveECUKey_AES_GCM_256,74621,21,32,2,success
737,SMK_Exchange_Flow,-,-,-,0,skipped_assumed_exists
737,deriveECUKey_AES_GCM_256,74721,21,32,2,success
738,SMK_Exchange_Flow,-,-,-,0,skipped_assumed_exists
738,deriveECUKey_AES_GCM_256,74821,21,32,2,success
739,SMK_Exchange_Flow,-,-,-,0,skipped_assumed_exists
739,deriveECUKey_AES_GCM_256,74921,21,32,2,success
740,SMK_Exchange_Flow,-,-,-,0,skipped_assumed_exists
740,deriveECUKey_AES_GCM_256,75021,21,32,2,success
741,SMK_Exchange_Flow,-,-,-,0,skipped_assumed_exists
741,deriveECUKey_AES_GCM_256,75121,21,32,2,success
742,SMK_Exchange_Flow,-,-,-,0,skipped_assumed_exists
742,deriveECUKey_AES_GCM_256,75221,21,32,2,success
743,SMK_Exchange_Flow,-,-,-,0,skipped_assumed_exists
743,deriveECUKey_AES_GCM_256,75321,21,32,2,success
744,SMK_Exchange_Flow,-,-,-,0,skipped_assumed_exists
744,deriveECUKey_AES_GCM_256,75421,21,32,2,success
745,SMK_Exchange_Flow,-,-,-,0,skipped_assumed_exists
745,deriveECUKey_AES_GCM_256,75521,21,32,2,success
746,SMK_Exchange_Flow,-,-,-,0,skipped_assumed_exists
746,deriveECUKey_AES_GCM_256,75621,21,32,2,success
747,SMK_Exchange_Flow,-,-,-,0,skipped_assumed_exists
747,deriveECUKey_AES_GCM_256,75721,21,32,2,success
748,SMK_Exchange_Flow,-,-,-,0,skipped_assumed_exists
748,deriveECUKey_AES_GCM_256,75821,21,32,2,success
749,SMK_Exchange_Flow,-,-,-,0,skipped_assumed_exists
749,deriveECUKey_AES_GCM_256,75921,21,32,2,success
750,SMK_Exchange_Flow,-,-,-,0,skipped_assumed_exists
750,deriveECUKey_AES_GCM_256,76021,21,32,2,success
751,SMK_Exchange_Flow,-,-,-,0,skipped_assumed_exists
751,deriveECUKey_AES_GCM_256,76121,21,32,2,success
752,SMK_Exchange_Flow,-,-,-,0,skipped_assumed_exists
752,deriveECUKey_AES_GCM_256,76221,21,32,2,success
753,SMK_Exchange_Flow,-,-,-,0,skipped_assumed_exists
753,deriveECUKey_AES_GCM_256,76321,21,32,2,success
754,SMK_Exchange_Flow,-,-,-,0,skipped_assumed_exists
754,deriveECUKey_AES_GCM_256,76421,21,32,2,success
755,SMK_Exchange_Flow,-,-,-,0,skipped_assumed_exists
755,deriveECUKey_AES_GCM_256,76521,21,32,2,success
756,SMK_Exchange_Flow,-,-,-,0,skipped_assumed_exists
756,deriveECUKey_AES_GCM_256,76621,21,32,2,success
757,SMK_Exchange_Flow,-,-,-,0,skipped_assumed_exists
757,deriveECUKey_AES_GCM_256,76721,21,32,2,success
758,SMK_Exchange_Flow,-,-,-,0,skipped_assumed_exists
758,deriveECUKey_AES_GCM_256,76821,21,32,2,success
759,SMK_Exchange_Flow,-,-,-,0,skipped_assumed_exists
759,deriveECUKey_AES_GCM_256,76921,21,32,2,success
760,SMK_Exchange_Flow,-,-,-,0,skipped_assumed_exists
760,deriveECUKey_AES_GCM_256,77021,21,32,2,success
761,SMK_Exchange_Flow,-,-,-,0,skipped_assumed_exists
761,deriveECUKey_AES_GCM_256,77121,21,32,2,success
762,SMK_Exchange_Flow,-,-,-,0,skipped_assumed_exists
762,deriveECUKey_AES_GCM_256,77221,21,32,2,success
763,SMK_Exchange_Flow,-,-,-,0,skipped_assumed_exists
763,deriveECUKey_AES_GCM_256,77321,21,32,2,success
764,SMK_Exchange_Flow,-,-,-,0,skipped_assumed_exists
764,deriveECUKey_AES_GCM_256,77421,21,32,2,success
765,SMK_Exchange_Flow,-,-,-,0,skipped_assumed_exists
765,deriveECUKey_AES_GCM_256,77521,21,32,2,success
766,SMK_Exchange_Flow,-,-,-,0,skipped_assumed_exists
766,deriveECUKey_AES_GCM_256,77621,21,32,2,success
767,SMK_Exchange_Flow,-,-,-,0,skipped_assumed_exists
767,deriveECUKey_AES_GCM_256,77721,21,32,2,success
768,SMK_Exchange_Flow,-,-,-,0,skipped_assumed_exists
768,deriveECUKey_AES_GCM_256,77821,21,32,2,success
769,SMK_Exchange_Flow,-,-,-,0,skipped_assumed_exists
769,deriveECUKey_AES_GCM_256,77921,21,32,2,success
770,SMK_Exchange_Flow,-,-,-,0,skipped_assumed_exists
770,deriveECUKey_AES_GCM_256,78021,21,32,2,success
771,SMK_Exchange_Flow,-,-,-,0,skipped_assumed_exists
771,deriveECUKey_AES_GCM_256,78121,21,32,2,success
772,SMK_Exchange_Flow,-,-,-,0,skipped_assumed_exists
772,deriveECUKey_AES_GCM_256,78221,21,32,2,success
773,SMK_Exchange_Flow,-,-,-,0,skipped_assumed_exists
773,deriveECUKey_AES_GCM_256,78321,21,32,2,success
774,SMK_Exchange_Flow,-,-,-,0,skipped_assumed_exists
774,deriveECUKey_AES_GCM_256,78421,21,32,2,success
775,SMK_Exchange_Flow,-,-,-,0,skipped_assumed_exists
775,deriveECUKey_AES_GCM_256,78521,21,32,2,success
776,SMK_Exchange_Flow,-,-,-,0,skipped_assumed_exists
776,deriveECUKey_AES_GCM_256,78621,21,32,2,success
777,SMK_Exchange_Flow,-,-,-,0,skipped_assumed_exists
777,deriveECUKey_AES_GCM_256,78721,21,32,2,success
778,SMK_Exchange_Flow,-,-,-,0,skipped_assumed_exists
778,deriveECUKey_AES_GCM_256,78821,21,32,2,success
779,SMK_Exchange_Flow,-,-,-,0,skipped_assumed_exists
779,deriveECUKey_AES_GCM_256,78921,21,32,2,success
780,SMK_Exchange_Flow,-,-,-,0,skipped_assumed_exists
780,deriveECUKey_AES_GCM_256,79021,21,32,2,success
781,SMK_Exchange_Flow,-,-,-,0,skipped_assumed_exists
781,deriveECUKey_AES_GCM_256,79121,21,32,2,success
782,SMK_Exchange_Flow,-,-,-,0,skipped_assumed_exists
782,deriveECUKey_AES_GCM_256,79221,21,32,2,success
783,SMK_Exchange_Flow,-,-,-,0,skipped_assumed_exists
783,deriveECUKey_AES_GCM_256,79321,21,32,2,success
784,SMK_Exchange_Flow,-,-,-,0,skipped_assumed_exists
784,deriveECUKey_AES_GCM_256,79421,21,32,2,success
785,SMK_Exchange_Flow,-,-,-,0,skipped_assumed_exists
785,deriveECUKey_AES_GCM_256,79521,21,32,2,success
786,SMK_Exchange_Flow,-,-,-,0,skipped_assumed_exists
786,deriveECUKey_AES_GCM_256,79621,21,32,2,success
787,SMK_Exchange_Flow,-,-,-,0,skipped_assumed_exists
787,deriveECUKey_AES_GCM_256,79721,21,32,2,success
788,SMK_Exchange_Flow,-,-,-,0,skipped_assumed_exists
788,deriveECUKey_AES_GCM_256,79821,21,32,2,success
789,SMK_Exchange_Flow,-,-,-,0,skipped_assumed_exists
789,deriveECUKey_AES_GCM_256,79921,21,32,2,success
790,SMK_Exchange_Flow,-,-,-,0,skipped_assumed_exists
790,deriveECUKey_AES_GCM_256,80021,21,32,2,success
791,SMK_Exchange_Flow,-,-,-,0,skipped_assumed_exists
791,deriveECUKey_AES_GCM_256,80121,21,32,2,success
792,SMK_Exchange_Flow,-,-,-,0,skipped_assumed_exists
792,deriveECUKey_AES_GCM_256,80221,21,32,2,success
793,SMK_Exchange_Flow,-,-,-,0,skipped_assumed_exists
793,deriveECUKey_AES_GCM_256,80321,21,32,2,success
794,SMK_Exchange_Flow,-,-,-,0,skipped_assumed_exists
794,deriveECUKey_AES_GCM_256,80421,21,32,2,success
795,SMK_Exchange_Flow,-,-,-,0,skipped_assumed_exists
795,deriveECUKey_AES_GCM_256,80521,21,32,2,success
796,SMK_Exchange_Flow,-,-,-,0,skipped_assumed_exists
796,deriveECUKey_AES_GCM_256,80621,21,32,2,success
797,SMK_Exchange_Flow,-,-,-,0,skipped_assumed_exists
797,deriveECUKey_AES_GCM_256,80721,21,32,2,success
798,SMK_Exchange_Flow,-,-,-,0,skipped_assumed_exists
798,deriveECUKey_AES_GCM_256,80821,21,32,2,success
799,SMK_Exchange_Flow,-,-,-,0,skipped_assumed_exists
799,deriveECUKey_AES_GCM_256,80921,21,32,2,success
800,SMK_Exchange_Flow,-,-,-,0,skipped_assumed_exists
800,deriveECUKey_AES_GCM_256,81021,21,32,2,success
801,SMK_Exchange_Flow,-,-,-,0,skipped_assumed_exists
801,deriveECUKey_AES_GCM_256,81121,21,32,2,success
802,SMK_Exchange_Flow,-,-,-,0,skipped_assumed_exists
802,deriveECUKey_AES_GCM_256,81221,21,32,2,success
803,SMK_Exchange_Flow,-,-,-,0,skipped_assumed_exists
803,deriveECUKey_AES_GCM_256,81321,21,32,2,success
804,SMK_Exchange_Flow,-,-,-,0,skipped_assumed_exists
804,deriveECUKey_AES_GCM_256,81421,21,32,2,success
805,SMK_Exchange_Flow,-,-,-,0,skipped_assumed_exists
805,deriveECUKey_AES_GCM_256,81521,21,32,2,success
806,SMK_Exchange_Flow,-,-,-,0,skipped_assumed_exists
806,deriveECUKey_AES_GCM_256,81621,21,32,2,success
807,SMK_Exchange_Flow,-,-,-,0,skipped_assumed_exists
807,deriveECUKey_AES_GCM_256,81721,21,32,2,success
808,SMK_Exchange_Flow,-,-,-,0,skipped_assumed_exists
808,deriveECUKey_AES_GCM_256,81821,21,32,2,success
809,SMK_Exchange_Flow,-,-,-,0,skipped_assumed_exists
809,deriveECUKey_AES_GCM_256,81921,21,32,2,success
810,SMK_Exchange_Flow,-,-,-,0,skipped_assumed_exists
810,deriveECUKey_AES_GCM_256,82021,21,32,2,success
811,SMK_Exchange_Flow,-,-,-,0,skipped_assumed_exists
811,deriveECUKey_AES_GCM_256,82121,21,32,2,success
812,SMK_Exchange_Flow,-,-,-,0,skipped_assumed_exists
812,deriveECUKey_AES_GCM_256,82221,21,32,2,success
813,SMK_Exchange_Flow,-,-,-,0,skipped_assumed_exists
813,deriveECUKey_AES_GCM_256,82321,21,32,2,success
814,SMK_Exchange_Flow,-,-,-,0,skipped_assumed_exists
814,deriveECUKey_AES_GCM_256,82421,21,32,2,success
815,SMK_Exchange_Flow,-,-,-,0,skipped_assumed_exists
815,deriveECUKey_AES_GCM_256,82521,21,32,2,success
816,SMK_Exchange_Flow,-,-,-,0,skipped_assumed_exists
816,deriveECUKey_AES_GCM_256,82621,21,32,2,success
817,SMK_Exchange_Flow,-,-,-,0,skipped_assumed_exists
817,deriveECUKey_AES_GCM_256,82721,21,32,2,success
818,SMK_Exchange_Flow,-,-,-,0,skipped_assumed_exists
818,deriveECUKey_AES_GCM_256,82821,21,32,2,success
819,SMK_Exchange_Flow,-,-,-,0,skipped_assumed_exists
819,deriveECUKey_AES_GCM_256,82921,21,32,2,success
820,SMK_Exchange_Flow,-,-,-,0,skipped_assumed_exists
820,deriveECUKey_AES_GCM_256,83021,21,32,2,success
821,SMK_Exchange_Flow,-,-,-,0,skipped_assumed_exists
821,deriveECUKey_AES_GCM_256,83121,21,32,2,success
822,SMK_Exchange_Flow,-,-,-,0,skipped_assumed_exists
822,deriveECUKey_AES_GCM_256,83221,21,32,2,success
823,SMK_Exchange_Flow,-,-,-,0,skipped_assumed_exists
823,deriveECUKey_AES_GCM_256,83321,21,32,2,success
824,SMK_Exchange_Flow,-,-,-,0,skipped_assumed_exists
824,deriveECUKey_AES_GCM_256,83421,21,32,2,success
825,SMK_Exchange_Flow,-,-,-,0,skipped_assumed_exists
825,deriveECUKey_AES_GCM_256,83521,21,32,2,success
826,SMK_Exchange_Flow,-,-,-,0,skipped_assumed_exists
826,deriveECUKey_AES_GCM_256,83621,21,32,2,success
827,SMK_Exchange_Flow,-,-,-,0,skipped_assumed_exists
827,deriveECUKey_AES_GCM_256,83721,21,32,2,success
828,SMK_Exchange_Flow,-,-,-,0,skipped_assumed_exists
828,deriveECUKey_AES_GCM_256,83821,21,32,2,success
829,SMK_Exchange_Flow,-,-,-,0,skipped_assumed_exists
829,deriveECUKey_AES_GCM_256,83921,21,32,2,success
830,SMK_Exchange_Flow,-,-,-,0,skipped_assumed_exists
830,deriveECUKey_AES_GCM_256,84021,21,32,2,success
831,SMK_Exchange_Flow,-,-,-,0,skipped_assumed_exists
831,deriveECUKey_AES_GCM_256,84121,21,32,2,success
832,SMK_Exchange_Flow,-,-,-,0,skipped_assumed_exists
832,deriveECUKey_AES_GCM_256,84221,21,32,2,success
833,SMK_Exchange_Flow,-,-,-,0,skipped_assumed_exists
833,deriveECUKey_AES_GCM_256,84321,21,32,2,success
834,SMK_Exchange_Flow,-,-,-,0,skipped_assumed_exists
834,deriveECUKey_AES_GCM_256,84421,21,32,2,success
835,SMK_Exchange_Flow,-,-,-,0,skipped_assumed_exists
835,deriveECUKey_AES_GCM_256,84521,21,32,2,success
836,SMK_Exchange_Flow,-,-,-,0,skipped_assumed_exists
836,deriveECUKey_AES_GCM_256,84621,21,32,2,success
837,SMK_Exchange_Flow,-,-,-,0,skipped_assumed_exists
837,deriveECUKey_AES_GCM_256,84721,21,32,2,success
838,SMK_Exchange_Flow,-,-,-,0,skipped_assumed_exists
838,deriveECUKey_AES_GCM_256,84821,21,32,2,success
839,SMK_Exchange_Flow,-,-,-,0,skipped_assumed_exists
839,deriveECUKey_AES_GCM_256,84921,21,32,2,success
840,SMK_Exchange_Flow,-,-,-,0,skipped_assumed_exists
840,deriveECUKey_AES_GCM_256,85021,21,32,2,success
841,SMK_Exchange_Flow,-,-,-,0,skipped_assumed_exists
841,deriveECUKey_AES_GCM_256,85121,21,32,2,success
842,SMK_Exchange_Flow,-,-,-,0,skipped_assumed_exists
842,deriveECUKey_AES_GCM_256,85221,21,32,2,success
843,SMK_Exchange_Flow,-,-,-,0,skipped_assumed_exists
843,deriveECUKey_AES_GCM_256,85321,21,32,2,success
844,SMK_Exchange_Flow,-,-,-,0,skipped_assumed_exists
844,deriveECUKey_AES_GCM_256,85421,21,32,2,success
845,SMK_Exchange_Flow,-,-,-,0,skipped_assumed_exists
845,deriveECUKey_AES_GCM_256,85521,21,32,2,success
846,SMK_Exchange_Flow,-,-,-,0,skipped_assumed_exists
846,deriveECUKey_AES_GCM_256,85621,21,32,2,success
847,SMK_Exchange_Flow,-,-,-,0,skipped_assumed_exists
847,deriveECUKey_AES_GCM_256,85721,21,32,2,success
848,SMK_Exchange_Flow,-,-,-,0,skipped_assumed_exists
848,deriveECUKey_AES_GCM_256,85821,21,32,2,success
849,SMK_Exchange_Flow,-,-,-,0,skipped_assumed_exists
849,deriveECUKey_AES_GCM_256,85921,21,32,2,success
850,SMK_Exchange_Flow,-,-,-,0,skipped_assumed_exists
850,deriveECUKey_AES_GCM_256,86021,21,32,2,success
851,SMK_Exchange_Flow,-,-,-,0,skipped_assumed_exists
851,deriveECUKey_AES_GCM_256,86121,21,32,2,success
852,SMK_Exchange_Flow,-,-,-,0,skipped_assumed_exists
852,deriveECUKey_AES_GCM_256,86221,21,32,2,success
853,SMK_Exchange_Flow,-,-,-,0,skipped_assumed_exists
853,deriveECUKey_AES_GCM_256,86321,21,32,2,success
854,SMK_Exchange_Flow,-,-,-,0,skipped_assumed_exists
854,deriveECUKey_AES_GCM_256,86421,21,32,2,success
855,SMK_Exchange_Flow,-,-,-,0,skipped_assumed_exists
855,deriveECUKey_AES_GCM_256,86521,21,32,2,success
856,SMK_Exchange_Flow,-,-,-,0,skipped_assumed_exists
856,deriveECUKey_AES_GCM_256,86621,21,32,2,success
857,SMK_Exchange_Flow,-,-,-,0,skipped_assumed_exists
857,deriveECUKey_AES_GCM_256,86721,21,32,2,success
858,SMK_Exchange_Flow,-,-,-,0,skipped_assumed_exists
858,deriveECUKey_AES_GCM_256,86821,21,32,2,success
859,SMK_Exchange_Flow,-,-,-,0,skipped_assumed_exists
859,deriveECUKey_AES_GCM_256,86921,21,32,2,success
860,SMK_Exchange_Flow,-,-,-,0,skipped_assumed_exists
860,deriveECUKey_AES_GCM_256,87021,21,32,2,success
861,SMK_Exchange_Flow,-,-,-,0,skipped_assumed_exists
861,deriveECUKey_AES_GCM_256,87121,21,32,2,success
862,SMK_Exchange_Flow,-,-,-,0,skipped_assumed_exists
862,deriveECUKey_AES_GCM_256,87221,21,32,2,success
863,SMK_Exchange_Flow,-,-,-,0,skipped_assumed_exists
863,deriveECUKey_AES_GCM_256,87321,21,32,2,success
864,SMK_Exchange_Flow,-,-,-,0,skipped_assumed_exists
864,deriveECUKey_AES_GCM_256,87421,21,32,2,success
865,SMK_Exchange_Flow,-,-,-,0,skipped_assumed_exists
865,deriveECUKey_AES_GCM_256,87521,21,32,2,success
866,SMK_Exchange_Flow,-,-,-,0,skipped_assumed_exists
866,deriveECUKey_AES_GCM_256,87621,21,32,2,success
867,SMK_Exchange_Flow,-,-,-,0,skipped_assumed_exists
867,deriveECUKey_AES_GCM_256,87721,21,32,2,success
868,SMK_Exchange_Flow,-,-,-,0,skipped_assumed_exists
868,deriveECUKey_AES_GCM_256,87821,21,32,2,success
869,SMK_Exchange_Flow,-,-,-,0,skipped_assumed_exists
869,deriveECUKey_AES_GCM_256,87921,21,32,2,success
870,SMK_Exchange_Flow,-,-,-,0,skipped_assumed_exists
870,deriveECUKey_AES_GCM_256,88021,21,32,2,success
871,SMK_Exchange_Flow,-,-,-,0,skipped_assumed_exists
871,deriveECUKey_AES_GCM_256,88121,21,32,2,success
872,SMK_Exchange_Flow,-,-,-,0,skipped_assumed_exists
872,deriveECUKey_AES_GCM_256,88221,21,32,2,success
873,SMK_Exchange_Flow,-,-,-,0,skipped_assumed_exists
873,deriveECUKey_AES_GCM_256,88321,21,32,2,success
874,SMK_Exchange_Flow,-,-,-,0,skipped_assumed_exists
874,deriveECUKey_AES_GCM_256,88421,21,32,2,success
875,SMK_Exchange_Flow,-,-,-,0,skipped_assumed_exists
875,deriveECUKey_AES_GCM_256,88521,21,32,2,success
876,SMK_Exchange_Flow,-,-,-,0,skipped_assumed_exists
876,deriveECUKey_AES_GCM_256,88621,21,32,2,success
877,SMK_Exchange_Flow,-,-,-,0,skipped_assumed_exists
877,deriveECUKey_AES_GCM_256,88721,21,32,2,success
878,SMK_Exchange_Flow,-,-,-,0,skipped_assumed_exists
878,deriveECUKey_AES_GCM_256,88821,21,32,2,success
879,SMK_Exchange_Flow,-,-,-,0,skipped_assumed_exists
879,deriveECUKey_AES_GCM_256,88921,21,32,2,success
880,SMK_Exchange_Flow,-,-,-,0,skipped_assumed_exists
880,deriveECUKey_AES_GCM_256,89021,21,32,2,success
881,SMK_Exchange_Flow,-,-,-,0,skipped_assumed_exists
881,deriveECUKey_AES_GCM_256,89121,21,32,2,success
882,SMK_Exchange_Flow,-,-,-,0,skipped_assumed_exists
882,deriveECUKey_AES_GCM_256,89221,21,32,2,success
883,SMK_Exchange_Flow,-,-,-,0,skipped_assumed_exists
883,deriveECUKey_AES_GCM_256,89321,21,32,2,success
884,SMK_Exchange_Flow,-,-,-,0,skipped_assumed_exists
884,deriveECUKey_AES_GCM_256,89421,21,32,2,success
885,SMK_Exchange_Flow,-,-,-,0,skipped_assumed_exists
885,deriveECUKey_AES_GCM_256,89521,21,32,2,success
886,SMK_Exchange_Flow,-,-,-,0,skipped_assumed_exists
886,deriveECUKey_AES_GCM_256,89621,21,32,2,success
887,SMK_Exchange_Flow,-,-,-,0,skipped_assumed_exists
887,deriveECUKey_AES_GCM_256,89721,21,32,2,success
888,SMK_Exchange_Flow,-,-,-,0,skipped_assumed_exists
888,deriveECUKey_AES_GCM_256,89821,21,32,2,success
889,SMK_Exchange_Flow,-,-,-,0,skipped_assumed_exists
889,deriveECUKey_AES_GCM_256,89921,21,32,2,success
890,SMK_Exchange_Flow,-,-,-,0,skipped_assumed_exists
890,deriveECUKey_AES_GCM_256,90021,21,32,2,success
891,SMK_Exchange_Flow,-,-,-,0,skipped_assumed_exists
891,deriveECUKey_AES_GCM_256,90121,21,32,2,success
892,SMK_Exchange_Flow,-,-,-,0,skipped_assumed_exists
892,deriveECUKey_AES_GCM_256,90221,21,32,2,success
893,SMK_Exchange_Flow,-,-,-,0,skipped_assumed_exists
893,deriveECUKey_AES_GCM_256,90321,21,32,2,success
894,SMK_Exchange_Flow,-,-,-,0,skipped_assumed_exists
894,deriveECUKey_AES_GCM_256,90421,21,32,2,success
895,SMK_Exchange_Flow,-,-,-,0,skipped_assumed_exists
895,deriveECUKey_AES_GCM_256,90521,21,32,2,success
896,SMK_Exchange_Flow,-,-,-,0,skipped_assumed_exists
896,deriveECUKey_AES_GCM_256,90621,21,32,2,success
897,SMK_Exchange_Flow,-,-,-,0,skipped_assumed_exists
897,deriveECUKey_AES_GCM_256,90721,21,32,2,success
898,SMK_Exchange_Flow,-,-,-,0,skipped_assumed_exists
898,deriveECUKey_AES_GCM_256,90821,21,32,2,success
899,SMK_Exchange_Flow,-,-,-,0,skipped_assumed_exists
899,deriveECUKey_AES_GCM_256,90921,21,32,2,success
900,SMK_Exchange_Flow,-,-,-,0,skipped_assumed_exists
900,deriveECUKey_AES_GCM_256,91021,21,32,2,success
901,SMK_Exchange_Flow,-,-,-,0,skipped_assumed_exists
901,deriveECUKey_AES_GCM_256,91121,21,32,2,success
902,SMK_Exchange_Flow,-,-,-,0,skipped_assumed_exists
902,deriveECUKey_AES_GCM_256,91221,21,32,2,success
903,SMK_Exchange_Flow,-,-,-,0,skipped_assumed_exists
903,deriveECUKey_AES_GCM_256,91321,21,32,2,success
904,SMK_Exchange_Flow,-,-,-,0,skipped_assumed_exists
904,deriveECUKey_AES_GCM_256,91421,21,32,2,success
905,SMK_Exchange_Flow,-,-,-,0,skipped_assumed_exists
905,deriveECUKey_AES_GCM_256,91521,21,32,2,success
906,SMK_Exchange_Flow,-,-,-,0,skipped_assumed_exists
906,deriveECUKey_AES_GCM_256,91621,21,32,2,success
907,SMK_Exchange_Flow,-,-,-,0,skipped_assumed_exists
907,deriveECUKey_AES_GCM_256,91721,21,32,2,success
908,SMK_Exchange_Flow,-,-,-,0,skipped_assumed_exists
908,deriveECUKey_AES_GCM_256,91821,21,32,2,success
909,SMK_Exchange_Flow,-,-,-,0,skipped_assumed_exists
909,deriveECUKey_AES_GCM_256,91921,21,32,2,success
910,SMK_Exchange_Flow,-,-,-,0,skipped_assumed_exists
910,deriveECUKey_AES_GCM_256,92021,21,32,2,success
911,SMK_Exchange_Flow,-,-,-,0,skipped_assumed_exists
911,deriveECUKey_AES_GCM_256,92121,21,32,2,success
912,SMK_Exchange_Flow,-,-,-,0,skipped_assumed_exists
912,deriveECUKey_AES_GCM_256,92221,21,32,2,success
913,SMK_Exchange_Flow,-,-,-,0,skipped_assumed_exists
913,deriveECUKey_AES_GCM_256,92321,21,32,2,success
914,SMK_Exchange_Flow,-,-,-,0,skipped_assumed_exists
914,deriveECUKey_AES_GCM_256,92421,21,32,2,success
915,SMK_Exchange_Flow,-,-,-,0,skipped_assumed_exists
915,deriveECUKey_AES_GCM_256,92521,21,32,2,success
916,SMK_Exchange_Flow,-,-,-,0,skipped_assumed_exists
916,deriveECUKey_AES_GCM_256,92621,21,32,2,success
917,SMK_Exchange_Flow,-,-,-,0,skipped_assumed_exists
917,deriveECUKey_AES_GCM_256,92721,21,32,2,success
918,SMK_Exchange_Flow,-,-,-,0,skipped_assumed_exists
918,deriveECUKey_AES_GCM_256,92821,21,32,2,success
919,SMK_Exchange_Flow,-,-,-,0,skipped_assumed_exists
919,deriveECUKey_AES_GCM_256,92921,21,32,2,success
920,SMK_Exchange_Flow,-,-,-,0,skipped_assumed_exists
920,deriveECUKey_AES_GCM_256,93021,21,32,2,success
921,SMK_Exchange_Flow,-,-,-,0,skipped_assumed_exists
921,deriveECUKey_AES_GCM_256,93121,21,32,2,success
922,SMK_Exchange_Flow,-,-,-,0,skipped_assumed_exists
922,deriveECUKey_AES_GCM_256,93221,21,32,2,success
923,SMK_Exchange_Flow,-,-,-,0,skipped_assumed_exists
923,deriveECUKey_AES_GCM_256,93321,21,32,2,success
924,SMK_Exchange_Flow,-,-,-,0,skipped_assumed_exists
924,deriveECUKey_AES_GCM_256,93421,21,32,2,success
925,SMK_Exchange_Flow,-,-,-,0,skipped_assumed_exists
925,deriveECUKey_AES_GCM_256,93521,21,32,2,success
926,SMK_Exchange_Flow,-,-,-,0,skipped_assumed_exists
926,deriveECUKey_AES_GCM_256,93621,21,32,2,success
927,SMK_Exchange_Flow,-,-,-,0,skipped_assumed_exists
927,deriveECUKey_AES_GCM_256,93721,21,32,2,success
928,SMK_Exchange_Flow,-,-,-,0,skipped_assumed_exists
928,deriveECUKey_AES_GCM_256,93821,21,32,2,success
929,SMK_Exchange_Flow,-,-,-,0,skipped_assumed_exists
929,deriveECUKey_AES_GCM_256,93921,21,32,2,success
930,SMK_Exchange_Flow,-,-,-,0,skipped_assumed_exists
930,deriveECUKey_AES_GCM_256,94021,21,32,2,success
931,SMK_Exchange_Flow,-,-,-,0,skipped_assumed_exists
931,deriveECUKey_AES_GCM_256,94121,21,32,2,success
932,SMK_Exchange_Flow,-,-,-,0,skipped_assumed_exists
932,deriveECUKey_AES_GCM_256,94221,21,32,2,success
933,SMK_Exchange_Flow,-,-,-,0,skipped_assumed_exists
933,deriveECUKey_AES_GCM_256,94321,21,32,2,success
934,SMK_Exchange_Flow,-,-,-,0,skipped_assumed_exists
934,deriveECUKey_AES_GCM_256,94421,21,32,2,success
935,SMK_Exchange_Flow,-,-,-,0,skipped_assumed_exists
935,deriveECUKey_AES_GCM_256,94521,21,32,2,success
936,SMK_Exchange_Flow,-,-,-,0,skipped_assumed_exists
936,deriveECUKey_AES_GCM_256,94621,21,32,2,success
937,SMK_Exchange_Flow,-,-,-,0,skipped_assumed_exists
937,deriveECUKey_AES_GCM_256,94721,21,32,2,success
938,SMK_Exchange_Flow,-,-,-,0,skipped_assumed_exists
938,deriveECUKey_AES_GCM_256,94821,21,32,2,success
939,SMK_Exchange_Flow,-,-,-,0,skipped_assumed_exists
939,deriveECUKey_AES_GCM_256,94921,21,32,2,success
940,SMK_Exchange_Flow,-,-,-,0,skipped_assumed_exists
940,deriveECUKey_AES_GCM_256,95021,21,32,2,success
941,SMK_Exchange_Flow,-,-,-,0,skipped_assumed_exists
941,deriveECUKey_AES_GCM_256,95121,21,32,2,success
942,SMK_Exchange_Flow,-,-,-,0,skipped_assumed_exists
942,deriveECUKey_AES_GCM_256,95221,21,32,2,success
943,SMK_Exchange_Flow,-,-,-,0,skipped_assumed_exists
943,deriveECUKey_AES_GCM_256,95321,21,32,2,success
944,SMK_Exchange_Flow,-,-,-,0,skipped_assumed_exists
944,deriveECUKey_AES_GCM_256,95421,21,32,2,success
945,SMK_Exchange_Flow,-,-,-,0,skipped_assumed_exists
945,deriveECUKey_AES_GCM_256,95521,21,32,2,success
946,SMK_Exchange_Flow,-,-,-,0,skipped_assumed_exists
946,deriveECUKey_AES_GCM_256,95621,21,32,2,success
947,SMK_Exchange_Flow,-,-,-,0,skipped_assumed_exists
947,deriveECUKey_AES_GCM_256,95721,21,32,2,success
948,SMK_Exchange_Flow,-,-,-,0,skipped_assumed_exists
948,deriveECUKey_AES_GCM_256,95821,21,32,2,success
949,SMK_Exchange_Flow,-,-,-,0,skipped_assumed_exists
949,deriveECUKey_AES_GCM_256,95921,21,32,2,success
950,SMK_Exchange_Flow,-,-,-,0,skipped_assumed_exists
950,deriveECUKey_AES_GCM_256,96021,21,32,2,success
951,SMK_Exchange_Flow,-,-,-,0,skipped_assumed_exists
951,deriveECUKey_AES_GCM_256,96121,21,32,2,success
952,SMK_Exchange_Flow,-,-,-,0,skipped_assumed_exists
952,deriveECUKey_AES_GCM_256,96221,21,32,2,success
953,SMK_Exchange_Flow,-,-,-,0,skipped_assumed_exists
953,deriveECUKey_AES_GCM_256,96321,21,32,2,success
954,SMK_Exchange_Flow,-,-,-,0,skipped_assumed_exists
954,deriveECUKey_AES_GCM_256,96421,21,32,2,success
955,SMK_Exchange_Flow,-,-,-,0,skipped_assumed_exists
955,deriveECUKey_AES_GCM_256,96521,21,32,2,success
956,SMK_Exchange_Flow,-,-,-,0,skipped_assumed_exists
956,deriveECUKey_AES_GCM_256,96621,21,32,2,success
957,SMK_Exchange_Flow,-,-,-,0,skipped_assumed_exists
957,deriveECUKey_AES_GCM_256,96721,21,32,2,success
958,SMK_Exchange_Flow,-,-,-,0,skipped_assumed_exists
958,deriveECUKey_AES_GCM_256,96821,21,32,2,success
959,SMK_Exchange_Flow,-,-,-,0,skipped_assumed_exists
959,deriveECUKey_AES_GCM_256,96921,21,32,2,success
960,SMK_Exchange_Flow,-,-,-,0,skipped_assumed_exists
960,deriveECUKey_AES_GCM_256,97021,21,32,2,success
961,SMK_Exchange_Flow,-,-,-,0,skipped_assumed_exists
961,deriveECUKey_AES_GCM_256,97121,21,32,2,success
962,SMK_Exchange_Flow,-,-,-,0,skipped_assumed_exists
962,deriveECUKey_AES_GCM_256,97221,21,32,2,success
963,SMK_Exchange_Flow,-,-,-,0,skipped_assumed_exists
963,deriveECUKey_AES_GCM_256,97321,21,32,2,success
964,SMK_Exchange_Flow,-,-,-,0,skipped_assumed_exists
964,deriveECUKey_AES_GCM_256,97421,21,32,2,success
965,SMK_Exchange_Flow,-,-,-,0,skipped_assumed_exists
965,deriveECUKey_AES_GCM_256,97521,21,32,2,success
966,SMK_Exchange_Flow,-,-,-,0,skipped_assumed_exists
966,deriveECUKey_AES_GCM_256,97621,21,32,2,success
967,SMK_Exchange_Flow,-,-,-,0,skipped_assumed_exists
967,deriveECUKey_AES_GCM_256,97721,21,32,2,success
968,SMK_Exchange_Flow,-,-,-,0,skipped_assumed_exists
968,deriveECUKey_AES_GCM_256,97821,21,32,2,success
969,SMK_Exchange_Flow,-,-,-,0,skipped_assumed_exists
969,deriveECUKey_AES_GCM_256,97921,21,32,2,success
970,SMK_Exchange_Flow,-,-,-,0,skipped_assumed_exists
970,deriveECUKey_AES_GCM_256,98021,21,32,2,success
971,SMK_Exchange_Flow,-,-,-,0,skipped_assumed_exists
971,deriveECUKey_AES_GCM_256,98121,21,32,2,success
972,SMK_Exchange_Flow,-,-,-,0,skipped_assumed_exists
972,deriveECUKey_AES_GCM_256,98221,21,32,2,success
973,SMK_Exchange_Flow,-,-,-,0,skipped_assumed_exists
973,deriveECUKey_AES_GCM_256,98321,21,32,2,success
974,SMK_Exchange_Flow,-,-,-,0,skipped_assumed_exists
974,deriveECUKey_AES_GCM_256,98421,21,32,2,success
975,SMK_Exchange_Flow,-,-,-,0,skipped_assumed_exists
975,deriveECUKey_AES_GCM_256,98521,21,32,2,success
976,SMK_Exchange_Flow,-,-,-,0,skipped_assumed_exists
976,deriveECUKey_AES_GCM_256,98621,21,32,2,success
977,SMK_Exchange_Flow,-,-,-,0,skipped_assumed_exists
977,deriveECUKey_AES_GCM_256,98721,21,32,2,success
978,SMK_Exchange_Flow,-,-,-,0,skipped_assumed_exists
978,deriveECUKey_AES_GCM_256,98821,21,32,2,success
979,SMK_Exchange_Flow,-,-,-,0,skipped_assumed_exists
979,deriveECUKey_AES_GCM_256,98921,21,32,2,success
980,SMK_Exchange_Flow,-,-,-,0,skipped_assumed_exists
980,deriveECUKey_AES_GCM_256,99021,21,32,2,success
981,SMK_Exchange_Flow,-,-,-,0,skipped_assumed_exists
981,deriveECUKey_AES_GCM_256,99121,21,32,2,success
982,SMK_Exchange_Flow,-,-,-,0,skipped_assumed_exists
982,deriveECUKey_AES_GCM_256,99221,21,32,2,success
983,SMK_Exchange_Flow,-,-,-,0,skipped_assumed_exists
983,deriveECUKey_AES_GCM_256,99321,21,32,2,success
984,SMK_Exchange_Flow,-,-,-,0,skipped_assumed_exists
984,deriveECUKey_AES_GCM_256,99421,21,32,2,success
985,SMK_Exchange_Flow,-,-,-,0,skipped_assumed_exists
985,deriveECUKey_AES_GCM_256,99521,21,32,2,success
986,SMK_Exchange_Flow,-,-,-,0,skipped_assumed_exists
986,deriveECUKey_AES_GCM_256,99621,21,32,2,success
987,SMK_Exchange_Flow,-,-,-,0,skipped_assumed_exists
987,deriveECUKey_AES_GCM_256,99721,21,32,2,success
988,SMK_Exchange_Flow,-,-,-,0,skipped_assumed_exists
988,deriveECUKey_AES_GCM_256,99821,21,32,2,success
989,SMK_Exchange_Flow,-,-,-,0,skipped_assumed_exists
989,deriveECUKey_AES_GCM_256,99921,21,32,2,success
990,SMK_Exchange_Flow,-,-,-,0,skipped_assumed_exists
990,deriveECUKey_AES_GCM_256,100021,21,32,2,success
991,SMK_Exchange_Flow,-,-,-,0,skipped_assumed_exists
991,deriveECUKey_AES_GCM_256,100121,21,32,2,success
992,SMK_Exchange_Flow,-,-,-,0,skipped_assumed_exists
992,deriveECUKey_AES_GCM_256,100221,21,32,2,success
993,SMK_Exchange_Flow,-,-,-,0,skipped_assumed_exists
993,deriveECUKey_AES_GCM_256,100321,21,32,2,success
994,SMK_Exchange_Flow,-,-,-,0,skipped_assumed_exists
994,deriveECUKey_AES_GCM_256,100421,21,32,2,success
995,SMK_Exchange_Flow,-,-,-,0,skipped_assumed_exists
995,deriveECUKey_AES_GCM_256,100521,21,32,2,success
996,SMK_Exchange_Flow,-,-,-,0,skipped_assumed_exists
996,deriveECUKey_AES_GCM_256,100621,21,32,2,success
997,SMK_Exchange_Flow,-,-,-,0,skipped_assumed_exists
997,deriveECUKey_AES_GCM_256,100721,21,32,2,success
998,SMK_Exchange_Flow,-,-,-,0,skipped_assumed_exists
998,deriveECUKey_AES_GCM_256,100821,21,32,2,success
999,SMK_Exchange_Flow,-,-,-,0,skipped_assumed_exists
999,deriveECUKey_AES_GCM_256,100921,21,32,2,success
