iteration,operation_type,ecu_id,sec_level,key_len_bytes,latency_ms,status
0,SMK_Exchange_Flow,-,-,-,0,skipped_assumed_exists
0,deriveECUKey_CMAC_AES128,1010,10,16,2,success
1,SMK_Exchange_Flow,-,-,-,0,skipped_assumed_exists
1,deriveECUKey_CMAC_AES128,1110,10,16,2,success
2,SMK_Exchange_Flow,-,-,-,0,skipped_assumed_exists
2,deriveECUKey_CMAC_AES128,1210,10,16,2,success
3,SMK_Exchange_Flow,-,-,-,0,skipped_assumed_exists
3,deriveECUKey_CMAC_AES128,1310,10,16,2,success
4,SMK_Exchange_Flow,-,-,-,0,skipped_assumed_exists
4,deriveECUKey_CMAC_AES128,1410,10,16,2,success
5,SMK_Exchange_Flow,-,-,-,0,skipped_assumed_exists
5,deriveECUKey_CMAC_AES128,1510,10,16,2,success
6,SMK_Exchange_Flow,-,-,-,0,skipped_assumed_exists
6,deriveECUKey_CMAC_AES128,1610,10,16,2,success
7,SMK_Exchange_Flow,-,-,-,0,skipped_assumed_exists
7,deriveECUKey_CMAC_AES128,1710,10,16,2,success
8,SMK_Exchange_Flow,-,-,-,0,skipped_assumed_exists
8,deriveECUKey_CMAC_AES128,1810,10,16,2,success
9,SMK_Exchange_Flow,-,-,-,0,skipped_assumed_exists
9,deriveECUKey_CMAC_AES128,1910,10,16,2,success
10,SMK_Exchange_Flow,-,-,-,0,skipped_assumed_exists
10,deriveECUKey_CMAC_AES128,2010,10,16,2,success
11,SMK_Exchange_Flow,-,-,-,0,skipped_assumed_exists
11,deriveECUKey_CMAC_AES128,2110,10,16,2,success
12,SMK_Exchange_Flow,-,-,-,0,skipped_assumed_exists
12,deriveECUKey_CMAC_AES128,2210,10,16,2,success
13,SMK_Exchange_Flow,-,-,-,0,skipped_assumed_exists
13,deriveECUKey_CMAC_AES128,2310,10,16,2,success
14,SMK_Exchange_Flow,-,-,-,0,skipped_assumed_exists
14,deriveECUKey_CMAC_AES128,2410,10,16,2,success
15,SMK_Exchange_Flow,-,-,-,0,skipped_assumed_exists
15,deriveECUKey_CMAC_AES128,2510,10,16,2,success
16,SMK_Exchange_Flow,-,-,-,0,skipped_assumed_exists
16,deriveECUKey_CMAC_AES128,2610,10,16,2,success
17,SMK_Exchange_Flow,-,-,-,0,skipped_assumed_exists
17,deriveECUKey_CMAC_AES128,2710,10,16,2,success
18,SMK_Exchange_Flow,-,-,-,0,skipped_assumed_exists
18,deriveECUKey_CMAC_AES128,2810,10,16,2,success
19,SMK_Exchange_Flow,-,-,-,0,skipped_assumed_exists
19,deriveECUKey_CMAC_AES128,2910,10,16,2,success
20,SMK_Exchange_Flow,-,-,-,0,skipped_assumed_exists
20,deriveECUKey_CMAC_AES128,3010,10,16,2,success
21,SMK_Exchange_Flow,-,-,-,0,skipped_assumed_exists
21,deriveECUKey_CMAC_AES128,3110,10,16,2,success
22,SMK_Exchange_Flow,-,-,-,0,skipped_assumed_exists
22,deriveECUKey_CMAC_AES128,3210,10,16,2,success
23,SMK_Exchange_Flow,-,-,-,0,skipped_assumed_exists
23,deriveECUKey_CMAC_AES128,3310,10,16,2,success
24,SMK_Exchange_Flow,-,-,-,0,skipped_assumed_exists
24,deriveECUKey_CMAC_AES128,3410,10,16,2,success
25,SMK_Exchange_Flow,-,-,-,0,skipped_assumed_exists
25,deriveECUKey_CMAC_AES128,3510,10,16,2,success
26,SMK_Exchange_Flow,-,-,-,0,skipped_assumed_exists
26,deriveECUKey_CMAC_AES128,3610,10,16,2,success
27,SMK_Exchange_Flow,-,-,-,0,skipped_assumed_exists
27,deriveECUKey_CMAC_AES128,3710,10,16,2,success
28,SMK_Exchange_Flow,-,-,-,0,skipped_assumed_exists
28,deriveECUKey_CMAC_AES128,3810,10,16,2,success
29,SMK_Exchange_Flow,-,-,-,0,skipped_assumed_exists
29,deriveECUKey_CMAC_AES128,3910,10,16,2,success
30,SMK_Exchange_Flow,-,-,-,0,skipped_assumed_exists
30,deriveECUKey_CMAC_AES128,4010,10,16,2,success
31,SMK_Exchange_Flow,-,-,-,0,skipped_assumed_exists
31,deriveECUKey_CMAC_AES128,4110,10,16,2,success
32,SMK_Exchange_Flow,-,-,-,0,skipped_assumed_exists
32,deriveECUKey_CMAC_AES128,4210,10,16,2,success
33,SMK_Exchange_Flow,-,-,-,0,skipped_assumed_exists
33,deriveECUKey_CMAC_AES128,4310,10,16,2,success
34,SMK_Exchange_Flow,-,-,-,0,skipped_assumed_exists
34,deriveECUKey_CMAC_AES128,4410,10,16,2,success
35,SMK_Exchange_Flow,-,-,-,0,skipped_assumed_exists
35,deriveECUKey_CMAC_AES128,4510,10,16,2,success
36,SMK_Exchange_Flow,-,-,-,0,skipped_assumed_exists
36,deriveECUKey_CMAC_AES128,4610,10,16,2,success
37,SMK_Exchange_Flow,-,-,-,0,skipped_assumed_exists
37,deriveECUKey_CMAC_AES128,4710,10,16,2,success
38,SMK_Exchange_Flow,-,-,-,0,skipped_assumed_exists
38,deriveECUKey_CMAC_AES128,4810,10,16,2,success
39,SMK_Exchange_Flow,-,-,-,0,skipped_assumed_exists
39,deriveECUKey_CMAC_AES128,4910,10,16,2,success
40,SMK_Exchange_Flow,-,-,-,0,skipped_assumed_exists
40,deriveECUKey_CMAC_AES128,5010,10,16,2,success
41,SMK_Exchange_Flow,-,-,-,0,skipped_assumed_exists
41,deriveECUKey_CMAC_AES128,5110,10,16,2,success
42,SMK_Exchange_Flow,-,-,-,0,skipped_assumed_exists
42,deriveECUKey_CMAC_AES128,5210,10,16,2,success
43,SMK_Exchange_Flow,-,-,-,0,skipped_assumed_exists
43,deriveECUKey_CMAC_AES128,5310,10,16,2,success
44,SMK_Exchange_Flow,-,-,-,0,skipped_assumed_exists
44,deriveECUKey_CMAC_AES128,5410,10,16,2,success
45,SMK_Exchange_Flow,-,-,-,0,skipped_assumed_exists
45,deriveECUKey_CMAC_AES128,5510,10,16,2,success
46,SMK_Exchange_Flow,-,-,-,0,skipped_assumed_exists
46,deriveECUKey_CMAC_AES128,5610,10,16,2,success
47,SMK_Exchange_Flow,-,-,-,0,skipped_assumed_exists
47,deriveECUKey_CMAC_AES128,5710,10,16,2,success
48,SMK_Exchange_Flow,-,-,-,0,skipped_assumed_exists
48,deriveECUKey_CMAC_AES128,5810,10,16,2,success
49,SMK_Exchange_Flow,-,-,-,0,skipped_assumed_exists
49,deriveECUKey_CMAC_AES128,5910,10,16,2,success
50,SMK_Exchange_Flow,-,-,-,0,skipped_assumed_exists
50,deriveECUKey_CMAC_AES128,6010,10,16,2,success
51,SMK_Exchange_Flow,-,-,-,0,skipped_assumed_exists
51,deriveECUKey_CMAC_AES128,6110,10,16,2,success
52,SMK_Exchange_Flow,-,-,-,0,skipped_assumed_exists
52,deriveECUKey_CMAC_AES128,6210,10,16,2,success
53,SMK_Exchange_Flow,-,-,-,0,skipped_assumed_exists
53,deriveECUKey_CMAC_AES128,6310,10,16,2,success
54,SMK_Exchange_Flow,-,-,-,0,skipped_assumed_exists
54,deriveECUKey_CMAC_AES128,6410,10,16,2,success
55,SMK_Exchange_Flow,-,-,-,0,skipped_assumed_exists
55,deriveECUKey_CMAC_AES128,6510,10,16,2,success
56,SMK_Exchange_Flow,-,-,-,0,skipped_assumed_exists
56,deriveECUKey_CMAC_AES128,6610,10,16,2,success
57,SMK_Exchange_Flow,-,-,-,0,skipped_assumed_exists
57,deriveECUKey_CMAC_AES128,6710,10,16,2,success
58,SMK_Exchange_Flow,-,-,-,0,skipped_assumed_exists
58,deriveECUKey_CMAC_AES128,6810,10,16,2,success
59,SMK_Exchange_Flow,-,-,-,0,skipped_assumed_exists
59,deriveECUKey_CMAC_AES128,6910,10,16,2,success
60,SMK_Exchange_Flow,-,-,-,0,skipped_assumed_exists
60,deriveECUKey_CMAC_AES128,7010,10,16,2,success
61,SMK_Exchange_Flow,-,-,-,0,skipped_assumed_exists
61,deriveECUKey_CMAC_AES128,7110,10,16,2,success
62,SMK_Exchange_Flow,-,-,-,0,skipped_assumed_exists
62,deriveECUKey_CMAC_AES128,7210,10,16,2,success
63,SMK_Exchange_Flow,-,-,-,0,skipped_assumed_exists
63,deriveECUKey_CMAC_AES128,7310,10,16,2,success
64,SMK_Exchange_Flow,-,-,-,0,skipped_assumed_exists
64,deriveECUKey_CMAC_AES128,7410,10,16,2,success
65,SMK_Exchange_Flow,-,-,-,0,skipped_assumed_exists
65,deriveECUKey_CMAC_AES128,7510,10,16,2,success
66,SMK_Exchange_Flow,-,-,-,0,skipped_assumed_exists
66,deriveECUKey_CMAC_AES128,7610,10,16,2,success
67,SMK_Exchange_Flow,-,-,-,0,skipped_assumed_exists
67,deriveECUKey_CMAC_AES128,7710,10,16,2,success
68,SMK_Exchange_Flow,-,-,-,0,skipped_assumed_exists
68,deriveECUKey_CMAC_AES128,7810,10,16,2,success
69,SMK_Exchange_Flow,-,-,-,0,skipped_assumed_exists
69,deriveECUKey_CMAC_AES128,7910,10,16,2,success
70,SMK_Exchange_Flow,-,-,-,0,skipped_assumed_exists
70,deriveECUKey_CMAC_AES128,8010,10,16,2,success
71,SMK_Exchange_Flow,-,-,-,0,skipped_assumed_exists
71,deriveECUKey_CMAC_AES128,8110,10,16,2,success
72,SMK_Exchange_Flow,-,-,-,0,skipped_assumed_exists
72,deriveECUKey_CMAC_AES128,8210,10,16,2,success
73,SMK_Exchange_Flow,-,-,-,0,skipped_assumed_exists
73,deriveECUKey_CMAC_AES128,8310,10,16,2,success
74,SMK_Exchange_Flow,-,-,-,0,skipped_assumed_exists
74,deriveECUKey_CMAC_AES128,8410,10,16,2,success
75,SMK_Exchange_Flow,-,-,-,0,skipped_assumed_exists
75,deriveECUKey_CMAC_AES128,8510,10,16,2,success
76,SMK_Exchange_Flow,-,-,-,0,skipped_assumed_exists
76,deriveECUKey_CMAC_AES128,8610,10,16,2,success
77,SMK_Exchange_Flow,-,-,-,0,skipped_assumed_exists
77,deriveECUKey_CMAC_AES128,8710,10,16,2,success
78,SMK_Exchange_Flow,-,-,-,0,skipped_assumed_exists
78,deriveECUKey_CMAC_AES128,8810,10,16,2,success
79,SMK_Exchange_Flow,-,-,-,0,skipped_assumed_exists
79,deriveECUKey_CMAC_AES128,8910,10,16,2,success
80,SMK_Exchange_Flow,-,-,-,0,skipped_assumed_exists
80,deriveECUKey_CMAC_AES128,9010,10,16,2,success
81,SMK_Exchange_Flow,-,-,-,0,skipped_assumed_exists
81,deriveECUKey_CMAC_AES128,9110,10,16,2,success
82,SMK_Exchange_Flow,-,-,-,0,skipped_assumed_exists
82,deriveECUKey_CMAC_AES128,9210,10,16,2,success
83,SMK_Exchange_Flow,-,-,-,0,skipped_assumed_exists
83,deriveECUKey_CMAC_AES128,9310,10,16,2,success
84,SMK_Exchange_Flow,-,-,-,0,skipped_assumed_exists
84,deriveECUKey_CMAC_AES128,9410,10,16,2,success
85,SMK_Exchange_Flow,-,-,-,0,skipped_assumed_exists
85,deriveECUKey_CMAC_AES128,9510,10,16,2,success
86,SMK_Exchange_Flow,-,-,-,0,skipped_assumed_exists
86,deriveECUKey_CMAC_AES128,9610,10,16,2,success
87,SMK_Exchange_Flow,-,-,-,0,skipped_assumed_exists
87,deriveECUKey_CMAC_AES128,9710,10,16,2,success
88,SMK_Exchange_Flow,-,-,-,0,skipped_assumed_exists
88,deriveECUKey_CMAC_AES128,9810,10,16,2,success
89,SMK_Exchange_Flow,-,-,-,0,skipped_assumed_exists
89,deriveECUKey_CMAC_AES128,9910,10,16,2,success
90,SMK_Exchange_Flow,-,-,-,0,skipped_assumed_exists
90,deriveECUKey_CMAC_AES128,10010,10,16,2,success
91,SMK_Exchange_Flow,-,-,-,0,skipped_assumed_exists
91,deriveECUKey_CMAC_AES128,10110,10,16,2,success
92,SMK_Exchange_Flow,-,-,-,0,skipped_assumed_exists
92,deriveECUKey_CMAC_AES128,10210,10,16,2,success
93,SMK_Exchange_Flow,-,-,-,0,skipped_assumed_exists
93,deriveECUKey_CMAC_AES128,10310,10,16,2,success
94,SMK_Exchange_Flow,-,-,-,0,skipped_assumed_exists
94,deriveECUKey_CMAC_AES128,10410,10,16,2,success
95,SMK_Exchange_Flow,-,-,-,0,skipped_assumed_exists
95,deriveECUKey_CMAC_AES128,10510,10,16,2,success
96,SMK_Exchange_Flow,-,-,-,0,skipped_assumed_exists
96,deriveECUKey_CMAC_AES128,10610,10,16,2,success
97,SMK_Exchange_Flow,-,-,-,0,skipped_assumed_exists
97,deriveECUKey_CMAC_AES128,10710,10,16,2,success
98,SMK_Exchange_Flow,-,-,-,0,skipped_assumed_exists
98,deriveECUKey_CMAC_AES128,10810,10,16,2,success
99,SMK_Exchange_Flow,-,-,-,0,skipped_assumed_exists
99,deriveECUKey_CMAC_AES128,10910,10,16,2,success
100,SMK_Exchange_Flow,-,-,-,0,skipped_assumed_exists
100,deriveECUKey_CMAC_AES128,11010,10,16,2,success
101,SMK_Exchange_Flow,-,-,-,0,skipped_assumed_exists
101,deriveECUKey_CMAC_AES128,11110,10,16,2,success
102,SMK_Exchange_Flow,-,-,-,0,skipped_assumed_exists
102,deriveECUKey_CMAC_AES128,11210,10,16,2,success
103,SMK_Exchange_Flow,-,-,-,0,skipped_assumed_exists
103,deriveECUKey_CMAC_AES128,11310,10,16,2,success
104,SMK_Exchange_Flow,-,-,-,0,skipped_assumed_exists
104,deriveECUKey_CMAC_AES128,11410,10,16,2,success
105,SMK_Exchange_Flow,-,-,-,0,skipped_assumed_exists
105,deriveECUKey_CMAC_AES128,11510,10,16,2,success
106,SMK_Exchange_Flow,-,-,-,0,skipped_assumed_exists
106,deriveECUKey_CMAC_AES128,11610,10,16,2,success
107,SMK_Exchange_Flow,-,-,-,0,skipped_assumed_exists
107,deriveECUKey_CMAC_AES128,11710,10,16,2,success
108,SMK_Exchange_Flow,-,-,-,0,skipped_assumed_exists
108,deriveECUKey_CMAC_AES128,11810,10,16,2,success
109,SMK_Exchange_Flow,-,-,-,0,skipped_assumed_exists
109,deriveECUKey_CMAC_AES128,11910,10,16,2,success
110,SMK_Exchange_Flow,-,-,-,0,skipped_assumed_exists
110,deriveECUKey_CMAC_AES128,12010,10,16,2,success
111,SMK_Exchange_Flow,-,-,-,0,skipped_assumed_exists
111,deriveECUKey_CMAC_AES128,12110,10,16,2,success
112,SMK_Exchange_Flow,-,-,-,0,skipped_assumed_exists
112,deriveECUKey_CMAC_AES128,12210,10,16,2,success
113,SMK_Exchange_Flow,-,-,-,0,skipped_assumed_exists
113,deriveECUKey_CMAC_AES128,12310,10,16,2,success
114,SMK_Exchange_Flow,-,-,-,0,skipped_assumed_exists
114,deriveECUKey_CMAC_AES128,12410,10,16,2,success
115,SMK_Exchange_Flow,-,-,-,0,skipped_assumed_exists
115,deriveECUKey_CMAC_AES128,12510,10,16,2,success
116,SMK_Exchange_Flow,-,-,-,0,skipped_assumed_exists
116,deriveECUKey_CMAC_AES128,12610,10,16,2,success
117,SMK_Exchange_Flow,-,-,-,0,skipped_assumed_exists
117,deriveECUKey_CMAC_AES128,12710,10,16,2,success
118,SMK_Exchange_Flow,-,-,-,0,skipped_assumed_exists
118,deriveECUKey_CMAC_AES128,12810,10,16,2,success
119,SMK_Exchange_Flow,-,-,-,0,skipped_assumed_exists
119,deriveECUKey_CMAC_AES128,12910,10,16,2,success
120,SMK_Exchange_Flow,-,-,-,0,skipped_assumed_exists
120,deriveECUKey_CMAC_AES128,13010,10,16,2,success
121,SMK_Exchange_Flow,-,-,-,0,skipped_assumed_exists
121,deriveECUKey_CMAC_AES128,13110,10,16,2,success
122,SMK_Exchange_Flow,-,-,-,0,skipped_assumed_exists
122,deriveECUKey_CMAC_AES128,13210,10,16,2,success
123,SMK_Exchange_Flow,-,-,-,0,skipped_assumed_exists
123,deriveECUKey_CMAC_AES128,13310,10,16,2,success
124,SMK_Exchange_Flow,-,-,-,0,skipped_assumed_exists
124,deriveECUKey_CMAC_AES128,13410,10,16,2,success
125,SMK_Exchange_Flow,-,-,-,0,skipped_assumed_exists
125,deriveECUKey_CMAC_AES128,13510,10,16,2,success
126,SMK_Exchange_Flow,-,-,-,0,skipped_assumed_exists
126,deriveECUKey_CMAC_AES128,13610,10,16,2,success
127,SMK_Exchange_Flow,-,-,-,0,skipped_assumed_exists
127,deriveECUKey_CMAC_AES128,13710,10,16,2,success
128,SMK_Exchange_Flow,-,-,-,0,skipped_assumed_exists
128,deriveECUKey_CMAC_AES128,13810,10,16,2,success
129,SMK_Exchange_Flow,-,-,-,0,skipped_assumed_exists
129,deriveECUKey_CMAC_AES128,13910,10,16,2,success
130,SMK_Exchange_Flow,-,-,-,0,skipped_assumed_exists
130,deriveECUKey_CMAC_AES128,14010,10,16,2,success
131,SMK_Exchange_Flow,-,-,-,0,skipped_assumed_exists
131,deriveECUKey_CMAC_AES128,14110,10,16,2,success
132,SMK_Exchange_Flow,-,-,-,0,skipped_assumed_exists
132,deriveECUKey_CMAC_AES128,14210,10,16,2,success
133,SMK_Exchange_Flow,-,-,-,0,skipped_assumed_exists
133,deriveECUKey_CMAC_AES128,14310,10,16,2,success
134,SMK_Exchange_Flow,-,-,-,0,skipped_assumed_exists
134,deriveECUKey_CMAC_AES128,14410,10,16,2,success
135,SMK_Exchange_Flow,-,-,-,0,skipped_assumed_exists
135,deriveECUKey_CMAC_AES128,14510,10,16,2,success
136,SMK_Exchange_Flow,-,-,-,0,skipped_assumed_exists
136,deriveECUKey_CMAC_AES128,14610,10,16,2,success
137,SMK_Exchange_Flow,-,-,-,0,skipped_assumed_exists
137,deriveECUKey_CMAC_AES128,14710,10,16,2,success
138,SMK_Exchange_Flow,-,-,-,0,skipped_assumed_exists
138,deriveECUKey_CMAC_AES128,14810,10,16,2,success
139,SMK_Exchange_Flow,-,-,-,0,skipped_assumed_exists
139,deriveECUKey_CMAC_AES128,14910,10,16,2,success
140,SMK_Exchange_Flow,-,-,-,0,skipped_assumed_exists
140,deriveECUKey_CMAC_AES128,15010,10,16,2,success
141,SMK_Exchange_Flow,-,-,-,0,skipped_assumed_exists
141,deriveECUKey_CMAC_AES128,15110,10,16,2,success
142,SMK_Exchange_Flow,-,-,-,0,skipped_assumed_exists
142,deriveECUKey_CMAC_AES128,15210,10,16,2,success
143,SMK_Exchange_Flow,-,-,-,0,skipped_assumed_exists
143,deriveECUKey_CMAC_AES128,15310,10,16,2,success
144,SMK_Exchange_Flow,-,-,-,0,skipped_assumed_exists
144,deriveECUKey_CMAC_AES128,15410,10,16,2,success
145,SMK_Exchange_Flow,-,-,-,0,skipped_assumed_exists
145,deriveECUKey_CMAC_AES128,15510,10,16,2,success
146,SMK_Exchange_Flow,-,-,-,0,skipped_assumed_exists
146,deriveECUKey_CMAC_AES128,15610,10,16,2,success
147,SMK_Exchange_Flow,-,-,-,0,skipped_assumed_exists
147,deriveECUKey_CMAC_AES128,15710,10,16,2,success
148,SMK_Exchange_Flow,-,-,-,0,skipped_assumed_exists
148,deriveECUKey_CMAC_AES128,15810,10,16,2,success
149,SMK_Exchange_Flow,-,-,-,0,skipped_assumed_exists
149,deriveECUKey_CMAC_AES128,15910,10,16,2,success
150,SMK_Exchange_Flow,-,-,-,0,skipped_assumed_exists
150,deriveECUKey_CMAC_AES128,16010,10,16,2,success
151,SMK_Exchange_Flow,-,-,-,0,skipped_assumed_exists
151,deriveECUKey_CMAC_AES128,16110,10,16,2,success
152,SMK_Exchange_Flow,-,-,-,0,skipped_assumed_exists
152,deriveECUKey_CMAC_AES128,16210,10,16,2,success
153,SMK_Exchange_Flow,-,-,-,0,skipped_assumed_exists
153,deriveECUKey_CMAC_AES128,16310,10,16,2,success
154,SMK_Exchange_Flow,-,-,-,0,skipped_assumed_exists
154,deriveECUKey_CMAC_AES128,16410,10,16,2,success
155,SMK_Exchange_Flow,-,-,-,0,skipped_assumed_exists
155,deriveECUKey_CMAC_AES128,16510,10,16,2,success
156,SMK_Exchange_Flow,-,-,-,0,skipped_assumed_exists
156,deriveECUKey_CMAC_AES128,16610,10,16,2,success
157,SMK_Exchange_Flow,-,-,-,0,skipped_assumed_exists
157,deriveECUKey_CMAC_AES128,16710,10,16,2,success
158,SMK_Exchange_Flow,-,-,-,0,skipped_assumed_exists
158,deriveECUKey_CMAC_AES128,16810,10,16,2,success
159,SMK_Exchange_Flow,-,-,-,0,skipped_assumed_exists
159,deriveECUKey_CMAC_AES128,16910,10,16,2,success
160,SMK_Exchange_Flow,-,-,-,0,skipped_assumed_exists
160,deriveECUKey_CMAC_AES128,17010,10,16,2,success
161,SMK_Exchange_Flow,-,-,-,0,skipped_assumed_exists
161,deriveECUKey_CMAC_AES128,17110,10,16,2,success
162,SMK_Exchange_Flow,-,-,-,0,skipped_assumed_exists
162,deriveECUKey_CMAC_AES128,17210,10,16,2,success
163,SMK_Exchange_Flow,-,-,-,0,skipped_assumed_exists
163,deriveECUKey_CMAC_AES128,17310,10,16,2,success
164,SMK_Exchange_Flow,-,-,-,0,skipped_assumed_exists
164,deriveECUKey_CMAC_AES128,17410,10,16,2,success
165,SMK_Exchange_Flow,-,-,-,0,skipped_assumed_exists
165,deriveECUKey_CMAC_AES128,17510,10,16,2,success
166,SMK_Exchange_Flow,-,-,-,0,skipped_assumed_exists
166,deriveECUKey_CMAC_AES128,17610,10,16,2,success
167,SMK_Exchange_Flow,-,-,-,0,skipped_assumed_exists
167,deriveECUKey_CMAC_AES128,17710,10,16,2,success
168,SMK_Exchange_Flow,-,-,-,0,skipped_assumed_exists
168,deriveECUKey_CMAC_AES128,17810,10,16,2,success
169,SMK_Exchange_Flow,-,-,-,0,skipped_assumed_exists
169,deriveECUKey_CMAC_AES128,17910,10,16,2,success
170,SMK_Exchange_Flow,-,-,-,0,skipped_assumed_exists
170,deriveECUKey_CMAC_AES128,18010,10,16,2,success
171,SMK_Exchange_Flow,-,-,-,0,skipped_assumed_exists
171,deriveECUKey_CMAC_AES128,18110,10,16,2,success
172,SMK_Exchange_Flow,-,-,-,0,skipped_assumed_exists
172,deriveECUKey_CMAC_AES128,18210,10,16,2,success
173,SMK_Exchange_Flow,-,-,-,0,skipped_assumed_exists
173,deriveECUKey_CMAC_AES128,18310,10,16,2,success
174,SMK_Exchange_Flow,-,-,-,0,skipped_assumed_exists
174,deriveECUKey_CMAC_AES128,18410,10,16,2,success
175,SMK_Exchange_Flow,-,-,-,0,skipped_assumed_exists
175,deriveECUKey_CMAC_AES128,18510,10,16,2,success
176,SMK_Exchange_Flow,-,-,-,0,skipped_assumed_exists
176,deriveECUKey_CMAC_AES128,18610,10,16,2,success
177,SMK_Exchange_Flow,-,-,-,0,skipped_assumed_exists
177,deriveECUKey_CMAC_AES128,18710,10,16,2,success
178,SMK_Exchange_Flow,-,-,-,0,skipped_assumed_exists
178,deriveECUKey_CMAC_AES128,18810,10,16,2,success
179,SMK_Exchange_Flow,-,-,-,0,skipped_assumed_exists
179,deriveECUKey_CMAC_AES128,18910,10,16,2,success
180,SMK_Exchange_Flow,-,-,-,0,skipped_assumed_exists
180,deriveECUKey_CMAC_AES128,19010,10,16,2,success
181,SMK_Exchange_Flow,-,-,-,0,skipped_assumed_exists
181,deriveECUKey_CMAC_AES128,19110,10,16,2,success
182,SMK_Exchange_Flow,-,-,-,0,skipped_assumed_exists
182,deriveECUKey_CMAC_AES128,19210,10,16,2,success
183,SMK_Exchange_Flow,-,-,-,0,skipped_assumed_exists
183,deriveECUKey_CMAC_AES128,19310,10,16,2,success
184,SMK_Exchange_Flow,-,-,-,0,skipped_assumed_exists
184,deriveECUKey_CMAC_AES128,19410,10,16,2,success
185,SMK_Exchange_Flow,-,-,-,0,skipped_assumed_exists
185,deriveECUKey_CMAC_AES128,19510,10,16,2,success
186,SMK_Exchange_Flow,-,-,-,0,skipped_assumed_exists
186,deriveECUKey_CMAC_AES128,19610,10,16,2,success
187,SMK_Exchange_Flow,-,-,-,0,skipped_assumed_exists
187,deriveECUKey_CMAC_AES128,19710,10,16,2,success
188,SMK_Exchange_Flow,-,-,-,0,skipped_assumed_exists
188,deriveECUKey_CMAC_AES128,19810,10,16,2,success
189,SMK_Exchange_Flow,-,-,-,0,skipped_assumed_exists
189,deriveECUKey_CMAC_AES128,19910,10,16,2,success
190,SMK_Exchange_Flow,-,-,-,0,skipped_assumed_exists
190,deriveECUKey_CMAC_AES128,20010,10,16,2,success
191,SMK_Exchange_Flow,-,-,-,0,skipped_assumed_exists
191,deriveECUKey_CMAC_AES128,20110,10,16,2,success
192,SMK_Exchange_Flow,-,-,-,0,skipped_assumed_exists
192,deriveECUKey_CMAC_AES128,20210,10,16,2,success
193,SMK_Exchange_Flow,-,-,-,0,skipped_assumed_exists
193,deriveECUKey_CMAC_AES128,20310,10,16,2,success
194,SMK_Exchange_Flow,-,-,-,0,skipped_assumed_exists
194,deriveECUKey_CMAC_AES128,20410,10,16,2,success
195,SMK_Exchange_Flow,-,-,-,0,skipped_assumed_exists
195,deriveECUKey_CMAC_AES128,20510,10,16,2,success
196,SMK_Exchange_Flow,-,-,-,0,skipped_assumed_exists
196,deriveECUKey_CMAC_AES128,20610,10,16,2,success
197,SMK_Exchange_Flow,-,-,-,0,skipped_assumed_exists
197,deriveECUKey_CMAC_AES128,20710,10,16,2,success
198,SMK_Exchange_Flow,-,-,-,0,skipped_assumed_exists
198,deriveECUKey_CMAC_AES128,20810,10,16,2,success
199,SMK_Exchange_Flow,-,-,-,0,skipped_assumed_exists
199,deriveECUKey_CMAC_AES128,20910,10,16,2,success
200,SMK_Exchange_Flow,-,-,-,0,skipped_assumed_exists
200,deriveECUKey_CMAC_AES128,21010,10,16,2,success
201,SMK_Exchange_Flow,-,-,-,0,skipped_assumed_exists
201,deriveECUKey_CMAC_AES128,21110,10,16,2,success
202,SMK_Exchange_Flow,-,-,-,0,skipped_assumed_exists
202,deriveECUKey_CMAC_AES128,21210,10,16,2,success
203,SMK_Exchange_Flow,-,-,-,0,skipped_assumed_exists
203,deriveECUKey_CMAC_AES128,21310,10,16,2,success
204,SMK_Exchange_Flow,-,-,-,0,skipped_assumed_exists
204,deriveECUKey_CMAC_AES128,21410,10,16,2,success
205,SMK_Exchange_Flow,-,-,-,0,skipped_assumed_exists
205,deriveECUKey_CMAC_AES128,21510,10,16,2,success
206,SMK_Exchange_Flow,-,-,-,0,skipped_assumed_exists
206,deriveECUKey_CMAC_AES128,21610,10,16,2,success
207,SMK_Exchange_Flow,-,-,-,0,skipped_assumed_exists
207,deriveECUKey_CMAC_AES128,21710,10,16,2,success
208,SMK_Exchange_Flow,-,-,-,0,skipped_assumed_exists
208,deriveECUKey_CMAC_AES128,21810,10,16,2,success
209,SMK_Exchange_Flow,-,-,-,0,skipped_assumed_exists
209,deriveECUKey_CMAC_AES128,21910,10,16,2,success
210,SMK_Exchange_Flow,-,-,-,0,skipped_assumed_exists
210,deriveECUKey_CMAC_AES128,22010,10,16,2,success
211,SMK_Exchange_Flow,-,-,-,0,skipped_assumed_exists
211,deriveECUKey_CMAC_AES128,22110,10,16,2,success
212,SMK_Exchange_Flow,-,-,-,0,skipped_assumed_exists
212,deriveECUKey_CMAC_AES128,22210,10,16,2,success
213,SMK_Exchange_Flow,-,-,-,0,skipped_assumed_exists
213,deriveECUKey_CMAC_AES128,22310,10,16,2,success
214,SMK_Exchange_Flow,-,-,-,0,skipped_assumed_exists
214,deriveECUKey_CMAC_AES128,22410,10,16,2,success
215,SMK_Exchange_Flow,-,-,-,0,skipped_assumed_exists
215,deriveECUKey_CMAC_AES128,22510,10,16,2,success
216,SMK_Exchange_Flow,-,-,-,0,skipped_assumed_exists
216,deriveECUKey_CMAC_AES128,22610,10,16,2,success
217,SMK_Exchange_Flow,-,-,-,0,skipped_assumed_exists
217,deriveECUKey_CMAC_AES128,22710,10,16,2,success
218,SMK_Exchange_Flow,-,-,-,0,skipped_assumed_exists
218,deriveECUKey_CMAC_AES128,22810,10,16,2,success
219,SMK_Exchange_Flow,-,-,-,0,skipped_assumed_exists
219,deriveECUKey_CMAC_AES128,22910,10,16,2,success
220,SMK_Exchange_Flow,-,-,-,0,skipped_assumed_exists
220,deriveECUKey_CMAC_AES128,23010,10,16,2,success
221,SMK_Exchange_Flow,-,-,-,0,skipped_assumed_exists
221,deriveECUKey_CMAC_AES128,23110,10,16,2,success
222,SMK_Exchange_Flow,-,-,-,0,skipped_assumed_exists
222,deriveECUKey_CMAC_AES128,23210,10,16,2,success
223,SMK_Exchange_Flow,-,-,-,0,skipped_assumed_exists
223,deriveECUKey_CMAC_AES128,23310,10,16,2,success
224,SMK_Exchange_Flow,-,-,-,0,skipped_assumed_exists
224,deriveECUKey_CMAC_AES128,23410,10,16,2,success
225,SMK_Exchange_Flow,-,-,-,0,skipped_assumed_exists
225,deriveECUKey_CMAC_AES128,23510,10,16,2,success
226,SMK_Exchange_Flow,-,-,-,0,skipped_assumed_exists
226,deriveECUKey_CMAC_AES128,23610,10,16,2,success
227,SMK_Exchange_Flow,-,-,-,0,skipped_assumed_exists
227,deriveECUKey_CMAC_AES128,23710,10,16,2,success
228,SMK_Exchange_Flow,-,-,-,0,skipped_assumed_exists
228,deriveECUKey_CMAC_AES128,23810,10,16,2,success
229,SMK_Exchange_Flow,-,-,-,0,skipped_assumed_exists
229,deriveECUKey_CMAC_AES128,23910,10,16,2,success
230,SMK_Exchange_Flow,-,-,-,0,skipped_assumed_exists
230,deriveECUKey_CMAC_AES128,24010,10,16,2,success
231,SMK_Exchange_Flow,-,-,-,0,skipped_assumed_exists
231,deriveECUKey_CMAC_AES128,24110,10,16,2,success
232,SMK_Exchange_Flow,-,-,-,0,skipped_assumed_exists
232,deriveECUKey_CMAC_AES128,24210,10,16,2,success
233,SMK_Exchange_Flow,-,-,-,0,skipped_assumed_exists
233,deriveECUKey_CMAC_AES128,24310,10,16,2,success
234,SMK_Exchange_Flow,-,-,-,0,skipped_assumed_exists
234,deriveECUKey_CMAC_AES128,24410,10,16,2,success
235,SMK_Exchange_Flow,-,-,-,0,skipped_assumed_exists
235,deriveECUKey_CMAC_AES128,24510,10,16,2,success
236,SMK_Exchange_Flow,-,-,-,0,skipped_assumed_exists
236,deriveECUKey_CMAC_AES128,24610,10,16,2,success
237,SMK_Exchange_Flow,-,-,-,0,skipped_assumed_exists
237,deriveECUKey_CMAC_AES128,24710,10,16,2,success
238,SMK_Exchange_Flow,-,-,-,0,skipped_assumed_exists
238,deriveECUKey_CMAC_AES128,24810,10,16,2,success
239,SMK_Exchange_Flow,-,-,-,0,skipped_assumed_exists
239,deriveECUKey_CMAC_AES128,24910,10,16,2,success
240,SMK_Exchange_Flow,-,-,-,0,skipped_assumed_exists
240,deriveECUKey_CMAC_AES128,25010,10,16,2,success
241,SMK_Exchange_Flow,-,-,-,0,skipped_assumed_exists
241,deriveECUKey_CMAC_AES128,25110,10,16,2,success
242,SMK_Exchange_Flow,-,-,-,0,skipped_assumed_exists
242,deriveECUKey_CMAC_AES128,25210,10,16,2,success
243,SMK_Exchange_Flow,-,-,-,0,skipped_assumed_exists
243,deriveECUKey_CMAC_AES128,25310,10,16,2,success
244,SMK_Exchange_Flow,-,-,-,0,skipped_assumed_exists
244,deriveECUKey_CMAC_AES128,25410,10,16,2,success
245,SMK_Exchange_Flow,-,-,-,0,skipped_assumed_exists
245,deriveECUKey_CMAC_AES128,25510,10,16,2,success
246,SMK_Exchange_Flow,-,-,-,0,skipped_assumed_exists
246,deriveECUKey_CMAC_AES128,25610,10,16,2,success
247,SMK_Exchange_Flow,-,-,-,0,skipped_assumed_exists
247,deriveECUKey_CMAC_AES128,25710,10,16,2,success
248,SMK_Exchange_Flow,-,-,-,0,skipped_assumed_exists
248,deriveECUKey_CMAC_AES128,25810,10,16,2,success
249,SMK_Exchange_Flow,-,-,-,0,skipped_assumed_exists
249,deriveECUKey_CMAC_AES128,25910,10,16,2,success
250,SMK_Exchange_Flow,-,-,-,0,skipped_assumed_exists
250,deriveECUKey_CMAC_AES128,26010,10,16,2,success
251,SMK_Exchange_Flow,-,-,-,0,skipped_assumed_exists
251,deriveECUKey_CMAC_AES128,26110,10,16,2,success
252,SMK_Exchange_Flow,-,-,-,0,skipped_assumed_exists
252,deriveECUKey_CMAC_AES128,26210,10,16,2,success
253,SMK_Exchange_Flow,-,-,-,0,skipped_assumed_exists
253,deriveECUKey_CMAC_AES128,26310,10,16,2,success
254,SMK_Exchange_Flow,-,-,-,0,skipped_assumed_exists
254,deriveECUKey_CMAC_AES128,26410,10,16,2,success
255,SMK_Exchange_Flow,-,-,-,0,skipped_assumed_exists
255,deriveECUKey_CMAC_AES128,26510,10,16,2,success
256,SMK_Exchange_Flow,-,-,-,0,skipped_assumed_exists
256,deriveECUKey_CMAC_AES128,26610,10,16,2,success
257,SMK_Exchange_Flow,-,-,-,0,skipped_assumed_exists
257,deriveECUKey_CMAC_AES128,26710,10,16,2,success
258,SMK_Exchange_Flow,-,-,-,0,skipped_assumed_exists
258,deriveECUKey_CMAC_AES128,26810,10,16,2,success
259,SMK_Exchange_Flow,-,-,-,0,skipped_assumed_exists
259,deriveECUKey_CMAC_AES128,26910,10,16,2,success
260,SMK_Exchange_Flow,-,-,-,0,skipped_assumed_exists
260,deriveECUKey_CMAC_AES128,27010,10,16,2,success
261,SMK_Exchange_Flow,-,-,-,0,skipped_assumed_exists
261,deriveECUKey_CMAC_AES128,27110,10,16,2,success
262,SMK_Exchange_Flow,-,-,-,0,skipped_assumed_exists
262,deriveECUKey_CMAC_AES128,27210,10,16,2,success
263,SMK_Exchange_Flow,-,-,-,0,skipped_assumed_exists
263,deriveECUKey_CMAC_AES128,27310,10,16,2,success
264,SMK_Exchange_Flow,-,-,-,0,skipped_assumed_exists
264,deriveECUKey_CMAC_AES128,27410,10,16,2,success
265,SMK_Exchange_Flow,-,-,-,0,skipped_assumed_exists
265,deriveECUKey_CMAC_AES128,27510,10,16,2,success
266,SMK_Exchange_Flow,-,-,-,0,skipped_assumed_exists
266,deriveECUKey_CMAC_AES128,27610,10,16,2,success
267,SMK_Exchange_Flow,-,-,-,0,skipped_assumed_exists
267,deriveECUKey_CMAC_AES128,27710,10,16,2,success
268,SMK_Exchange_Flow,-,-,-,0,skipped_assumed_exists
268,deriveECUKey_CMAC_AES128,27810,10,16,2,success
269,SMK_Exchange_Flow,-,-,-,0,skipped_assumed_exists
269,deriveECUKey_CMAC_AES128,27910,10,16,2,success
270,SMK_Exchange_Flow,-,-,-,0,skipped_assumed_exists
270,deriveECUKey_CMAC_AES128,28010,10,16,2,success
271,SMK_Exchange_Flow,-,-,-,0,skipped_assumed_exists
271,deriveECUKey_CMAC_AES128,28110,10,16,2,success
272,SMK_Exchange_Flow,-,-,-,0,skipped_assumed_exists
272,deriveECUKey_CMAC_AES128,28210,10,16,2,success
273,SMK_Exchange_Flow,-,-,-,0,skipped_assumed_exists
273,deriveECUKey_CMAC_AES128,28310,10,16,2,success
274,SMK_Exchange_Flow,-,-,-,0,skipped_assumed_exists
274,deriveECUKey_CMAC_AES128,28410,10,16,2,success
275,SMK_Exchange_Flow,-,-,-,0,skipped_assumed_exists
275,deriveECUKey_CMAC_AES128,28510,10,16,2,success
276,SMK_Exchange_Flow,-,-,-,0,skipped_assumed_exists
276,deriveECUKey_CMAC_AES128,28610,10,16,2,success
277,SMK_Exchange_Flow,-,-,-,0,skipped_assumed_exists
277,deriveECUKey_CMAC_AES128,28710,10,16,2,success
278,SMK_Exchange_Flow,-,-,-,0,skipped_assumed_exists
278,deriveECUKey_CMAC_AES128,28810,10,16,2,success
279,SMK_Exchange_Flow,-,-,-,0,skipped_assumed_exists
279,deriveECUKey_CMAC_AES128,28910,10,16,2,success
280,SMK_Exchange_Flow,-,-,-,0,skipped_assumed_exists
280,deriveECUKey_CMAC_AES128,29010,10,16,2,success
281,SMK_Exchange_Flow,-,-,-,0,skipped_assumed_exists
281,deriveECUKey_CMAC_AES128,29110,10,16,2,success
282,SMK_Exchange_Flow,-,-,-,0,skipped_assumed_exists
282,deriveECUKey_CMAC_AES128,29210,10,16,2,success
283,SMK_Exchange_Flow,-,-,-,0,skipped_assumed_exists
283,deriveECUKey_CMAC_AES128,29310,10,16,2,success
284,SMK_Exchange_Flow,-,-,-,0,skipped_assumed_exists
284,deriveECUKey_CMAC_AES128,29410,10,16,2,success
285,SMK_Exchange_Flow,-,-,-,0,skipped_assumed_exists
285,deriveECUKey_CMAC_AES128,29510,10,16,2,success
286,SMK_Exchange_Flow,-,-,-,0,skipped_assumed_exists
286,deriveECUKey_CMAC_AES128,29610,10,16,2,success
287,SMK_Exchange_Flow,-,-,-,0,skipped_assumed_exists
287,deriveECUKey_CMAC_AES128,29710,10,16,2,success
288,SMK_Exchange_Flow,-,-,-,0,skipped_assumed_exists
288,deriveECUKey_CMAC_AES128,29810,10,16,2,success
289,SMK_Exchange_Flow,-,-,-,0,skipped_assumed_exists
289,deriveECUKey_CMAC_AES128,29910,10,16,2,success
290,SMK_Exchange_Flow,-,-,-,0,skipped_assumed_exists
290,deriveECUKey_CMAC_AES128,30010,10,16,2,success
291,SMK_Exchange_Flow,-,-,-,0,skipped_assumed_exists
291,deriveECUKey_CMAC_AES128,30110,10,16,2,success
292,SMK_Exchange_Flow,-,-,-,0,skipped_assumed_exists
292,deriveECUKey_CMAC_AES128,30210,10,16,2,success
293,SMK_Exchange_Flow,-,-,-,0,skipped_assumed_exists
293,deriveECUKey_CMAC_AES128,30310,10,16,2,success
294,SMK_Exchange_Flow,-,-,-,0,skipped_assumed_exists
294,deriveECUKey_CMAC_AES128,30410,10,16,2,success
295,SMK_Exchange_Flow,-,-,-,0,skipped_assumed_exists
295,deriveECUKey_CMAC_AES128,30510,10,16,2,success
296,SMK_Exchange_Flow,-,-,-,0,skipped_assumed_exists
296,deriveECUKey_CMAC_AES128,30610,10,16,2,success
297,SMK_Exchange_Flow,-,-,-,0,skipped_assumed_exists
297,deriveECUKey_CMAC_AES128,30710,10,16,2,success
298,SMK_Exchange_Flow,-,-,-,0,skipped_assumed_exists
298,deriveECUKey_CMAC_AES128,30810,10,16,2,success
299,SMK_Exchange_Flow,-,-,-,0,skipped_assumed_exists
299,deriveECUKey_CMAC_AES128,30910,10,16,2,success
300,SMK_Exchange_Flow,-,-,-,0,skipped_assumed_exists
300,deriveECUKey_CMAC_AES128,31010,10,16,2,success
301,SMK_Exchange_Flow,-,-,-,0,skipped_assumed_exists
301,deriveECUKey_CMAC_AES128,31110,10,16,2,success
302,SMK_Exchange_Flow,-,-,-,0,skipped_assumed_exists
302,deriveECUKey_CMAC_AES128,31210,10,16,2,success
303,SMK_Exchange_Flow,-,-,-,0,skipped_assumed_exists
303,deriveECUKey_CMAC_AES128,31310,10,16,2,success
304,SMK_Exchange_Flow,-,-,-,0,skipped_assumed_exists
304,deriveECUKey_CMAC_AES128,31410,10,16,2,success
305,SMK_Exchange_Flow,-,-,-,0,skipped_assumed_exists
305,deriveECUKey_CMAC_AES128,31510,10,16,2,success
306,SMK_Exchange_Flow,-,-,-,0,skipped_assumed_exists
306,deriveECUKey_CMAC_AES128,31610,10,16,2,success
307,SMK_Exchange_Flow,-,-,-,0,skipped_assumed_exists
307,deriveECUKey_CMAC_AES128,31710,10,16,2,success
308,SMK_Exchange_Flow,-,-,-,0,skipped_assumed_exists
308,deriveECUKey_CMAC_AES128,31810,10,16,2,success
309,SMK_Exchange_Flow,-,-,-,0,skipped_assumed_exists
309,deriveECUKey_CMAC_AES128,31910,10,16,2,success
310,SMK_Exchange_Flow,-,-,-,0,skipped_assumed_exists
310,deriveECUKey_CMAC_AES128,32010,10,16,2,success
311,SMK_Exchange_Flow,-,-,-,0,skipped_assumed_exists
311,deriveECUKey_CMAC_AES128,32110,10,16,2,success
312,SMK_Exchange_Flow,-,-,-,0,skipped_assumed_exists
312,deriveECUKey_CMAC_AES128,32210,10,16,2,success
313,SMK_Exchange_Flow,-,-,-,0,skipped_assumed_exists
313,deriveECUKey_CMAC_AES128,32310,10,16,2,success
314,SMK_Exchange_Flow,-,-,-,0,skipped_assumed_exists
314,deriveECUKey_CMAC_AES128,32410,10,16,2,success
315,SMK_Exchange_Flow,-,-,-,0,skipped_assumed_exists
315,deriveECUKey_CMAC_AES128,32510,10,16,2,success
316,SMK_Exchange_Flow,-,-,-,0,skipped_assumed_exists
316,deriveECUKey_CMAC_AES128,32610,10,16,2,success
317,SMK_Exchange_Flow,-,-,-,0,skipped_assumed_exists
317,deriveECUKey_CMAC_AES128,32710,10,16,2,success
318,SMK_Exchange_Flow,-,-,-,0,skipped_assumed_exists
318,deriveECUKey_CMAC_AES128,32810,10,16,2,success
319,SMK_Exchange_Flow,-,-,-,0,skipped_assumed_exists
319,deriveECUKey_CMAC_AES128,32910,10,16,2,success
320,SMK_Exchange_Flow,-,-,-,0,skipped_assumed_exists
320,deriveECUKey_CMAC_AES128,33010,10,16,2,success
321,SMK_Exchange_Flow,-,-,-,0,skipped_assumed_exists
321,deriveECUKey_CMAC_AES128,33110,10,16,2,success
322,SMK_Exchange_Flow,-,-,-,0,skipped_assumed_exists
322,deriveECUKey_CMAC_AES128,33210,10,16,2,success
323,SMK_Exchange_Flow,-,-,-,0,skipped_assumed_exists
323,deriveECUKey_CMAC_AES128,33310,10,16,2,success
324,SMK_Exchange_Flow,-,-,-,0,skipped_assumed_exists
324,deriveECUKey_CMAC_AES128,33410,10,16,2,success
325,SMK_Exchange_Flow,-,-,-,0,skipped_assumed_exists
325,deriveECUKey_CMAC_AES128,33510,10,16,2,success
326,SMK_Exchange_Flow,-,-,-,0,skipped_assumed_exists
326,deriveECUKey_CMAC_AES128,33610,10,16,2,success
327,SMK_Exchange_Flow,-,-,-,0,skipped_assumed_exists
327,deriveECUKey_CMAC_AES128,33710,10,16,2,success
328,SMK_Exchange_Flow,-,-,-,0,skipped_assumed_exists
328,deriveECUKey_CMAC_AES128,33810,10,16,2,success
329,SMK_Exchange_Flow,-,-,-,0,skipped_assumed_exists
329,deriveECUKey_CMAC_AES128,33910,10,16,2,success
330,SMK_Exchange_Flow,-,-,-,0,skipped_assumed_exists
330,deriveECUKey_CMAC_AES128,34010,10,16,2,success
331,SMK_Exchange_Flow,-,-,-,0,skipped_assumed_exists
331,deriveECUKey_CMAC_AES128,34110,10,16,2,success
332,SMK_Exchange_Flow,-,-,-,0,skipped_assumed_exists
332,deriveECUKey_CMAC_AES128,34210,10,16,2,success
333,SMK_Exchange_Flow,-,-,-,0,skipped_assumed_exists
333,deriveECUKey_CMAC_AES128,34310,10,16,2,success
334,SMK_Exchange_Flow,-,-,-,0,skipped_assumed_exists
334,deriveECUKey_CMAC_AES128,34410,10,16,2,success
335,SMK_Exchange_Flow,-,-,-,0,skipped_assumed_exists
335,deriveECUKey_CMAC_AES128,34510,10,16,2,success
336,SMK_Exchange_Flow,-,-,-,0,skipped_assumed_exists
336,deriveECUKey_CMAC_AES128,34610,10,16,2,success
337,SMK_Exchange_Flow,-,-,-,0,skipped_assumed_exists
337,deriveECUKey_CMAC_AES128,34710,10,16,2,success
338,SMK_Exchange_Flow,-,-,-,0,skipped_assumed_exists
338,deriveECUKey_CMAC_AES128,34810,10,16,2,success
339,SMK_Exchange_Flow,-,-,-,0,skipped_assumed_exists
339,deriveECUKey_CMAC_AES128,34910,10,16,2,success
340,SMK_Exchange_Flow,-,-,-,0,skipped_assumed_exists
340,deriveECUKey_CMAC_AES128,35010,10,16,2,success
341,SMK_Exchange_Flow,-,-,-,0,skipped_assumed_exists
341,deriveECUKey_CMAC_AES128,35110,10,16,2,success
342,SMK_Exchange_Flow,-,-,-,0,skipped_assumed_exists
342,deriveECUKey_CMAC_AES128,35210,10,16,2,success
343,SMK_Exchange_Flow,-,-,-,0,skipped_assumed_exists
343,deriveECUKey_CMAC_AES128,35310,10,16,2,success
344,SMK_Exchange_Flow,-,-,-,0,skipped_assumed_exists
344,deriveECUKey_CMAC_AES128,35410,10,16,2,success
345,SMK_Exchange_Flow,-,-,-,0,skipped_assumed_exists
345,deriveECUKey_CMAC_AES128,35510,10,16,2,success
346,SMK_Exchange_Flow,-,-,-,0,skipped_assumed_exists
346,deriveECUKey_CMAC_AES128,35610,10,16,2,success
347,SMK_Exchange_Flow,-,-,-,0,skipped_assumed_exists
347,deriveECUKey_CMAC_AES128,35710,10,16,2,success
348,SMK_Exchange_Flow,-,-,-,0,skipped_assumed_exists
348,deriveECUKey_CMAC_AES128,35810,10,16,2,success
349,SMK_Exchange_Flow,-,-,-,0,skipped_assumed_exists
349,deriveECUKey_CMAC_AES128,35910,10,16,2,success
350,SMK_Exchange_Flow,-,-,-,0,skipped_assumed_exists
350,deriveECUKey_CMAC_AES128,36010,10,16,2,success
351,SMK_Exchange_Flow,-,-,-,0,skipped_assumed_exists
351,deriveECUKey_CMAC_AES128,36110,10,16,2,success
352,SMK_Exchange_Flow,-,-,-,0,skipped_assumed_exists
352,deriveECUKey_CMAC_AES128,36210,10,16,2,success
353,SMK_Exchange_Flow,-,-,-,0,skipped_assumed_exists
353,deriveECUKey_CMAC_AES128,36310,10,16,2,success
354,SMK_Exchange_Flow,-,-,-,0,skipped_assumed_exists
354,deriveECUKey_CMAC_AES128,36410,10,16,2,success
355,SMK_Exchange_Flow,-,-,-,0,skipped_assumed_exists
355,deriveECUKey_CMAC_AES128,36510,10,16,2,success
356,SMK_Exchange_Flow,-,-,-,0,skipped_assumed_exists
356,deriveECUKey_CMAC_AES128,36610,10,16,2,success
357,SMK_Exchange_Flow,-,-,-,0,skipped_assumed_exists
357,deriveECUKey_CMAC_AES128,36710,10,16,2,success
358,SMK_Exchange_Flow,-,-,-,0,skipped_assumed_exists
358,deriveECUKey_CMAC_AES128,36810,10,16,2,success
359,SMK_Exchange_Flow,-,-,-,0,skipped_assumed_exists
359,deriveECUKey_CMAC_AES128,36910,10,16,2,success
360,SMK_Exchange_Flow,-,-,-,0,skipped_assumed_exists
360,deriveECUKey_CMAC_AES128,37010,10,16,2,success
361,SMK_Exchange_Flow,-,-,-,0,skipped_assumed_exists
361,deriveECUKey_CMAC_AES128,37110,10,16,2,success
362,SMK_Exchange_Flow,-,-,-,0,skipped_assumed_exists
362,deriveECUKey_CMAC_AES128,37210,10,16,2,success
363,SMK_Exchange_Flow,-,-,-,0,skipped_assumed_exists
363,deriveECUKey_CMAC_AES128,37310,10,16,2,success
364,SMK_Exchange_Flow,-,-,-,0,skipped_assumed_exists
364,deriveECUKey_CMAC_AES128,37410,10,16,2,success
365,SMK_Exchange_Flow,-,-,-,0,skipped_assumed_exists
365,deriveECUKey_CMAC_AES128,37510,10,16,2,success
366,SMK_Exchange_Flow,-,-,-,0,skipped_assumed_exists
366,deriveECUKey_CMAC_AES128,37610,10,16,2,success
367,SMK_Exchange_Flow,-,-,-,0,skipped_assumed_exists
367,deriveECUKey_CMAC_AES128,37710,10,16,2,success
368,SMK_Exchange_Flow,-,-,-,0,skipped_assumed_exists
368,deriveECUKey_CMAC_AES128,37810,10,16,2,success
369,SMK_Exchange_Flow,-,-,-,0,skipped_assumed_exists
369,deriveECUKey_CMAC_AES128,37910,10,16,2,success
370,SMK_Exchange_Flow,-,-,-,0,skipped_assumed_exists
370,deriveECUKey_CMAC_AES128,38010,10,16,2,success
371,SMK_Exchange_Flow,-,-,-,0,skipped_assumed_exists
371,deriveECUKey_CMAC_AES128,38110,10,16,2,success
372,SMK_Exchange_Flow,-,-,-,0,skipped_assumed_exists
372,deriveECUKey_CMAC_AES128,38210,10,16,2,success
373,SMK_Exchange_Flow,-,-,-,0,skipped_assumed_exists
373,deriveECUKey_CMAC_AES128,38310,10,16,2,success
374,SMK_Exchange_Flow,-,-,-,0,skipped_assumed_exists
374,deriveECUKey_CMAC_AES128,38410,10,16,2,success
375,SMK_Exchange_Flow,-,-,-,0,skipped_assumed_exists
375,deriveECUKey_CMAC_AES128,38510,10,16,2,success
376,SMK_Exchange_Flow,-,-,-,0,skipped_assumed_exists
376,deriveECUKey_CMAC_AES128,38610,10,16,2,success
377,SMK_Exchange_Flow,-,-,-,0,skipped_assumed_exists
377,deriveECUKey_CMAC_AES128,38710,10,16,2,success
378,SMK_Exchange_Flow,-,-,-,0,skipped_assumed_exists
378,deriveECUKey_CMAC_AES128,38810,10,16,2,success
379,SMK_Exchange_Flow,-,-,-,0,skipped_assumed_exists
379,deriveECUKey_CMAC_AES128,38910,10,16,2,success
380,SMK_Exchange_Flow,-,-,-,0,skipped_assumed_exists
380,deriveECUKey_CMAC_AES128,39010,10,16,2,success
381,SMK_Exchange_Flow,-,-,-,0,skipped_assumed_exists
381,deriveECUKey_CMAC_AES128,39110,10,16,2,success
382,SMK_Exchange_Flow,-,-,-,0,skipped_assumed_exists
382,deriveECUKey_CMAC_AES128,39210,10,16,2,success
383,SMK_Exchange_Flow,-,-,-,0,skipped_assumed_exists
383,deriveECUKey_CMAC_AES128,39310,10,16,2,success
384,SMK_Exchange_Flow,-,-,-,0,skipped_assumed_exists
384,deriveECUKey_CMAC_AES128,39410,10,16,2,success
385,SMK_Exchange_Flow,-,-,-,0,skipped_assumed_exists
385,deriveECUKey_CMAC_AES128,39510,10,16,2,success
386,SMK_Exchange_Flow,-,-,-,0,skipped_assumed_exists
386,deriveECUKey_CMAC_AES128,39610,10,16,2,success
387,SMK_Exchange_Flow,-,-,-,0,skipped_assumed_exists
387,deriveECUKey_CMAC_AES128,39710,10,16,2,success
388,SMK_Exchange_Flow,-,-,-,0,skipped_assumed_exists
388,deriveECUKey_CMAC_AES128,39810,10,16,2,success
389,SMK_Exchange_Flow,-,-,-,0,skipped_assumed_exists
389,deriveECUKey_CMAC_AES128,39910,10,16,2,success
390,SMK_Exchange_Flow,-,-,-,0,skipped_assumed_exists
390,deriveECUKey_CMAC_AES128,40010,10,16,2,success
391,SMK_Exchange_Flow,-,-,-,0,skipped_assumed_exists
391,deriveECUKey_CMAC_AES128,40110,10,16,2,success
392,SMK_Exchange_Flow,-,-,-,0,skipped_assumed_exists
392,deriveECUKey_CMAC_AES128,40210,10,16,2,success
393,SMK_Exchange_Flow,-,-,-,0,skipped_assumed_exists
393,deriveECUKey_CMAC_AES128,40310,10,16,2,success
394,SMK_Exchange_Flow,-,-,-,0,skipped_assumed_exists
394,deriveECUKey_CMAC_AES128,40410,10,16,2,success
395,SMK_Exchange_Flow,-,-,-,0,skipped_assumed_exists
395,deriveECUKey_CMAC_AES128,40510,10,16,2,success
396,SMK_Exchange_Flow,-,-,-,0,skipped_assumed_exists
396,deriveECUKey_CMAC_AES128,40610,10,16,2,success
397,SMK_Exchange_Flow,-,-,-,0,skipped_assumed_exists
397,deriveECUKey_CMAC_AES128,40710,10,16,2,success
398,SMK_Exchange_Flow,-,-,-,0,skipped_assumed_exists
398,deriveECUKey_CMAC_AES128,40810,10,16,2,success
399,SMK_Exchange_Flow,-,-,-,0,skipped_assumed_exists
399,deriveECUKey_CMAC_AES128,40910,10,16,2,success
400,SMK_Exchange_Flow,-,-,-,0,skipped_assumed_exists
400,deriveECUKey_CMAC_AES128,41010,10,16,2,success
401,SMK_Exchange_Flow,-,-,-,0,skipped_assumed_exists
401,deriveECUKey_CMAC_AES128,41110,10,16,2,success
402,SMK_Exchange_Flow,-,-,-,0,skipped_assumed_exists
402,deriveECUKey_CMAC_AES128,41210,10,16,2,success
403,SMK_Exchange_Flow,-,-,-,0,skipped_assumed_exists
403,deriveECUKey_CMAC_AES128,41310,10,16,2,success
404,SMK_Exchange_Flow,-,-,-,0,skipped_assumed_exists
404,deriveECUKey_CMAC_AES128,41410,10,16,2,success
405,SMK_Exchange_Flow,-,-,-,0,skipped_assumed_exists
405,deriveECUKey_CMAC_AES128,41510,10,16,2,success
406,SMK_Exchange_Flow,-,-,-,0,skipped_assumed_exists
406,deriveECUKey_CMAC_AES128,41610,10,16,2,success
407,SMK_Exchange_Flow,-,-,-,0,skipped_assumed_exists
407,deriveECUKey_CMAC_AES128,41710,10,16,2,success
408,SMK_Exchange_Flow,-,-,-,0,skipped_assumed_exists
408,deriveECUKey_CMAC_AES128,41810,10,16,2,success
409,SMK_Exchange_Flow,-,-,-,0,skipped_assumed_exists
409,deriveECUKey_CMAC_AES128,41910,10,16,2,success
410,SMK_Exchange_Flow,-,-,-,0,skipped_assumed_exists
410,deriveECUKey_CMAC_AES128,42010,10,16,2,success
411,SMK_Exchange_Flow,-,-,-,0,skipped_assumed_exists
411,deriveECUKey_CMAC_AES128,42110,10,16,2,success
412,SMK_Exchange_Flow,-,-,-,0,skipped_assumed_exists
412,deriveECUKey_CMAC_AES128,42210,10,16,2,success
413,SMK_Exchange_Flow,-,-,-,0,skipped_assumed_exists
413,deriveECUKey_CMAC_AES128,42310,10,16,2,success
414,SMK_Exchange_Flow,-,-,-,0,skipped_assumed_exists
414,deriveECUKey_CMAC_AES128,42410,10,16,2,success
415,SMK_Exchange_Flow,-,-,-,0,skipped_assumed_exists
415,deriveECUKey_CMAC_AES128,42510,10,16,2,success
416,SMK_Exchange_Flow,-,-,-,0,skipped_assumed_exists
416,deriveECUKey_CMAC_AES128,42610,10,16,2,success
417,SMK_Exchange_Flow,-,-,-,0,skipped_assumed_exists
417,deriveECUKey_CMAC_AES128,42710,10,16,2,success
418,SMK_Exchange_Flow,-,-,-,0,skipped_assumed_exists
418,deriveECUKey_CMAC_AES128,42810,10,16,2,success
419,SMK_Exchange_Flow,-,-,-,0,skipped_assumed_exists
419,deriveECUKey_CMAC_AES128,42910,10,16,2,success
420,SMK_Exchange_Flow,-,-,-,0,skipped_assumed_exists
420,deriveECUKey_CMAC_AES128,43010,10,16,2,success
421,SMK_Exchange_Flow,-,-,-,0,skipped_assumed_exists
421,deriveECUKey_CMAC_AES128,43110,10,16,2,success
422,SMK_Exchange_Flow,-,-,-,0,skipped_assumed_exists
422,deriveECUKey_CMAC_AES128,43210,10,16,2,success
423,SMK_Exchange_Flow,-,-,-,0,skipped_assumed_exists
423,deriveECUKey_CMAC_AES128,43310,10,16,2,success
424,SMK_Exchange_Flow,-,-,-,0,skipped_assumed_exists
424,deriveECUKey_CMAC_AES128,43410,10,16,2,success
425,SMK_Exchange_Flow,-,-,-,0,skipped_assumed_exists
425,deriveECUKey_CMAC_AES128,43510,10,16,2,success
426,SMK_Exchange_Flow,-,-,-,0,skipped_assumed_exists
426,deriveECUKey_CMAC_AES128,43610,10,16,2,success
427,SMK_Exchange_Flow,-,-,-,0,skipped_assumed_exists
427,deriveECUKey_CMAC_AES128,43710,10,16,2,success
428,SMK_Exchange_Flow,-,-,-,0,skipped_assumed_exists
428,deriveECUKey_CMAC_AES128,43810,10,16,2,success
429,SMK_Exchange_Flow,-,-,-,0,skipped_assumed_exists
429,deriveECUKey_CMAC_AES128,43910,10,16,2,success
430,SMK_Exchange_Flow,-,-,-,0,skipped_assumed_exists
430,deriveECUKey_CMAC_AES128,44010,10,16,2,success
431,SMK_Exchange_Flow,-,-,-,0,skipped_assumed_exists
431,deriveECUKey_CMAC_AES128,44110,10,16,2,success
432,SMK_Exchange_Flow,-,-,-,0,skipped_assumed_exists
432,deriveECUKey_CMAC_AES128,44210,10,16,2,success
433,SMK_Exchange_Flow,-,-,-,0,skipped_assumed_exists
433,deriveECUKey_CMAC_AES128,44310,10,16,2,success
434,SMK_Exchange_Flow,-,-,-,0,skipped_assumed_exists
434,deriveECUKey_CMAC_AES128,44410,10,16,2,success
435,SMK_Exchange_Flow,-,-,-,0,skipped_assumed_exists
435,deriveECUKey_CMAC_AES128,44510,10,16,2,success
436,SMK_Exchange_Flow,-,-,-,0,skipped_assumed_exists
436,deriveECUKey_CMAC_AES128,44610,10,16,2,success
437,SMK_Exchange_Flow,-,-,-,0,skipped_assumed_exists
437,deriveECUKey_CMAC_AES128,44710,10,16,2,success
438,SMK_Exchange_Flow,-,-,-,0,skipped_assumed_exists
438,deriveECUKey_CMAC_AES128,44810,10,16,2,success
439,SMK_Exchange_Flow,-,-,-,0,skipped_assumed_exists
439,deriveECUKey_CMAC_AES128,44910,10,16,2,success
440,SMK_Exchange_Flow,-,-,-,0,skipped_assumed_exists
440,deriveECUKey_CMAC_AES128,45010,10,16,2,success
441,SMK_Exchange_Flow,-,-,-,0,skipped_assumed_exists
441,deriveECUKey_CMAC_AES128,45110,10,16,2,success
442,SMK_Exchange_Flow,-,-,-,0,skipped_assumed_exists
442,deriveECUKey_CMAC_AES128,45210,10,16,2,success
443,SMK_Exchange_Flow,-,-,-,0,skipped_assumed_exists
443,deriveECUKey_CMAC_AES128,45310,10,16,2,success
444,SMK_Exchange_Flow,-,-,-,0,skipped_assumed_exists
444,deriveECUKey_CMAC_AES128,45410,10,16,2,success
445,SMK_Exchange_Flow,-,-,-,0,skipped_assumed_exists
445,deriveECUKey_CMAC_AES128,45510,10,16,2,success
446,SMK_Exchange_Flow,-,-,-,0,skipped_assumed_exists
446,deriveECUKey_CMAC_AES128,45610,10,16,2,success
447,SMK_Exchange_Flow,-,-,-,0,skipped_assumed_exists
447,deriveECUKey_CMAC_AES128,45710,10,16,2,success
448,SMK_Exchange_Flow,-,-,-,0,skipped_assumed_exists
448,deriveECUKey_CMAC_AES128,45810,10,16,2,success
449,SMK_Exchange_Flow,-,-,-,0,skipped_assumed_exists
449,deriveECUKey_CMAC_AES128,45910,10,16,2,success
450,SMK_Exchange_Flow,-,-,-,0,skipped_assumed_exists
450,deriveECUKey_CMAC_AES128,46010,10,16,2,success
451,SMK_Exchange_Flow,-,-,-,0,skipped_assumed_exists
451,deriveECUKey_CMAC_AES128,46110,10,16,2,success
452,SMK_Exchange_Flow,-,-,-,0,skipped_assumed_exists
452,deriveECUKey_CMAC_AES128,46210,10,16,2,success
453,SMK_Exchange_Flow,-,-,-,0,skipped_assumed_exists
453,deriveECUKey_CMAC_AES128,46310,10,16,2,success
454,SMK_Exchange_Flow,-,-,-,0,skipped_assumed_exists
454,deriveECUKey_CMAC_AES128,46410,10,16,2,success
455,SMK_Exchange_Flow,-,-,-,0,skipped_assumed_exists
455,deriveECUKey_CMAC_AES128,46510,10,16,2,success
456,SMK_Exchange_Flow,-,-,-,0,skipped_assumed_exists
456,deriveECUKey_CMAC_AES128,46610,10,16,2,success
457,SMK_Exchange_Flow,-,-,-,0,skipped_assumed_exists
457,deriveECUKey_CMAC_AES128,46710,10,16,2,success
458,SMK_Exchange_Flow,-,-,-,0,skipped_assumed_exists
458,deriveECUKey_CMAC_AES128,46810,10,16,2,success
459,SMK_Exchange_Flow,-,-,-,0,skipped_assumed_exists
459,deriveECUKey_CMAC_AES128,46910,10,16,2,success
460,SMK_Exchange_Flow,-,-,-,0,skipped_assumed_exists
460,deriveECUKey_CMAC_AES128,47010,10,16,2,success
461,SMK_Exchange_Flow,-,-,-,0,skipped_assumed_exists
461,deriveECUKey_CMAC_AES128,47110,10,16,2,success
462,SMK_Exchange_Flow,-,-,-,0,skipped_assumed_exists
462,deriveECUKey_CMAC_AES128,47210,10,16,2,success
463,SMK_Exchange_Flow,-,-,-,0,skipped_assumed_exists
463,deriveECUKey_CMAC_AES128,47310,10,16,2,success
464,SMK_Exchange_Flow,-,-,-,0,skipped_assumed_exists
464,deriveECUKey_CMAC_AES128,47410,10,16,2,success
465,SMK_Exchange_Flow,-,-,-,0,skipped_assumed_exists
465,deriveECUKey_CMAC_AES128,47510,10,16,2,success
466,SMK_Exchange_Flow,-,-,-,0,skipped_assumed_exists
466,deriveECUKey_CMAC_AES128,47610,10,16,2,success
467,SMK_Exchange_Flow,-,-,-,0,skipped_assumed_exists
467,deriveECUKey_CMAC_AES128,47710,10,16,2,success
468,SMK_Exchange_Flow,-,-,-,0,skipped_assumed_exists
468,deriveECUKey_CMAC_AES128,47810,10,16,2,success
469,SMK_Exchange_Flow,-,-,-,0,skipped_assumed_exists
469,deriveECUKey_CMAC_AES128,47910,10,16,2,success
470,SMK_Exchange_Flow,-,-,-,0,skipped_assumed_exists
470,deriveECUKey_CMAC_AES128,48010,10,16,2,success
471,SMK_Exchange_Flow,-,-,-,0,skipped_assumed_exists
471,deriveECUKey_CMAC_AES128,48110,10,16,2,success
472,SMK_Exchange_Flow,-,-,-,0,skipped_assumed_exists
472,deriveECUKey_CMAC_AES128,48210,10,16,2,success
473,SMK_Exchange_Flow,-,-,-,0,skipped_assumed_exists
473,deriveECUKey_CMAC_AES128,48310,10,16,2,success
474,SMK_Exchange_Flow,-,-,-,0,skipped_assumed_exists
474,deriveECUKey_CMAC_AES128,48410,10,16,2,success
475,SMK_Exchange_Flow,-,-,-,0,skipped_assumed_exists
475,deriveECUKey_CMAC_AES128,48510,10,16,2,success
476,SMK_Exchange_Flow,-,-,-,0,skipped_assumed_exists
476,deriveECUKey_CMAC_AES128,48610,10,16,2,success
477,SMK_Exchange_Flow,-,-,-,0,skipped_assumed_exists
477,deriveECUKey_CMAC_AES128,48710,10,16,2,success
478,SMK_Exchange_Flow,-,-,-,0,skipped_assumed_exists
478,deriveECUKey_CMAC_AES128,48810,10,16,2,success
479,SMK_Exchange_Flow,-,-,-,0,skipped_assumed_exists
479,deriveECUKey_CMAC_AES128,48910,10,16,2,success
480,SMK_Exchange_Flow,-,-,-,0,skipped_assumed_exists
480,deriveECUKey_CMAC_AES128,49010,10,16,2,success
481,SMK_Exchange_Flow,-,-,-,0,skipped_assumed_exists
481,deriveECUKey_CMAC_AES128,49110,10,16,2,success
482,SMK_Exchange_Flow,-,-,-,0,skipped_assumed_exists
482,deriveECUKey_CMAC_AES128,49210,10,16,2,success
483,SMK_Exchange_Flow,-,-,-,0,skipped_assumed_exists
483,deriveECUKey_CMAC_AES128,49310,10,16,2,success
484,SMK_Exchange_Flow,-,-,-,0,skipped_assumed_exists
484,deriveECUKey_CMAC_AES128,49410,10,16,2,success
485,SMK_Exchange_Flow,-,-,-,0,skipped_assumed_exists
485,deriveECUKey_CMAC_AES128,49510,10,16,2,success
486,SMK_Exchange_Flow,-,-,-,0,skipped_assumed_exists
486,deriveECUKey_CMAC_AES128,49610,10,16,2,success
487,SMK_Exchange_Flow,-,-,-,0,skipped_assumed_exists
487,deriveECUKey_CMAC_AES128,49710,10,16,2,success
488,SMK_Exchange_Flow,-,-,-,0,skipped_assumed_exists
488,deriveECUKey_CMAC_AES128,49810,10,16,4,success
489,SMK_Exchange_Flow,-,-,-,0,skipped_assumed_exists
489,deriveECUKey_CMAC_AES128,49910,10,16,2,success
490,SMK_Exchange_Flow,-,-,-,0,skipped_assumed_exists
490,deriveECUKey_CMAC_AES128,50010,10,16,2,success
491,SMK_Exchange_Flow,-,-,-,0,skipped_assumed_exists
491,deriveECUKey_CMAC_AES128,50110,10,16,2,success
492,SMK_Exchange_Flow,-,-,-,0,skipped_assumed_exists
492,deriveECUKey_CMAC_AES128,50210,10,16,2,success
493,SMK_Exchange_Flow,-,-,-,0,skipped_assumed_exists
493,deriveECUKey_CMAC_AES128,50310,10,16,2,success
494,SMK_Exchange_Flow,-,-,-,0,skipped_assumed_exists
494,deriveECUKey_CMAC_AES128,50410,10,16,2,success
495,SMK_Exchange_Flow,-,-,-,0,skipped_assumed_exists
495,deriveECUKey_CMAC_AES128,50510,10,16,2,success
496,SMK_Exchange_Flow,-,-,-,0,skipped_assumed_exists
496,deriveECUKey_CMAC_AES128,50610,10,16,2,success
497,SMK_Exchange_Flow,-,-,-,0,skipped_assumed_exists
497,deriveECUKey_CMAC_AES128,50710,10,16,2,success
498,SMK_Exchange_Flow,-,-,-,0,skipped_assumed_exists
498,deriveECUKey_CMAC_AES128,50810,10,16,2,success
499,SMK_Exchange_Flow,-,-,-,0,skipped_assumed_exists
499,deriveECUKey_CMAC_AES128,50910,10,16,2,success
500,SMK_Exchange_Flow,-,-,-,0,skipped_assumed_exists
500,deriveECUKey_CMAC_AES128,51010,10,16,2,success
501,SMK_Exchange_Flow,-,-,-,0,skipped_assumed_exists
501,deriveECUKey_CMAC_AES128,51110,10,16,2,success
502,SMK_Exchange_Flow,-,-,-,0,skipped_assumed_exists
502,deriveECUKey_CMAC_AES128,51210,10,16,2,success
503,SMK_Exchange_Flow,-,-,-,0,skipped_assumed_exists
503,deriveECUKey_CMAC_AES128,51310,10,16,2,success
504,SMK_Exchange_Flow,-,-,-,0,skipped_assumed_exists
504,deriveECUKey_CMAC_AES128,51410,10,16,2,success
505,SMK_Exchange_Flow,-,-,-,0,skipped_assumed_exists
505,deriveECUKey_CMAC_AES128,51510,10,16,2,success
506,SMK_Exchange_Flow,-,-,-,0,skipped_assumed_exists
506,deriveECUKey_CMAC_AES128,51610,10,16,2,success
507,SMK_Exchange_Flow,-,-,-,0,skipped_assumed_exists
507,deriveECUKey_CMAC_AES128,51710,10,16,2,success
508,SMK_Exchange_Flow,-,-,-,0,skipped_assumed_exists
508,deriveECUKey_CMAC_AES128,51810,10,16,2,success
509,SMK_Exchange_Flow,-,-,-,0,skipped_assumed_exists
509,deriveECUKey_CMAC_AES128,51910,10,16,2,success
510,SMK_Exchange_Flow,-,-,-,0,skipped_assumed_exists
510,deriveECUKey_CMAC_AES128,52010,10,16,2,success
511,SMK_Exchange_Flow,-,-,-,0,skipped_assumed_exists
511,deriveECUKey_CMAC_AES128,52110,10,16,2,success
512,SMK_Exchange_Flow,-,-,-,0,skipped_assumed_exists
512,deriveECUKey_CMAC_AES128,52210,10,16,2,success
513,SMK_Exchange_Flow,-,-,-,0,skipped_assumed_exists
513,deriveECUKey_CMAC_AES128,52310,10,16,2,success
514,SMK_Exchange_Flow,-,-,-,0,skipped_assumed_exists
514,deriveECUKey_CMAC_AES128,52410,10,16,2,success
515,SMK_Exchange_Flow,-,-,-,0,skipped_assumed_exists
515,deriveECUKey_CMAC_AES128,52510,10,16,2,success
516,SMK_Exchange_Flow,-,-,-,0,skipped_assumed_exists
516,deriveECUKey_CMAC_AES128,52610,10,16,2,success
517,SMK_Exchange_Flow,-,-,-,0,skipped_assumed_exists
517,deriveECUKey_CMAC_AES128,52710,10,16,2,success
518,SMK_Exchange_Flow,-,-,-,0,skipped_assumed_exists
518,deriveECUKey_CMAC_AES128,52810,10,16,2,success
519,SMK_Exchange_Flow,-,-,-,0,skipped_assumed_exists
519,deriveECUKey_CMAC_AES128,52910,10,16,2,success
520,SMK_Exchange_Flow,-,-,-,0,skipped_assumed_exists
520,deriveECUKey_CMAC_AES128,53010,10,16,2,success
521,SMK_Exchange_Flow,-,-,-,0,skipped_assumed_exists
521,deriveECUKey_CMAC_AES128,53110,10,16,2,success
522,SMK_Exchange_Flow,-,-,-,0,skipped_assumed_exists
522,deriveECUKey_CMAC_AES128,53210,10,16,2,success
523,SMK_Exchange_Flow,-,-,-,0,skipped_assumed_exists
523,deriveECUKey_CMAC_AES128,53310,10,16,2,success
524,SMK_Exchange_Flow,-,-,-,0,skipped_assumed_exists
524,deriveECUKey_CMAC_AES128,53410,10,16,2,success
525,SMK_Exchange_Flow,-,-,-,0,skipped_assumed_exists
525,deriveECUKey_CMAC_AES128,53510,10,16,2,success
526,SMK_Exchange_Flow,-,-,-,0,skipped_assumed_exists
526,deriveECUKey_CMAC_AES128,53610,10,16,2,success
527,SMK_Exchange_Flow,-,-,-,0,skipped_assumed_exists
527,deriveECUKey_CMAC_AES128,53710,10,16,2,success
528,SMK_Exchange_Flow,-,-,-,0,skipped_assumed_exists
528,deriveECUKey_CMAC_AES128,53810,10,16,2,success
529,SMK_Exchange_Flow,-,-,-,0,skipped_assumed_exists
529,deriveECUKey_CMAC_AES128,53910,10,16,2,success
530,SMK_Exchange_Flow,-,-,-,0,skipped_assumed_exists
530,deriveECUKey_CMAC_AES128,54010,10,16,2,success
531,SMK_Exchange_Flow,-,-,-,0,skipped_assumed_exists
531,deriveECUKey_CMAC_AES128,54110,10,16,2,success
532,SMK_Exchange_Flow,-,-,-,0,skipped_assumed_exists
532,deriveECUKey_CMAC_AES128,54210,10,16,2,success
533,SMK_Exchange_Flow,-,-,-,0,skipped_assumed_exists
533,deriveECUKey_CMAC_AES128,54310,10,16,2,success
534,SMK_Exchange_Flow,-,-,-,0,skipped_assumed_exists
534,deriveECUKey_CMAC_AES128,54410,10,16,2,success
535,SMK_Exchange_Flow,-,-,-,0,skipped_assumed_exists
535,deriveECUKey_CMAC_AES128,54510,10,16,2,success
536,SMK_Exchange_Flow,-,-,-,0,skipped_assumed_exists
536,deriveECUKey_CMAC_AES128,54610,10,16,2,success
537,SMK_Exchange_Flow,-,-,-,0,skipped_assumed_exists
537,deriveECUKey_CMAC_AES128,54710,10,16,2,success
538,SMK_Exchange_Flow,-,-,-,0,skipped_assumed_exists
538,deriveECUKey_CMAC_AES128,54810,10,16,2,success
539,SMK_Exchange_Flow,-,-,-,0,skipped_assumed_exists
539,deriveECUKey_CMAC_AES128,54910,10,16,2,success
540,SMK_Exchange_Flow,-,-,-,0,skipped_assumed_exists
540,deriveECUKey_CMAC_AES128,55010,10,16,2,success
541,SMK_Exchange_Flow,-,-,-,0,skipped_assumed_exists
541,deriveECUKey_CMAC_AES128,55110,10,16,2,success
542,SMK_Exchange_Flow,-,-,-,0,skipped_assumed_exists
542,deriveECUKey_CMAC_AES128,55210,10,16,2,success
543,SMK_Exchange_Flow,-,-,-,0,skipped_assumed_exists
543,deriveECUKey_CMAC_AES128,55310,10,16,2,success
544,SMK_Exchange_Flow,-,-,-,0,skipped_assumed_exists
544,deriveECUKey_CMAC_AES128,55410,10,16,2,success
545,SMK_Exchange_Flow,-,-,-,0,skipped_assumed_exists
545,deriveECUKey_CMAC_AES128,55510,10,16,2,success
546,SMK_Exchange_Flow,-,-,-,0,skipped_assumed_exists
546,deriveECUKey_CMAC_AES128,55610,10,16,2,success
547,SMK_Exchange_Flow,-,-,-,0,skipped_assumed_exists
547,deriveECUKey_CMAC_AES128,55710,10,16,2,success
548,SMK_Exchange_Flow,-,-,-,0,skipped_assumed_exists
548,deriveECUKey_CMAC_AES128,55810,10,16,2,success
549,SMK_Exchange_Flow,-,-,-,0,skipped_assumed_exists
549,deriveECUKey_CMAC_AES128,55910,10,16,2,success
550,SMK_Exchange_Flow,-,-,-,0,skipped_assumed_exists
550,deriveECUKey_CMAC_AES128,56010,10,16,2,success
551,SMK_Exchange_Flow,-,-,-,0,skipped_assumed_exists
551,deriveECUKey_CMAC_AES128,56110,10,16,2,success
552,SMK_Exchange_Flow,-,-,-,0,skipped_assumed_exists
552,deriveECUKey_CMAC_AES128,56210,10,16,2,success
553,SMK_Exchange_Flow,-,-,-,0,skipped_assumed_exists
553,deriveECUKey_CMAC_AES128,56310,10,16,2,success
554,SMK_Exchange_Flow,-,-,-,0,skipped_assumed_exists
554,deriveECUKey_CMAC_AES128,56410,10,16,2,success
555,SMK_Exchange_Flow,-,-,-,0,skipped_assumed_exists
555,deriveECUKey_CMAC_AES128,56510,10,16,2,success
556,SMK_Exchange_Flow,-,-,-,0,skipped_assumed_exists
556,deriveECUKey_CMAC_AES128,56610,10,16,2,success
557,SMK_Exchange_Flow,-,-,-,0,skipped_assumed_exists
557,deriveECUKey_CMAC_AES128,56710,10,16,2,success
558,SMK_Exchange_Flow,-,-,-,0,skipped_assumed_exists
558,deriveECUKey_CMAC_AES128,56810,10,16,2,success
559,SMK_Exchange_Flow,-,-,-,0,skipped_assumed_exists
559,deriveECUKey_CMAC_AES128,56910,10,16,2,success
560,SMK_Exchange_Flow,-,-,-,0,skipped_assumed_exists
560,deriveECUKey_CMAC_AES128,57010,10,16,2,success
561,SMK_Exchange_Flow,-,-,-,0,skipped_assumed_exists
561,deriveECUKey_CMAC_AES128,57110,10,16,2,success
562,SMK_Exchange_Flow,-,-,-,0,skipped_assumed_exists
562,deriveECUKey_CMAC_AES128,57210,10,16,2,success
563,SMK_Exchange_Flow,-,-,-,0,skipped_assumed_exists
563,deriveECUKey_CMAC_AES128,57310,10,16,2,success
564,SMK_Exchange_Flow,-,-,-,0,skipped_assumed_exists
564,deriveECUKey_CMAC_AES128,57410,10,16,2,success
565,SMK_Exchange_Flow,-,-,-,0,skipped_assumed_exists
565,deriveECUKey_CMAC_AES128,57510,10,16,2,success
566,SMK_Exchange_Flow,-,-,-,0,skipped_assumed_exists
566,deriveECUKey_CMAC_AES128,57610,10,16,2,success
567,SMK_Exchange_Flow,-,-,-,0,skipped_assumed_exists
567,deriveECUKey_CMAC_AES128,57710,10,16,2,success
568,SMK_Exchange_Flow,-,-,-,0,skipped_assumed_exists
568,deriveECUKey_CMAC_AES128,57810,10,16,2,success
569,SMK_Exchange_Flow,-,-,-,0,skipped_assumed_exists
569,deriveECUKey_CMAC_AES128,57910,10,16,2,success
570,SMK_Exchange_Flow,-,-,-,0,skipped_assumed_exists
570,deriveECUKey_CMAC_AES128,58010,10,16,2,success
571,SMK_Exchange_Flow,-,-,-,0,skipped_assumed_exists
571,deriveECUKey_CMAC_AES128,58110,10,16,2,success
572,SMK_Exchange_Flow,-,-,-,0,skipped_assumed_exists
572,deriveECUKey_CMAC_AES128,58210,10,16,2,success
573,SMK_Exchange_Flow,-,-,-,0,skipped_assumed_exists
573,deriveECUKey_CMAC_AES128,58310,10,16,2,success
574,SMK_Exchange_Flow,-,-,-,0,skipped_assumed_exists
574,deriveECUKey_CMAC_AES128,58410,10,16,2,success
575,SMK_Exchange_Flow,-,-,-,0,skipped_assumed_exists
575,deriveECUKey_CMAC_AES128,58510,10,16,2,success
576,SMK_Exchange_Flow,-,-,-,0,skipped_assumed_exists
576,deriveECUKey_CMAC_AES128,58610,10,16,2,success
577,SMK_Exchange_Flow,-,-,-,0,skipped_assumed_exists
577,deriveECUKey_CMAC_AES128,58710,10,16,2,success
578,SMK_Exchange_Flow,-,-,-,0,skipped_assumed_exists
578,deriveECUKey_CMAC_AES128,58810,10,16,2,success
579,SMK_Exchange_Flow,-,-,-,0,skipped_assumed_exists
579,deriveECUKey_CMAC_AES128,58910,10,16,2,success
580,SMK_Exchange_Flow,-,-,-,0,skipped_assumed_exists
580,deriveECUKey_CMAC_AES128,59010,10,16,2,success
581,SMK_Exchange_Flow,-,-,-,0,skipped_assumed_exists
581,deriveECUKey_CMAC_AES128,59110,10,16,2,success
582,SMK_Exchange_Flow,-,-,-,0,skipped_assumed_exists
582,deriveECUKey_CMAC_AES128,59210,10,16,2,success
583,SMK_Exchange_Flow,-,-,-,0,skipped_assumed_exists
583,deriveECUKey_CMAC_AES128,59310,10,16,2,success
584,SMK_Exchange_Flow,-,-,-,0,skipped_assumed_exists
584,deriveECUKey_CMAC_AES128,59410,10,16,2,success
585,SMK_Exchange_Flow,-,-,-,0,skipped_assumed_exists
585,deriveECUKey_CMAC_AES128,59510,10,16,2,success
586,SMK_Exchange_Flow,-,-,-,0,skipped_assumed_exists
586,deriveECUKey_CMAC_AES128,59610,10,16,2,success
587,SMK_Exchange_Flow,-,-,-,0,skipped_assumed_exists
587,deriveECUKey_CMAC_AES128,59710,10,16,2,success
588,SMK_Exchange_Flow,-,-,-,0,skipped_assumed_exists
588,deriveECUKey_CMAC_AES128,59810,10,16,2,success
589,SMK_Exchange_Flow,-,-,-,0,skipped_assumed_exists
589,deriveECUKey_CMAC_AES128,59910,10,16,2,success
590,SMK_Exchange_Flow,-,-,-,0,skipped_assumed_exists
590,deriveECUKey_CMAC_AES128,60010,10,16,2,success
591,SMK_Exchange_Flow,-,-,-,0,skipped_assumed_exists
591,deriveECUKey_CMAC_AES128,60110,10,16,2,success
592,SMK_Exchange_Flow,-,-,-,0,skipped_assumed_exists
592,deriveECUKey_CMAC_AES128,60210,10,16,2,success
593,SMK_Exchange_Flow,-,-,-,0,skipped_assumed_exists
593,deriveECUKey_CMAC_AES128,60310,10,16,2,success
594,SMK_Exchange_Flow,-,-,-,0,skipped_assumed_exists
594,deriveECUKey_CMAC_AES128,60410,10,16,2,success
595,SMK_Exchange_Flow,-,-,-,0,skipped_assumed_exists
595,deriveECUKey_CMAC_AES128,60510,10,16,2,success
596,SMK_Exchange_Flow,-,-,-,0,skipped_assumed_exists
596,deriveECUKey_CMAC_AES128,60610,10,16,2,success
597,SMK_Exchange_Flow,-,-,-,0,skipped_assumed_exists
597,deriveECUKey_CMAC_AES128,60710,10,16,2,success
598,SMK_Exchange_Flow,-,-,-,0,skipped_assumed_exists
598,deriveECUKey_CMAC_AES128,60810,10,16,2,success
599,SMK_Exchange_Flow,-,-,-,0,skipped_assumed_exists
599,deriveECUKey_CMAC_AES128,60910,10,16,2,success
600,SMK_Exchange_Flow,-,-,-,0,skipped_assumed_exists
600,deriveECUKey_CMAC_AES128,61010,10,16,2,success
601,SMK_Exchange_Flow,-,-,-,0,skipped_assumed_exists
601,deriveECUKey_CMAC_AES128,61110,10,16,2,success
602,SMK_Exchange_Flow,-,-,-,0,skipped_assumed_exists
602,deriveECUKey_CMAC_AES128,61210,10,16,2,success
603,SMK_Exchange_Flow,-,-,-,0,skipped_assumed_exists
603,deriveECUKey_CMAC_AES128,61310,10,16,2,success
604,SMK_Exchange_Flow,-,-,-,0,skipped_assumed_exists
604,deriveECUKey_CMAC_AES128,61410,10,16,2,success
605,SMK_Exchange_Flow,-,-,-,0,skipped_assumed_exists
605,deriveECUKey_CMAC_AES128,61510,10,16,2,success
606,SMK_Exchange_Flow,-,-,-,0,skipped_assumed_exists
606,deriveECUKey_CMAC_AES128,61610,10,16,2,success
607,SMK_Exchange_Flow,-,-,-,0,skipped_assumed_exists
607,deriveECUKey_CMAC_AES128,61710,10,16,2,success
608,SMK_Exchange_Flow,-,-,-,0,skipped_assumed_exists
608,deriveECUKey_CMAC_AES128,61810,10,16,2,success
609,SMK_Exchange_Flow,-,-,-,0,skipped_assumed_exists
609,deriveECUKey_CMAC_AES128,61910,10,16,2,success
610,SMK_Exchange_Flow,-,-,-,0,skipped_assumed_exists
610,deriveECUKey_CMAC_AES128,62010,10,16,2,success
611,SMK_Exchange_Flow,-,-,-,0,skipped_assumed_exists
611,deriveECUKey_CMAC_AES128,62110,10,16,2,success
612,SMK_Exchange_Flow,-,-,-,0,skipped_assumed_exists
612,deriveECUKey_CMAC_AES128,62210,10,16,2,success
613,SMK_Exchange_Flow,-,-,-,0,skipped_assumed_exists
613,deriveECUKey_CMAC_AES128,62310,10,16,2,success
614,SMK_Exchange_Flow,-,-,-,0,skipped_assumed_exists
614,deriveECUKey_CMAC_AES128,62410,10,16,2,success
615,SMK_Exchange_Flow,-,-,-,0,skipped_assumed_exists
615,deriveECUKey_CMAC_AES128,62510,10,16,2,success
616,SMK_Exchange_Flow,-,-,-,0,skipped_assumed_exists
616,deriveECUKey_CMAC_AES128,62610,10,16,2,success
617,SMK_Exchange_Flow,-,-,-,0,skipped_assumed_exists
617,deriveECUKey_CMAC_AES128,62710,10,16,2,success
618,SMK_Exchange_Flow,-,-,-,0,skipped_assumed_exists
618,deriveECUKey_CMAC_AES128,62810,10,16,2,success
619,SMK_Exchange_Flow,-,-,-,0,skipped_assumed_exists
619,deriveECUKey_CMAC_AES128,62910,10,16,2,success
620,SMK_Exchange_Flow,-,-,-,0,skipped_assumed_exists
620,deriveECUKey_CMAC_AES128,63010,10,16,2,success
621,SMK_Exchange_Flow,-,-,-,0,skipped_assumed_exists
621,deriveECUKey_CMAC_AES128,63110,10,16,2,success
622,SMK_Exchange_Flow,-,-,-,0,skipped_assumed_exists
622,deriveECUKey_CMAC_AES128,63210,10,16,2,success
623,SMK_Exchange_Flow,-,-,-,0,skipped_assumed_exists
623,deriveECUKey_CMAC_AES128,63310,10,16,2,success
624,SMK_Exchange_Flow,-,-,-,0,skipped_assumed_exists
624,deriveECUKey_CMAC_AES128,63410,10,16,2,success
625,SMK_Exchange_Flow,-,-,-,0,skipped_assumed_exists
625,deriveECUKey_CMAC_AES128,63510,10,16,2,success
626,SMK_Exchange_Flow,-,-,-,0,skipped_assumed_exists
626,deriveECUKey_CMAC_AES128,63610,10,16,2,success
627,SMK_Exchange_Flow,-,-,-,0,skipped_assumed_exists
627,deriveECUKey_CMAC_AES128,63710,10,16,2,success
628,SMK_Exchange_Flow,-,-,-,0,skipped_assumed_exists
628,deriveECUKey_CMAC_AES128,63810,10,16,2,success
629,SMK_Exchange_Flow,-,-,-,0,skipped_assumed_exists
629,deriveECUKey_CMAC_AES128,63910,10,16,2,success
630,SMK_Exchange_Flow,-,-,-,0,skipped_assumed_exists
630,deriveECUKey_CMAC_AES128,64010,10,16,2,success
631,SMK_Exchange_Flow,-,-,-,0,skipped_assumed_exists
631,deriveECUKey_CMAC_AES128,64110,10,16,2,success
632,SMK_Exchange_Flow,-,-,-,0,skipped_assumed_exists
632,deriveECUKey_CMAC_AES128,64210,10,16,2,success
633,SMK_Exchange_Flow,-,-,-,0,skipped_assumed_exists
633,deriveECUKey_CMAC_AES128,64310,10,16,2,success
634,SMK_Exchange_Flow,-,-,-,0,skipped_assumed_exists
634,deriveECUKey_CMAC_AES128,64410,10,16,2,success
635,SMK_Exchange_Flow,-,-,-,0,skipped_assumed_exists
635,deriveECUKey_CMAC_AES128,64510,10,16,2,success
636,SMK_Exchange_Flow,-,-,-,0,skipped_assumed_exists
636,deriveECUKey_CMAC_AES128,64610,10,16,2,success
637,SMK_Exchange_Flow,-,-,-,0,skipped_assumed_exists
637,deriveECUKey_CMAC_AES128,64710,10,16,2,success
638,SMK_Exchange_Flow,-,-,-,0,skipped_assumed_exists
638,deriveECUKey_CMAC_AES128,64810,10,16,2,success
639,SMK_Exchange_Flow,-,-,-,0,skipped_assumed_exists
639,deriveECUKey_CMAC_AES128,64910,10,16,2,success
640,SMK_Exchange_Flow,-,-,-,0,skipped_assumed_exists
640,deriveECUKey_CMAC_AES128,65010,10,16,2,success
641,SMK_Exchange_Flow,-,-,-,0,skipped_assumed_exists
641,deriveECUKey_CMAC_AES128,65110,10,16,2,success
642,SMK_Exchange_Flow,-,-,-,0,skipped_assumed_exists
642,deriveECUKey_CMAC_AES128,65210,10,16,2,success
643,SMK_Exchange_Flow,-,-,-,0,skipped_assumed_exists
643,deriveECUKey_CMAC_AES128,65310,10,16,2,success
644,SMK_Exchange_Flow,-,-,-,0,skipped_assumed_exists
644,deriveECUKey_CMAC_AES128,65410,10,16,2,success
645,SMK_Exchange_Flow,-,-,-,0,skipped_assumed_exists
645,deriveECUKey_CMAC_AES128,65510,10,16,2,success
646,SMK_Exchange_Flow,-,-,-,0,skipped_assumed_exists
646,deriveECUKey_CMAC_AES128,65610,10,16,2,success
647,SMK_Exchange_Flow,-,-,-,0,skipped_assumed_exists
647,deriveECUKey_CMAC_AES128,65710,10,16,2,success
648,SMK_Exchange_Flow,-,-,-,0,skipped_assumed_exists
648,deriveECUKey_CMAC_AES128,65810,10,16,2,success
649,SMK_Exchange_Flow,-,-,-,0,skipped_assumed_exists
649,deriveECUKey_CMAC_AES128,65910,10,16,2,success
650,SMK_Exchange_Flow,-,-,-,0,skipped_assumed_exists
650,deriveECUKey_CMAC_AES128,66010,10,16,2,success
651,SMK_Exchange_Flow,-,-,-,0,skipped_assumed_exists
651,deriveECUKey_CMAC_AES128,66110,10,16,2,success
652,SMK_Exchange_Flow,-,-,-,0,skipped_assumed_exists
652,deriveECUKey_CMAC_AES128,66210,10,16,2,success
653,SMK_Exchange_Flow,-,-,-,0,skipped_assumed_exists
653,deriveECUKey_CMAC_AES128,66310,10,16,2,success
654,SMK_Exchange_Flow,-,-,-,0,skipped_assumed_exists
654,deriveECUKey_CMAC_AES128,66410,10,16,2,success
655,SMK_Exchange_Flow,-,-,-,0,skipped_assumed_exists
655,deriveECUKey_CMAC_AES128,66510,10,16,2,success
656,SMK_Exchange_Flow,-,-,-,0,skipped_assumed_exists
656,deriveECUKey_CMAC_AES128,66610,10,16,2,success
657,SMK_Exchange_Flow,-,-,-,0,skipped_assumed_exists
657,deriveECUKey_CMAC_AES128,66710,10,16,2,success
658,SMK_Exchange_Flow,-,-,-,0,skipped_assumed_exists
658,deriveECUKey_CMAC_AES128,66810,10,16,2,success
659,SMK_Exchange_Flow,-,-,-,0,skipped_assumed_exists
659,deriveECUKey_CMAC_AES128,66910,10,16,2,success
660,SMK_Exchange_Flow,-,-,-,0,skipped_assumed_exists
660,deriveECUKey_CMAC_AES128,67010,10,16,2,success
661,SMK_Exchange_Flow,-,-,-,0,skipped_assumed_exists
661,deriveECUKey_CMAC_AES128,67110,10,16,2,success
662,SMK_Exchange_Flow,-,-,-,0,skipped_assumed_exists
662,deriveECUKey_CMAC_AES128,67210,10,16,2,success
663,SMK_Exchange_Flow,-,-,-,0,skipped_assumed_exists
663,deriveECUKey_CMAC_AES128,67310,10,16,2,success
664,SMK_Exchange_Flow,-,-,-,0,skipped_assumed_exists
664,deriveECUKey_CMAC_AES128,67410,10,16,2,success
665,SMK_Exchange_Flow,-,-,-,0,skipped_assumed_exists
665,deriveECUKey_CMAC_AES128,67510,10,16,2,success
666,SMK_Exchange_Flow,-,-,-,0,skipped_assumed_exists
666,deriveECUKey_CMAC_AES128,67610,10,16,2,success
667,SMK_Exchange_Flow,-,-,-,0,skipped_assumed_exists
667,deriveECUKey_CMAC_AES128,67710,10,16,2,success
668,SMK_Exchange_Flow,-,-,-,0,skipped_assumed_exists
668,deriveECUKey_CMAC_AES128,67810,10,16,2,success
669,SMK_Exchange_Flow,-,-,-,0,skipped_assumed_exists
669,deriveECUKey_CMAC_AES128,67910,10,16,2,success
670,SMK_Exchange_Flow,-,-,-,0,skipped_assumed_exists
670,deriveECUKey_CMAC_AES128,68010,10,16,2,success
671,SMK_Exchange_Flow,-,-,-,0,skipped_assumed_exists
671,deriveECUKey_CMAC_AES128,68110,10,16,2,success
672,SMK_Exchange_Flow,-,-,-,0,skipped_assumed_exists
672,deriveECUKey_CMAC_AES128,68210,10,16,2,success
673,SMK_Exchange_Flow,-,-,-,0,skipped_assumed_exists
673,deriveECUKey_CMAC_AES128,68310,10,16,2,success
674,SMK_Exchange_Flow,-,-,-,0,skipped_assumed_exists
674,deriveECUKey_CMAC_AES128,68410,10,16,2,success
675,SMK_Exchange_Flow,-,-,-,0,skipped_assumed_exists
675,deriveECUKey_CMAC_AES128,68510,10,16,2,success
676,SMK_Exchange_Flow,-,-,-,0,skipped_assumed_exists
676,deriveECUKey_CMAC_AES128,68610,10,16,2,success
677,SMK_Exchange_Flow,-,-,-,0,skipped_assumed_exists
677,deriveECUKey_CMAC_AES128,68710,10,16,2,success
678,SMK_Exchange_Flow,-,-,-,0,skipped_assumed_exists
678,deriveECUKey_CMAC_AES128,68810,10,16,2,success
679,SMK_Exchange_Flow,-,-,-,0,skipped_assumed_exists
679,deriveECUKey_CMAC_AES128,68910,10,16,2,success
680,SMK_Exchange_Flow,-,-,-,0,skipped_assumed_exists
680,deriveECUKey_CMAC_AES128,69010,10,16,2,success
681,SMK_Exchange_Flow,-,-,-,0,skipped_assumed_exists
681,deriveECUKey_CMAC_AES128,69110,10,16,2,success
682,SMK_Exchange_Flow,-,-,-,0,skipped_assumed_exists
682,deriveECUKey_CMAC_AES128,69210,10,16,2,success
683,SMK_Exchange_Flow,-,-,-,0,skipped_assumed_exists
683,deriveECUKey_CMAC_AES128,69310,10,16,2,success
684,SMK_Exchange_Flow,-,-,-,0,skipped_assumed_exists
684,deriveECUKey_CMAC_AES128,69410,10,16,2,success
685,SMK_Exchange_Flow,-,-,-,0,skipped_assumed_exists
685,deriveECUKey_CMAC_AES128,69510,10,16,2,success
686,SMK_Exchange_Flow,-,-,-,0,skipped_assumed_exists
686,deriveECUKey_CMAC_AES128,69610,10,16,2,success
687,SMK_Exchange_Flow,-,-,-,0,skipped_assumed_exists
687,deriveECUKey_CMAC_AES128,69710,10,16,2,success
688,SMK_Exchange_Flow,-,-,-,0,skipped_assumed_exists
688,deriveECUKey_CMAC_AES128,69810,10,16,2,success
689,SMK_Exchange_Flow,-,-,-,0,skipped_assumed_exists
689,deriveECUKey_CMAC_AES128,69910,10,16,2,success
690,SMK_Exchange_Flow,-,-,-,0,skipped_assumed_exists
690,deriveECUKey_CMAC_AES128,70010,10,16,2,success
691,SMK_Exchange_Flow,-,-,-,0,skipped_assumed_exists
691,deriveECUKey_CMAC_AES128,70110,10,16,2,success
692,SMK_Exchange_Flow,-,-,-,0,skipped_assumed_exists
692,deriveECUKey_CMAC_AES128,70210,10,16,2,success
693,SMK_Exchange_Flow,-,-,-,0,skipped_assumed_exists
693,deriveECUKey_CMAC_AES128,70310,10,16,2,success
694,SMK_Exchange_Flow,-,-,-,0,skipped_assumed_exists
694,deriveECUKey_CMAC_AES128,70410,10,16,2,success
695,SMK_Exchange_Flow,-,-,-,0,skipped_assumed_exists
695,deriveECUKey_CMAC_AES128,70510,10,16,2,success
696,SMK_Exchange_Flow,-,-,-,0,skipped_assumed_exists
696,deriveECUKey_CMAC_AES128,70610,10,16,2,success
697,SMK_Exchange_Flow,-,-,-,0,skipped_assumed_exists
697,deriveECUKey_CMAC_AES128,70710,10,16,2,success
698,SMK_Exchange_Flow,-,-,-,0,skipped_assumed_exists
698,deriveECUKey_CMAC_AES128,70810,10,16,2,success
699,SMK_Exchange_Flow,-,-,-,0,skipped_assumed_exists
699,deriveECUKey_CMAC_AES128,70910,10,16,2,success
700,SMK_Exchange_Flow,-,-,-,0,skipped_assumed_exists
700,deriveECUKey_CMAC_AES128,71010,10,16,2,success
701,SMK_Exchange_Flow,-,-,-,0,skipped_assumed_exists
701,deriveECUKey_CMAC_AES128,71110,10,16,2,success
702,SMK_Exchange_Flow,-,-,-,0,skipped_assumed_exists
702,deriveECUKey_CMAC_AES128,71210,10,16,2,success
703,SMK_Exchange_Flow,-,-,-,0,skipped_assumed_exists
703,deriveECUKey_CMAC_AES128,71310,10,16,2,success
704,SMK_Exchange_Flow,-,-,-,0,skipped_assumed_exists
704,deriveECUKey_CMAC_AES128,71410,10,16,2,success
705,SMK_Exchange_Flow,-,-,-,0,skipped_assumed_exists
705,deriveECUKey_CMAC_AES128,71510,10,16,2,success
706,SMK_Exchange_Flow,-,-,-,0,skipped_assumed_exists
706,deriveECUKey_CMAC_AES128,71610,10,16,2,success
707,SMK_Exchange_Flow,-,-,-,0,skipped_assumed_exists
707,deriveECUKey_CMAC_AES128,71710,10,16,2,success
708,SMK_Exchange_Flow,-,-,-,0,skipped_assumed_exists
708,deriveECUKey_CMAC_AES128,71810,10,16,2,success
709,SMK_Exchange_Flow,-,-,-,0,skipped_assumed_exists
709,deriveECUKey_CMAC_AES128,71910,10,16,2,success
710,SMK_Exchange_Flow,-,-,-,0,skipped_assumed_exists
710,deriveECUKey_CMAC_AES128,72010,10,16,2,success
711,SMK_Exchange_Flow,-,-,-,0,skipped_assumed_exists
711,deriveECUKey_CMAC_AES128,72110,10,16,2,success
712,SMK_Exchange_Flow,-,-,-,0,skipped_assumed_exists
712,deriveECUKey_CMAC_AES128,72210,10,16,2,success
713,SMK_Exchange_Flow,-,-,-,0,skipped_assumed_exists
713,deriveECUKey_CMAC_AES128,72310,10,16,2,success
714,SMK_Exchange_Flow,-,-,-,0,skipped_assumed_exists
714,deriveECUKey_CMAC_AES128,72410,10,16,2,success
715,SMK_Exchange_Flow,-,-,-,0,skipped_assumed_exists
715,deriveECUKey_CMAC_AES128,72510,10,16,2,success
716,SMK_Exchange_Flow,-,-,-,0,skipped_assumed_exists
716,deriveECUKey_CMAC_AES128,72610,10,16,2,success
717,SMK_Exchange_Flow,-,-,-,0,skipped_assumed_exists
717,deriveECUKey_CMAC_AES128,72710,10,16,2,success
718,SMK_Exchange_Flow,-,-,-,0,skipped_assumed_exists
718,deriveECUKey_CMAC_AES128,72810,10,16,2,success
719,SMK_Exchange_Flow,-,-,-,0,skipped_assumed_exists
719,deriveECUKey_CMAC_AES128,72910,10,16,2,success
720,SMK_Exchange_Flow,-,-,-,0,skipped_assumed_exists
720,deriveECUKey_CMAC_AES128,73010,10,16,2,success
721,SMK_Exchange_Flow,-,-,-,0,skipped_assumed_exists
721,deriveECUKey_CMAC_AES128,73110,10,16,2,success
722,SMK_Exchange_Flow,-,-,-,0,skipped_assumed_exists
722,deriveECUKey_CMAC_AES128,73210,10,16,2,success
723,SMK_Exchange_Flow,-,-,-,0,skipped_assumed_exists
723,deriveECUKey_CMAC_AES128,73310,10,16,2,success
724,SMK_Exchange_Flow,-,-,-,0,skipped_assumed_exists
724,deriveECUKey_CMAC_AES128,73410,10,16,2,success
725,SMK_Exchange_Flow,-,-,-,0,skipped_assumed_exists
725,deriveECUKey_CMAC_AES128,73510,10,16,2,success
726,SMK_Exchange_Flow,-,-,-,0,skipped_assumed_exists
726,deriveECUKey_CMAC_AES128,73610,10,16,2,success
727,SMK_Exchange_Flow,-,-,-,0,skipped_assumed_exists
727,deriveECUKey_CMAC_AES128,73710,10,16,2,success
728,SMK_Exchange_Flow,-,-,-,0,skipped_assumed_exists
728,deriveECUKey_CMAC_AES128,73810,10,16,2,success
729,SMK_Exchange_Flow,-,-,-,0,skipped_assumed_exists
729,deriveECUKey_CMAC_AES128,73910,10,16,2,success
730,SMK_Exchange_Flow,-,-,-,0,skipped_assumed_exists
730,deriveECUKey_CMAC_AES128,74010,10,16,2,success
731,SMK_Exchange_Flow,-,-,-,0,skipped_assumed_exists
731,deriveECUKey_CMAC_AES128,74110,10,16,2,success
732,SMK_Exchange_Flow,-,-,-,0,skipped_assumed_exists
732,deriveECUKey_CMAC_AES128,74210,10,16,2,success
733,SMK_Exchange_Flow,-,-,-,0,skipped_assumed_exists
733,deriveECUKey_CMAC_AES128,74310,10,16,2,success
734,SMK_Exchange_Flow,-,-,-,0,skipped_assumed_exists
734,deriveECUKey_CMAC_AES128,74410,10,16,2,success
735,SMK_Exchange_Flow,-,-,-,0,skipped_assumed_exists
735,deriveECUKey_CMAC_AES128,74510,10,16,2,success
736,SMK_Exchange_Flow,-,-,-,0,skipped_assumed_exists
736,deriveECUKey_CMAC_AES128,74610,10,16,2,success
737,SMK_Exchange_Flow,-,-,-,0,skipped_assumed_exists
737,deriveECUKey_CMAC_AES128,74710,10,16,2,success
738,SMK_Exchange_Flow,-,-,-,0,skipped_assumed_exists
738,deriveECUKey_CMAC_AES128,74810,10,16,2,success
739,SMK_Exchange_Flow,-,-,-,0,skipped_assumed_exists
739,deriveECUKey_CMAC_AES128,74910,10,16,2,success
740,SMK_Exchange_Flow,-,-,-,0,skipped_assumed_exists
740,deriveECUKey_CMAC_AES128,75010,10,16,2,success
741,SMK_Exchange_Flow,-,-,-,0,skipped_assumed_exists
741,deriveECUKey_CMAC_AES128,75110,10,16,2,success
742,SMK_Exchange_Flow,-,-,-,0,skipped_assumed_exists
742,deriveECUKey_CMAC_AES128,75210,10,16,2,success
743,SMK_Exchange_Flow,-,-,-,0,skipped_assumed_exists
743,deriveECUKey_CMAC_AES128,75310,10,16,2,success
744,SMK_Exchange_Flow,-,-,-,0,skipped_assumed_exists
744,deriveECUKey_CMAC_AES128,75410,10,16,2,success
745,SMK_Exchange_Flow,-,-,-,0,skipped_assumed_exists
745,deriveECUKey_CMAC_AES128,75510,10,16,2,success
746,SMK_Exchange_Flow,-,-,-,0,skipped_assumed_exists
746,deriveECUKey_CMAC_AES128,75610,10,16,2,success
747,SMK_Exchange_Flow,-,-,-,0,skipped_assumed_exists
747,deriveECUKey_CMAC_AES128,75710,10,16,2,success
748,SMK_Exchange_Flow,-,-,-,0,skipped_assumed_exists
748,deriveECUKey_CMAC_AES128,75810,10,16,2,success
749,SMK_Exchange_Flow,-,-,-,0,skipped_assumed_exists
749,deriveECUKey_CMAC_AES128,75910,10,16,2,success
750,SMK_Exchange_Flow,-,-,-,0,skipped_assumed_exists
750,deriveECUKey_CMAC_AES128,76010,10,16,2,success
751,SMK_Exchange_Flow,-,-,-,0,skipped_assumed_exists
751,deriveECUKey_CMAC_AES128,76110,10,16,2,success
752,SMK_Exchange_Flow,-,-,-,0,skipped_assumed_exists
752,deriveECUKey_CMAC_AES128,76210,10,16,2,success
753,SMK_Exchange_Flow,-,-,-,0,skipped_assumed_exists
753,deriveECUKey_CMAC_AES128,76310,10,16,2,success
754,SMK_Exchange_Flow,-,-,-,0,skipped_assumed_exists
754,deriveECUKey_CMAC_AES128,76410,10,16,2,success
755,SMK_Exchange_Flow,-,-,-,0,skipped_assumed_exists
755,deriveECUKey_CMAC_AES128,76510,10,16,2,success
756,SMK_Exchange_Flow,-,-,-,0,skipped_assumed_exists
756,deriveECUKey_CMAC_AES128,76610,10,16,2,success
757,SMK_Exchange_Flow,-,-,-,0,skipped_assumed_exists
757,deriveECUKey_CMAC_AES128,76710,10,16,2,success
758,SMK_Exchange_Flow,-,-,-,0,skipped_assumed_exists
758,deriveECUKey_CMAC_AES128,76810,10,16,2,success
759,SMK_Exchange_Flow,-,-,-,0,skipped_assumed_exists
759,deriveECUKey_CMAC_AES128,76910,10,16,2,success
760,SMK_Exchange_Flow,-,-,-,0,skipped_assumed_exists
760,deriveECUKey_CMAC_AES128,77010,10,16,2,success
761,SMK_Exchange_Flow,-,-,-,0,skipped_assumed_exists
761,deriveECUKey_CMAC_AES128,77110,10,16,2,success
762,SMK_Exchange_Flow,-,-,-,0,skipped_assumed_exists
762,deriveECUKey_CMAC_AES128,77210,10,16,2,success
763,SMK_Exchange_Flow,-,-,-,0,skipped_assumed_exists
763,deriveECUKey_CMAC_AES128,77310,10,16,2,success
764,SMK_Exchange_Flow,-,-,-,0,skipped_assumed_exists
764,deriveECUKey_CMAC_AES128,77410,10,16,2,success
765,SMK_Exchange_Flow,-,-,-,0,skipped_assumed_exists
765,deriveECUKey_CMAC_AES128,77510,10,16,2,success
766,SMK_Exchange_Flow,-,-,-,0,skipped_assumed_exists
766,deriveECUKey_CMAC_AES128,77610,10,16,2,success
767,SMK_Exchange_Flow,-,-,-,0,skipped_assumed_exists
767,deriveECUKey_CMAC_AES128,77710,10,16,2,success
768,SMK_Exchange_Flow,-,-,-,0,skipped_assumed_exists
768,deriveECUKey_CMAC_AES128,77810,10,16,2,success
769,SMK_Exchange_Flow,-,-,-,0,skipped_assumed_exists
769,deriveECUKey_CMAC_AES128,77910,10,16,2,success
770,SMK_Exchange_Flow,-,-,-,0,skipped_assumed_exists
770,deriveECUKey_CMAC_AES128,78010,10,16,2,success
771,SMK_Exchange_Flow,-,-,-,0,skipped_assumed_exists
771,deriveECUKey_CMAC_AES128,78110,10,16,2,success
772,SMK_Exchange_Flow,-,-,-,0,skipped_assumed_exists
772,deriveECUKey_CMAC_AES128,78210,10,16,2,success
773,SMK_Exchange_Flow,-,-,-,0,skipped_assumed_exists
773,deriveECUKey_CMAC_AES128,78310,10,16,2,success
774,SMK_Exchange_Flow,-,-,-,0,skipped_assumed_exists
774,deriveECUKey_CMAC_AES128,78410,10,16,2,success
775,SMK_Exchange_Flow,-,-,-,0,skipped_assumed_exists
775,deriveECUKey_CMAC_AES128,78510,10,16,2,success
776,SMK_Exchange_Flow,-,-,-,0,skipped_assumed_exists
776,deriveECUKey_CMAC_AES128,78610,10,16,2,success
777,SMK_Exchange_Flow,-,-,-,0,skipped_assumed_exists
777,deriveECUKey_CMAC_AES128,78710,10,16,2,success
778,SMK_Exchange_Flow,-,-,-,0,skipped_assumed_exists
778,deriveECUKey_CMAC_AES128,78810,10,16,2,success
779,SMK_Exchange_Flow,-,-,-,0,skipped_assumed_exists
779,deriveECUKey_CMAC_AES128,78910,10,16,2,success
780,SMK_Exchange_Flow,-,-,-,0,skipped_assumed_exists
780,deriveECUKey_CMAC_AES128,79010,10,16,2,success
781,SMK_Exchange_Flow,-,-,-,0,skipped_assumed_exists
781,deriveECUKey_CMAC_AES128,79110,10,16,2,success
782,SMK_Exchange_Flow,-,-,-,0,skipped_assumed_exists
782,deriveECUKey_CMAC_AES128,79210,10,16,2,success
783,SMK_Exchange_Flow,-,-,-,0,skipped_assumed_exists
783,deriveECUKey_CMAC_AES128,79310,10,16,2,success
784,SMK_Exchange_Flow,-,-,-,0,skipped_assumed_exists
784,deriveECUKey_CMAC_AES128,79410,10,16,2,success
785,SMK_Exchange_Flow,-,-,-,0,skipped_assumed_exists
785,deriveECUKey_CMAC_AES128,79510,10,16,2,success
786,SMK_Exchange_Flow,-,-,-,0,skipped_assumed_exists
786,deriveECUKey_CMAC_AES128,79610,10,16,2,success
787,SMK_Exchange_Flow,-,-,-,0,skipped_assumed_exists
787,deriveECUKey_CMAC_AES128,79710,10,16,2,success
788,SMK_Exchange_Flow,-,-,-,0,skipped_assumed_exists
788,deriveECUKey_CMAC_AES128,79810,10,16,2,success
789,SMK_Exchange_Flow,-,-,-,0,skipped_assumed_exists
789,deriveECUKey_CMAC_AES128,79910,10,16,2,success
790,SMK_Exchange_Flow,-,-,-,0,skipped_assumed_exists
790,deriveECUKey_CMAC_AES128,80010,10,16,2,success
791,SMK_Exchange_Flow,-,-,-,0,skipped_assumed_exists
791,deriveECUKey_CMAC_AES128,80110,10,16,2,success
792,SMK_Exchange_Flow,-,-,-,0,skipped_assumed_exists
792,deriveECUKey_CMAC_AES128,80210,10,16,2,success
793,SMK_Exchange_Flow,-,-,-,0,skipped_assumed_exists
793,deriveECUKey_CMAC_AES128,80310,10,16,2,success
794,SMK_Exchange_Flow,-,-,-,0,skipped_assumed_exists
794,deriveECUKey_CMAC_AES128,80410,10,16,2,success
795,SMK_Exchange_Flow,-,-,-,0,skipped_assumed_exists
795,deriveECUKey_CMAC_AES128,80510,10,16,2,success
796,SMK_Exchange_Flow,-,-,-,0,skipped_assumed_exists
796,deriveECUKey_CMAC_AES128,80610,10,16,2,success
797,SMK_Exchange_Flow,-,-,-,0,skipped_assumed_exists
797,deriveECUKey_CMAC_AES128,80710,10,16,2,success
798,SMK_Exchange_Flow,-,-,-,0,skipped_assumed_exists
798,deriveECUKey_CMAC_AES128,80810,10,16,2,success
799,SMK_Exchange_Flow,-,-,-,0,skipped_assumed_exists
799,deriveECUKey_CMAC_AES128,80910,10,16,2,success
800,SMK_Exchange_Flow,-,-,-,0,skipped_assumed_exists
800,deriveECUKey_CMAC_AES128,81010,10,16,2,success
801,SMK_Exchange_Flow,-,-,-,0,skipped_assumed_exists
801,deriveECUKey_CMAC_AES128,81110,10,16,2,success
802,SMK_Exchange_Flow,-,-,-,0,skipped_assumed_exists
802,deriveECUKey_CMAC_AES128,81210,10,16,2,success
803,SMK_Exchange_Flow,-,-,-,0,skipped_assumed_exists
803,deriveECUKey_CMAC_AES128,81310,10,16,2,success
804,SMK_Exchange_Flow,-,-,-,0,skipped_assumed_exists
804,deriveECUKey_CMAC_AES128,81410,10,16,2,success
805,SMK_Exchange_Flow,-,-,-,0,skipped_assumed_exists
805,deriveECUKey_CMAC_AES128,81510,10,16,2,success
806,SMK_Exchange_Flow,-,-,-,0,skipped_assumed_exists
806,deriveECUKey_CMAC_AES128,81610,10,16,2,success
807,SMK_Exchange_Flow,-,-,-,0,skipped_assumed_exists
807,deriveECUKey_CMAC_AES128,81710,10,16,2,success
808,SMK_Exchange_Flow,-,-,-,0,skipped_assumed_exists
808,deriveECUKey_CMAC_AES128,81810,10,16,2,success
809,SMK_Exchange_Flow,-,-,-,0,skipped_assumed_exists
809,deriveECUKey_CMAC_AES128,81910,10,16,2,success
810,SMK_Exchange_Flow,-,-,-,0,skipped_assumed_exists
810,deriveECUKey_CMAC_AES128,82010,10,16,2,success
811,SMK_Exchange_Flow,-,-,-,0,skipped_assumed_exists
811,deriveECUKey_CMAC_AES128,82110,10,16,2,success
812,SMK_Exchange_Flow,-,-,-,0,skipped_assumed_exists
812,deriveECUKey_CMAC_AES128,82210,10,16,2,success
813,SMK_Exchange_Flow,-,-,-,0,skipped_assumed_exists
813,deriveECUKey_CMAC_AES128,82310,10,16,2,success
814,SMK_Exchange_Flow,-,-,-,0,skipped_assumed_exists
814,deriveECUKey_CMAC_AES128,82410,10,16,2,success
815,SMK_Exchange_Flow,-,-,-,0,skipped_assumed_exists
815,deriveECUKey_CMAC_AES128,82510,10,16,2,success
816,SMK_Exchange_Flow,-,-,-,0,skipped_assumed_exists
816,deriveECUKey_CMAC_AES128,82610,10,16,2,success
817,SMK_Exchange_Flow,-,-,-,0,skipped_assumed_exists
817,deriveECUKey_CMAC_AES128,82710,10,16,2,success
818,SMK_Exchange_Flow,-,-,-,0,skipped_assumed_exists
818,deriveECUKey_CMAC_AES128,82810,10,16,2,success
819,SMK_Exchange_Flow,-,-,-,0,skipped_assumed_exists
819,deriveECUKey_CMAC_AES128,82910,10,16,2,success
820,SMK_Exchange_Flow,-,-,-,0,skipped_assumed_exists
820,deriveECUKey_CMAC_AES128,83010,10,16,2,success
821,SMK_Exchange_Flow,-,-,-,0,skipped_assumed_exists
821,deriveECUKey_CMAC_AES128,83110,10,16,2,success
822,SMK_Exchange_Flow,-,-,-,0,skipped_assumed_exists
822,deriveECUKey_CMAC_AES128,83210,10,16,2,success
823,SMK_Exchange_Flow,-,-,-,0,skipped_assumed_exists
823,deriveECUKey_CMAC_AES128,83310,10,16,2,success
824,SMK_Exchange_Flow,-,-,-,0,skipped_assumed_exists
824,deriveECUKey_CMAC_AES128,83410,10,16,2,success
825,SMK_Exchange_Flow,-,-,-,0,skipped_assumed_exists
825,deriveECUKey_CMAC_AES128,83510,10,16,2,success
826,SMK_Exchange_Flow,-,-,-,0,skipped_assumed_exists
826,deriveECUKey_CMAC_AES128,83610,10,16,2,success
827,SMK_Exchange_Flow,-,-,-,0,skipped_assumed_exists
827,deriveECUKey_CMAC_AES128,83710,10,16,2,success
828,SMK_Exchange_Flow,-,-,-,0,skipped_assumed_exists
828,deriveECUKey_CMAC_AES128,83810,10,16,2,success
829,SMK_Exchange_Flow,-,-,-,0,skipped_assumed_exists
829,deriveECUKey_CMAC_AES128,83910,10,16,2,success
830,SMK_Exchange_Flow,-,-,-,0,skipped_assumed_exists
830,deriveECUKey_CMAC_AES128,84010,10,16,2,success
831,SMK_Exchange_Flow,-,-,-,0,skipped_assumed_exists
831,deriveECUKey_CMAC_AES128,84110,10,16,2,success
832,SMK_Exchange_Flow,-,-,-,0,skipped_assumed_exists
832,deriveECUKey_CMAC_AES128,84210,10,16,2,success
833,SMK_Exchange_Flow,-,-,-,0,skipped_assumed_exists
833,deriveECUKey_CMAC_AES128,84310,10,16,2,success
834,SMK_Exchange_Flow,-,-,-,0,skipped_assumed_exists
834,deriveECUKey_CMAC_AES128,84410,10,16,2,success
835,SMK_Exchange_Flow,-,-,-,0,skipped_assumed_exists
835,deriveECUKey_CMAC_AES128,84510,10,16,2,success
836,SMK_Exchange_Flow,-,-,-,0,skipped_assumed_exists
836,deriveECUKey_CMAC_AES128,84610,10,16,2,success
837,SMK_Exchange_Flow,-,-,-,0,skipped_assumed_exists
837,deriveECUKey_CMAC_AES128,84710,10,16,2,success
838,SMK_Exchange_Flow,-,-,-,0,skipped_assumed_exists
838,deriveECUKey_CMAC_AES128,84810,10,16,2,success
839,SMK_Exchange_Flow,-,-,-,0,skipped_assumed_exists
839,deriveECUKey_CMAC_AES128,84910,10,16,2,success
840,SMK_Exchange_Flow,-,-,-,0,skipped_assumed_exists
840,deriveECUKey_CMAC_AES128,85010,10,16,2,success
841,SMK_Exchange_Flow,-,-,-,0,skipped_assumed_exists
841,deriveECUKey_CMAC_AES128,85110,10,16,2,success
842,SMK_Exchange_Flow,-,-,-,0,skipped_assumed_exists
842,deriveECUKey_CMAC_AES128,85210,10,16,2,success
843,SMK_Exchange_Flow,-,-,-,0,skipped_assumed_exists
843,deriveECUKey_CMAC_AES128,85310,10,16,2,success
844,SMK_Exchange_Flow,-,-,-,0,skipped_assumed_exists
844,deriveECUKey_CMAC_AES128,85410,10,16,2,success
845,SMK_Exchange_Flow,-,-,-,0,skipped_assumed_exists
845,deriveECUKey_CMAC_AES128,85510,10,16,2,success
846,SMK_Exchange_Flow,-,-,-,0,skipped_assumed_exists
846,deriveECUKey_CMAC_AES128,85610,10,16,2,success
847,SMK_Exchange_Flow,-,-,-,0,skipped_assumed_exists
847,deriveECUKey_CMAC_AES128,85710,10,16,2,success
848,SMK_Exchange_Flow,-,-,-,0,skipped_assumed_exists
848,deriveECUKey_CMAC_AES128,85810,10,16,2,success
849,SMK_Exchange_Flow,-,-,-,0,skipped_assumed_exists
849,deriveECUKey_CMAC_AES128,85910,10,16,2,success
850,SMK_Exchange_Flow,-,-,-,0,skipped_assumed_exists
850,deriveECUKey_CMAC_AES128,86010,10,16,2,success
851,SMK_Exchange_Flow,-,-,-,0,skipped_assumed_exists
851,deriveECUKey_CMAC_AES128,86110,10,16,2,success
852,SMK_Exchange_Flow,-,-,-,0,skipped_assumed_exists
852,deriveECUKey_CMAC_AES128,86210,10,16,2,success
853,SMK_Exchange_Flow,-,-,-,0,skipped_assumed_exists
853,deriveECUKey_CMAC_AES128,86310,10,16,2,success
854,SMK_Exchange_Flow,-,-,-,0,skipped_assumed_exists
854,deriveECUKey_CMAC_AES128,86410,10,16,2,success
855,SMK_Exchange_Flow,-,-,-,0,skipped_assumed_exists
855,deriveECUKey_CMAC_AES128,86510,10,16,2,success
856,SMK_Exchange_Flow,-,-,-,0,skipped_assumed_exists
856,deriveECUKey_CMAC_AES128,86610,10,16,2,success
857,SMK_Exchange_Flow,-,-,-,0,skipped_assumed_exists
857,deriveECUKey_CMAC_AES128,86710,10,16,2,success
858,SMK_Exchange_Flow,-,-,-,0,skipped_assumed_exists
858,deriveECUKey_CMAC_AES128,86810,10,16,2,success
859,SMK_Exchange_Flow,-,-,-,0,skipped_assumed_exists
859,deriveECUKey_CMAC_AES128,86910,10,16,2,success
860,SMK_Exchange_Flow,-,-,-,0,skipped_assumed_exists
860,deriveECUKey_CMAC_AES128,87010,10,16,2,success
861,SMK_Exchange_Flow,-,-,-,0,skipped_assumed_exists
861,deriveECUKey_CMAC_AES128,87110,10,16,2,success
862,SMK_Exchange_Flow,-,-,-,0,skipped_assumed_exists
862,deriveECUKey_CMAC_AES128,87210,10,16,2,success
863,SMK_Exchange_Flow,-,-,-,0,skipped_assumed_exists
863,deriveECUKey_CMAC_AES128,87310,10,16,2,success
864,SMK_Exchange_Flow,-,-,-,0,skipped_assumed_exists
864,deriveECUKey_CMAC_AES128,87410,10,16,2,success
865,SMK_Exchange_Flow,-,-,-,0,skipped_assumed_exists
865,deriveECUKey_CMAC_AES128,87510,10,16,2,success
866,SMK_Exchange_Flow,-,-,-,0,skipped_assumed_exists
866,deriveECUKey_CMAC_AES128,87610,10,16,2,success
867,SMK_Exchange_Flow,-,-,-,0,skipped_assumed_exists
867,deriveECUKey_CMAC_AES128,87710,10,16,2,success
868,SMK_Exchange_Flow,-,-,-,0,skipped_assumed_exists
868,deriveECUKey_CMAC_AES128,87810,10,16,2,success
869,SMK_Exchange_Flow,-,-,-,0,skipped_assumed_exists
869,deriveECUKey_CMAC_AES128,87910,10,16,2,success
870,SMK_Exchange_Flow,-,-,-,0,skipped_assumed_exists
870,deriveECUKey_CMAC_AES128,88010,10,16,2,success
871,SMK_Exchange_Flow,-,-,-,0,skipped_assumed_exists
871,deriveECUKey_CMAC_AES128,88110,10,16,2,success
872,SMK_Exchange_Flow,-,-,-,0,skipped_assumed_exists
872,deriveECUKey_CMAC_AES128,88210,10,16,2,success
873,SMK_Exchange_Flow,-,-,-,0,skipped_assumed_exists
873,deriveECUKey_CMAC_AES128,88310,10,16,2,success
874,SMK_Exchange_Flow,-,-,-,0,skipped_assumed_exists
874,deriveECUKey_CMAC_AES128,88410,10,16,2,success
875,SMK_Exchange_Flow,-,-,-,0,skipped_assumed_exists
875,deriveECUKey_CMAC_AES128,88510,10,16,2,success
876,SMK_Exchange_Flow,-,-,-,0,skipped_assumed_exists
876,deriveECUKey_CMAC_AES128,88610,10,16,2,success
877,SMK_Exchange_Flow,-,-,-,0,skipped_assumed_exists
877,deriveECUKey_CMAC_AES128,88710,10,16,2,success
878,SMK_Exchange_Flow,-,-,-,0,skipped_assumed_exists
878,deriveECUKey_CMAC_AES128,88810,10,16,2,success
879,SMK_Exchange_Flow,-,-,-,0,skipped_assumed_exists
879,deriveECUKey_CMAC_AES128,88910,10,16,2,success
880,SMK_Exchange_Flow,-,-,-,0,skipped_assumed_exists
880,deriveECUKey_CMAC_AES128,89010,10,16,2,success
881,SMK_Exchange_Flow,-,-,-,0,skipped_assumed_exists
881,deriveECUKey_CMAC_AES128,89110,10,16,2,success
882,SMK_Exchange_Flow,-,-,-,0,skipped_assumed_exists
882,deriveECUKey_CMAC_AES128,89210,10,16,2,success
883,SMK_Exchange_Flow,-,-,-,0,skipped_assumed_exists
883,deriveECUKey_CMAC_AES128,89310,10,16,2,success
884,SMK_Exchange_Flow,-,-,-,0,skipped_assumed_exists
884,deriveECUKey_CMAC_AES128,89410,10,16,2,success
885,SMK_Exchange_Flow,-,-,-,0,skipped_assumed_exists
885,deriveECUKey_CMAC_AES128,89510,10,16,2,success
886,SMK_Exchange_Flow,-,-,-,0,skipped_assumed_exists
886,deriveECUKey_CMAC_AES128,89610,10,16,2,success
887,SMK_Exchange_Flow,-,-,-,0,skipped_assumed_exists
887,deriveECUKey_CMAC_AES128,89710,10,16,2,success
888,SMK_Exchange_Flow,-,-,-,0,skipped_assumed_exists
888,deriveECUKey_CMAC_AES128,89810,10,16,2,success
889,SMK_Exchange_Flow,-,-,-,0,skipped_assumed_exists
889,deriveECUKey_CMAC_AES128,89910,10,16,2,success
890,SMK_Exchange_Flow,-,-,-,0,skipped_assumed_exists
890,deriveECUKey_CMAC_AES128,90010,10,16,2,success
891,SMK_Exchange_Flow,-,-,-,0,skipped_assumed_exists
891,deriveECUKey_CMAC_AES128,90110,10,16,2,success
892,SMK_Exchange_Flow,-,-,-,0,skipped_assumed_exists
892,deriveECUKey_CMAC_AES128,90210,10,16,2,success
893,SMK_Exchange_Flow,-,-,-,0,skipped_assumed_exists
893,deriveECUKey_CMAC_AES128,90310,10,16,2,success
894,SMK_Exchange_Flow,-,-,-,0,skipped_assumed_exists
894,deriveECUKey_CMAC_AES128,90410,10,16,2,success
895,SMK_Exchange_Flow,-,-,-,0,skipped_assumed_exists
895,deriveECUKey_CMAC_AES128,90510,10,16,2,success
896,SMK_Exchange_Flow,-,-,-,0,skipped_assumed_exists
896,deriveECUKey_CMAC_AES128,90610,10,16,2,success
897,SMK_Exchange_Flow,-,-,-,0,skipped_assumed_exists
897,deriveECUKey_CMAC_AES128,90710,10,16,2,success
898,SMK_Exchange_Flow,-,-,-,0,skipped_assumed_exists
898,deriveECUKey_CMAC_AES128,90810,10,16,2,success
899,SMK_Exchange_Flow,-,-,-,0,skipped_assumed_exists
899,deriveECUKey_CMAC_AES128,90910,10,16,2,success
900,SMK_Exchange_Flow,-,-,-,0,skipped_assumed_exists
900,deriveECUKey_CMAC_AES128,91010,10,16,2,success
901,SMK_Exchange_Flow,-,-,-,0,skipped_assumed_exists
901,deriveECUKey_CMAC_AES128,91110,10,16,2,success
902,SMK_Exchange_Flow,-,-,-,0,skipped_assumed_exists
902,deriveECUKey_CMAC_AES128,91210,10,16,2,success
903,SMK_Exchange_Flow,-,-,-,0,skipped_assumed_exists
903,deriveECUKey_CMAC_AES128,91310,10,16,2,success
904,SMK_Exchange_Flow,-,-,-,0,skipped_assumed_exists
904,deriveECUKey_CMAC_AES128,91410,10,16,2,success
905,SMK_Exchange_Flow,-,-,-,0,skipped_assumed_exists
905,deriveECUKey_CMAC_AES128,91510,10,16,2,success
906,SMK_Exchange_Flow,-,-,-,0,skipped_assumed_exists
906,deriveECUKey_CMAC_AES128,91610,10,16,2,success
907,SMK_Exchange_Flow,-,-,-,0,skipped_assumed_exists
907,deriveECUKey_CMAC_AES128,91710,10,16,2,success
908,SMK_Exchange_Flow,-,-,-,0,skipped_assumed_exists
908,deriveECUKey_CMAC_AES128,91810,10,16,2,success
909,SMK_Exchange_Flow,-,-,-,0,skipped_assumed_exists
909,deriveECUKey_CMAC_AES128,91910,10,16,2,success
910,SMK_Exchange_Flow,-,-,-,0,skipped_assumed_exists
910,deriveECUKey_CMAC_AES128,92010,10,16,2,success
911,SMK_Exchange_Flow,-,-,-,0,skipped_assumed_exists
911,deriveECUKey_CMAC_AES128,92110,10,16,2,success
912,SMK_Exchange_Flow,-,-,-,0,skipped_assumed_exists
912,deriveECUKey_CMAC_AES128,92210,10,16,2,success
913,SMK_Exchange_Flow,-,-,-,0,skipped_assumed_exists
913,deriveECUKey_CMAC_AES128,92310,10,16,2,success
914,SMK_Exchange_Flow,-,-,-,0,skipped_assumed_exists
914,deriveECUKey_CMAC_AES128,92410,10,16,2,success
915,SMK_Exchange_Flow,-,-,-,0,skipped_assumed_exists
915,deriveECUKey_CMAC_AES128,92510,10,16,2,success
916,SMK_Exchange_Flow,-,-,-,0,skipped_assumed_exists
916,deriveECUKey_CMAC_AES128,92610,10,16,2,success
917,SMK_Exchange_Flow,-,-,-,0,skipped_assumed_exists
917,deriveECUKey_CMAC_AES128,92710,10,16,2,success
918,SMK_Exchange_Flow,-,-,-,0,skipped_assumed_exists
918,deriveECUKey_CMAC_AES128,92810,10,16,2,success
919,SMK_Exchange_Flow,-,-,-,0,skipped_assumed_exists
919,deriveECUKey_CMAC_AES128,92910,10,16,2,success
920,SMK_Exchange_Flow,-,-,-,0,skipped_assumed_exists
920,deriveECUKey_CMAC_AES128,93010,10,16,2,success
921,SMK_Exchange_Flow,-,-,-,0,skipped_assumed_exists
921,deriveECUKey_CMAC_AES128,93110,10,16,2,success
922,SMK_Exchange_Flow,-,-,-,0,skipped_assumed_exists
922,deriveECUKey_CMAC_AES128,93210,10,16,2,success
923,SMK_Exchange_Flow,-,-,-,0,skipped_assumed_exists
923,deriveECUKey_CMAC_AES128,93310,10,16,2,success
924,SMK_Exchange_Flow,-,-,-,0,skipped_assumed_exists
924,deriveECUKey_CMAC_AES128,93410,10,16,2,success
925,SMK_Exchange_Flow,-,-,-,0,skipped_assumed_exists
925,deriveECUKey_CMAC_AES128,93510,10,16,2,success
926,SMK_Exchange_Flow,-,-,-,0,skipped_assumed_exists
926,deriveECUKey_CMAC_AES128,93610,10,16,2,success
927,SMK_Exchange_Flow,-,-,-,0,skipped_assumed_exists
927,deriveECUKey_CMAC_AES128,93710,10,16,2,success
928,SMK_Exchange_Flow,-,-,-,0,skipped_assumed_exists
928,deriveECUKey_CMAC_AES128,93810,10,16,2,success
929,SMK_Exchange_Flow,-,-,-,0,skipped_assumed_exists
929,deriveECUKey_CMAC_AES128,93910,10,16,2,success
930,SMK_Exchange_Flow,-,-,-,0,skipped_assumed_exists
930,deriveECUKey_CMAC_AES128,94010,10,16,2,success
931,SMK_Exchange_Flow,-,-,-,0,skipped_assumed_exists
931,deriveECUKey_CMAC_AES128,94110,10,16,2,success
932,SMK_Exchange_Flow,-,-,-,0,skipped_assumed_exists
932,deriveECUKey_CMAC_AES128,94210,10,16,2,success
933,SMK_Exchange_Flow,-,-,-,0,skipped_assumed_exists
933,deriveECUKey_CMAC_AES128,94310,10,16,2,success
934,SMK_Exchange_Flow,-,-,-,0,skipped_assumed_exists
934,deriveECUKey_CMAC_AES128,94410,10,16,2,success
935,SMK_Exchange_Flow,-,-,-,0,skipped_assumed_exists
935,deriveECUKey_CMAC_AES128,94510,10,16,2,success
936,SMK_Exchange_Flow,-,-,-,0,skipped_assumed_exists
936,deriveECUKey_CMAC_AES128,94610,10,16,2,success
937,SMK_Exchange_Flow,-,-,-,0,skipped_assumed_exists
937,deriveECUKey_CMAC_AES128,94710,10,16,2,success
938,SMK_Exchange_Flow,-,-,-,0,skipped_assumed_exists
938,deriveECUKey_CMAC_AES128,94810,10,16,2,success
939,SMK_Exchange_Flow,-,-,-,0,skipped_assumed_exists
939,deriveECUKey_CMAC_AES128,94910,10,16,2,success
940,SMK_Exchange_Flow,-,-,-,0,skipped_assumed_exists
940,deriveECUKey_CMAC_AES128,95010,10,16,2,success
941,SMK_Exchange_Flow,-,-,-,0,skipped_assumed_exists
941,deriveECUKey_CMAC_AES128,95110,10,16,2,success
942,SMK_Exchange_Flow,-,-,-,0,skipped_assumed_exists
942,deriveECUKey_CMAC_AES128,95210,10,16,2,success
943,SMK_Exchange_Flow,-,-,-,0,skipped_assumed_exists
943,deriveECUKey_CMAC_AES128,95310,10,16,2,success
944,SMK_Exchange_Flow,-,-,-,0,skipped_assumed_exists
944,deriveECUKey_CMAC_AES128,95410,10,16,2,success
945,SMK_Exchange_Flow,-,-,-,0,skipped_assumed_exists
945,deriveECUKey_CMAC_AES128,95510,10,16,2,success
946,SMK_Exchange_Flow,-,-,-,0,skipped_assumed_exists
946,deriveECUKey_CMAC_AES128,95610,10,16,2,success
947,SMK_Exchange_Flow,-,-,-,0,skipped_assumed_exists
947,deriveECUKey_CMAC_AES128,95710,10,16,2,success
948,SMK_Exchange_Flow,-,-,-,0,skipped_assumed_exists
948,deriveECUKey_CMAC_AES128,95810,10,16,2,success
949,SMK_Exchange_Flow,-,-,-,0,skipped_assumed_exists
949,deriveECUKey_CMAC_AES128,95910,10,16,2,success
950,SMK_Exchange_Flow,-,-,-,0,skipped_assumed_exists
950,deriveECUKey_CMAC_AES128,96010,10,16,2,success
951,SMK_Exchange_Flow,-,-,-,0,skipped_assumed_exists
951,deriveECUKey_CMAC_AES128,96110,10,16,2,success
952,SMK_Exchange_Flow,-,-,-,0,skipped_assumed_exists
952,deriveECUKey_CMAC_AES128,96210,10,16,2,success
953,SMK_Exchange_Flow,-,-,-,0,skipped_assumed_exists
953,deriveECUKey_CMAC_AES128,96310,10,16,2,success
954,SMK_Exchange_Flow,-,-,-,0,skipped_assumed_exists
954,deriveECUKey_CMAC_AES128,96410,10,16,2,success
955,SMK_Exchange_Flow,-,-,-,0,skipped_assumed_exists
955,deriveECUKey_CMAC_AES128,96510,10,16,2,success
956,SMK_Exchange_Flow,-,-,-,0,skipped_assumed_exists
956,deriveECUKey_CMAC_AES128,96610,10,16,2,success
957,SMK_Exchange_Flow,-,-,-,0,skipped_assumed_exists
957,deriveECUKey_CMAC_AES128,96710,10,16,2,success
958,SMK_Exchange_Flow,-,-,-,0,skipped_assumed_exists
958,deriveECUKey_CMAC_AES128,96810,10,16,2,success
959,SMK_Exchange_Flow,-,-,-,0,skipped_assumed_exists
959,deriveECUKey_CMAC_AES128,96910,10,16,2,success
960,SMK_Exchange_Flow,-,-,-,0,skipped_assumed_exists
960,deriveECUKey_CMAC_AES128,97010,10,16,2,success
961,SMK_Exchange_Flow,-,-,-,0,skipped_assumed_exists
961,deriveECUKey_CMAC_AES128,97110,10,16,2,success
962,SMK_Exchange_Flow,-,-,-,0,skipped_assumed_exists
962,deriveECUKey_CMAC_AES128,97210,10,16,2,success
963,SMK_Exchange_Flow,-,-,-,0,skipped_assumed_exists
963,deriveECUKey_CMAC_AES128,97310,10,16,2,success
964,SMK_Exchange_Flow,-,-,-,0,skipped_assumed_exists
964,deriveECUKey_CMAC_AES128,97410,10,16,2,success
965,SMK_Exchange_Flow,-,-,-,0,skipped_assumed_exists
965,deriveECUKey_CMAC_AES128,97510,10,16,2,success
966,SMK_Exchange_Flow,-,-,-,0,skipped_assumed_exists
966,deriveECUKey_CMAC_AES128,97610,10,16,2,success
967,SMK_Exchange_Flow,-,-,-,0,skipped_assumed_exists
967,deriveECUKey_CMAC_AES128,97710,10,16,2,success
968,SMK_Exchange_Flow,-,-,-,0,skipped_assumed_exists
968,deriveECUKey_CMAC_AES128,97810,10,16,2,success
969,SMK_Exchange_Flow,-,-,-,0,skipped_assumed_exists
969,deriveECUKey_CMAC_AES128,97910,10,16,2,success
970,SMK_Exchange_Flow,-,-,-,0,skipped_assumed_exists
970,deriveECUKey_CMAC_AES128,98010,10,16,2,success
971,SMK_Exchange_Flow,-,-,-,0,skipped_assumed_exists
971,deriveECUKey_CMAC_AES128,98110,10,16,2,success
972,SMK_Exchange_Flow,-,-,-,0,skipped_assumed_exists
972,deriveECUKey_CMAC_AES128,98210,10,16,2,success
973,SMK_Exchange_Flow,-,-,-,0,skipped_assumed_exists
973,deriveECUKey_CMAC_AES128,98310,10,16,2,success
974,SMK_Exchange_Flow,-,-,-,0,skipped_assumed_exists
974,deriveECUKey_CMAC_AES128,98410,10,16,2,success
975,SMK_Exchange_Flow,-,-,-,0,skipped_assumed_exists
975,deriveECUKey_CMAC_AES128,98510,10,16,2,success
976,SMK_Exchange_Flow,-,-,-,0,skipped_assumed_exists
976,deriveECUKey_CMAC_AES128,98610,10,16,2,success
977,SMK_Exchange_Flow,-,-,-,0,skipped_assumed_exists
977,deriveECUKey_CMAC_AES128,98710,10,16,2,success
978,SMK_Exchange_Flow,-,-,-,0,skipped_assumed_exists
978,deriveECUKey_CMAC_AES128,98810,10,16,2,success
979,SMK_Exchange_Flow,-,-,-,0,skipped_assumed_exists
979,deriveECUKey_CMAC_AES128,98910,10,16,2,success
980,SMK_Exchange_Flow,-,-,-,0,skipped_assumed_exists
980,deriveECUKey_CMAC_AES128,99010,10,16,2,success
981,SMK_Exchange_Flow,-,-,-,0,skipped_assumed_exists
981,deriveECUKey_CMAC_AES128,99110,10,16,2,success
982,SMK_Exchange_Flow,-,-,-,0,skipped_assumed_exists
982,deriveECUKey_CMAC_AES128,99210,10,16,2,success
983,SMK_Exchange_Flow,-,-,-,0,skipped_assumed_exists
983,deriveECUKey_CMAC_AES128,99310,10,16,2,success
984,SMK_Exchange_Flow,-,-,-,0,skipped_assumed_exists
984,deriveECUKey_CMAC_AES128,99410,10,16,2,success
985,SMK_Exchange_Flow,-,-,-,0,skipped_assumed_exists
985,deriveECUKey_CMAC_AES128,99510,10,16,2,success
986,SMK_Exchange_Flow,-,-,-,0,skipped_assumed_exists
986,deriveECUKey_CMAC_AES128,99610,10,16,2,success
987,SMK_Exchange_Flow,-,-,-,0,skipped_assumed_exists
987,deriveECUKey_CMAC_AES128,99710,10,16,2,success
988,SMK_Exchange_Flow,-,-,-,0,skipped_assumed_exists
988,deriveECUKey_CMAC_AES128,99810,10,16,2,success
989,SMK_Exchange_Flow,-,-,-,0,skipped_assumed_exists
989,deriveECUKey_CMAC_AES128,99910,10,16,2,success
990,SMK_Exchange_Flow,-,-,-,0,skipped_assumed_exists
990,deriveECUKey_CMAC_AES128,100010,10,16,2,success
991,SMK_Exchange_Flow,-,-,-,0,skipped_assumed_exists
991,deriveECUKey_CMAC_AES128,100110,10,16,2,success
992,SMK_Exchange_Flow,-,-,-,0,skipped_assumed_exists
992,deriveECUKey_CMAC_AES128,100210,10,16,2,success
993,SMK_Exchange_Flow,-,-,-,0,skipped_assumed_exists
993,deriveECUKey_CMAC_AES128,100310,10,16,2,success
994,SMK_Exchange_Flow,-,-,-,0,skipped_assumed_exists
994,deriveECUKey_CMAC_AES128,100410,10,16,2,success
995,SMK_Exchange_Flow,-,-,-,0,skipped_assumed_exists
995,deriveECUKey_CMAC_AES128,100510,10,16,2,success
996,SMK_Exchange_Flow,-,-,-,0,skipped_assumed_exists
996,deriveECUKey_CMAC_AES128,100610,10,16,2,success
997,SMK_Exchange_Flow,-,-,-,0,skipped_assumed_exists
997,deriveECUKey_CMAC_AES128,100710,10,16,2,success
998,SMK_Exchange_Flow,-,-,-,0,skipped_assumed_exists
998,deriveECUKey_CMAC_AES128,100810,10,16,2,success
999,SMK_Exchange_Flow,-,-,-,0,skipped_assumed_exists
999,deriveECUKey_CMAC_AES128,100910,10,16,2,success
