iteration,operation_type,ecu_id,sec_level,key_len_bytes,latency_ms,status
0,SMK_Exchange_Flow,-,-,-,0,skipped_assumed_exists
0,deriveECUKey_AES_GCM_128,1030,30,16,2,success
1,SMK_Exchange_Flow,-,-,-,0,skipped_assumed_exists
1,deriveECUKey_AES_GCM_128,1130,30,16,2,success
2,SMK_Exchange_Flow,-,-,-,0,skipped_assumed_exists
2,deriveECUKey_AES_GCM_128,1230,30,16,2,success
3,SMK_Exchange_Flow,-,-,-,0,skipped_assumed_exists
3,deriveECUKey_AES_GCM_128,1330,30,16,2,success
4,SMK_Exchange_Flow,-,-,-,0,skipped_assumed_exists
4,deriveECUKey_AES_GCM_128,1430,30,16,2,success
5,SMK_Exchange_Flow,-,-,-,0,skipped_assumed_exists
5,deriveECUKey_AES_GCM_128,1530,30,16,2,success
6,SMK_Exchange_Flow,-,-,-,0,skipped_assumed_exists
6,deriveECUKey_AES_GCM_128,1630,30,16,2,success
7,SMK_Exchange_Flow,-,-,-,0,skipped_assumed_exists
7,deriveECUKey_AES_GCM_128,1730,30,16,2,success
8,SMK_Exchange_Flow,-,-,-,0,skipped_assumed_exists
8,deriveECUKey_AES_GCM_128,1830,30,16,2,success
9,SMK_Exchange_Flow,-,-,-,0,skipped_assumed_exists
9,deriveECUKey_AES_GCM_128,1930,30,16,2,success
10,SMK_Exchange_Flow,-,-,-,0,skipped_assumed_exists
10,deriveECUKey_AES_GCM_128,2030,30,16,2,success
11,SMK_Exchange_Flow,-,-,-,0,skipped_assumed_exists
11,deriveECUKey_AES_GCM_128,2130,30,16,2,success
12,SMK_Exchange_Flow,-,-,-,0,skipped_assumed_exists
12,deriveECUKey_AES_GCM_128,2230,30,16,2,success
13,SMK_Exchange_Flow,-,-,-,0,skipped_assumed_exists
13,deriveECUKey_AES_GCM_128,2330,30,16,2,success
14,SMK_Exchange_Flow,-,-,-,0,skipped_assumed_exists
14,deriveECUKey_AES_GCM_128,2430,30,16,2,success
15,SMK_Exchange_Flow,-,-,-,0,skipped_assumed_exists
15,deriveECUKey_AES_GCM_128,2530,30,16,2,success
16,SMK_Exchange_Flow,-,-,-,0,skipped_assumed_exists
16,deriveECUKey_AES_GCM_128,2630,30,16,2,success
17,SMK_Exchange_Flow,-,-,-,0,skipped_assumed_exists
17,deriveECUKey_AES_GCM_128,2730,30,16,2,success
18,SMK_Exchange_Flow,-,-,-,0,skipped_assumed_exists
18,deriveECUKey_AES_GCM_128,2830,30,16,2,success
19,SMK_Exchange_Flow,-,-,-,0,skipped_assumed_exists
19,deriveECUKey_AES_GCM_128,2930,30,16,2,success
20,SMK_Exchange_Flow,-,-,-,0,skipped_assumed_exists
20,deriveECUKey_AES_GCM_128,3030,30,16,2,success
21,SMK_Exchange_Flow,-,-,-,0,skipped_assumed_exists
21,deriveECUKey_AES_GCM_128,3130,30,16,2,success
22,SMK_Exchange_Flow,-,-,-,0,skipped_assumed_exists
22,deriveECUKey_AES_GCM_128,3230,30,16,2,success
23,SMK_Exchange_Flow,-,-,-,0,skipped_assumed_exists
23,deriveECUKey_AES_GCM_128,3330,30,16,2,success
24,SMK_Exchange_Flow,-,-,-,0,skipped_assumed_exists
24,deriveECUKey_AES_GCM_128,3430,30,16,2,success
25,SMK_Exchange_Flow,-,-,-,0,skipped_assumed_exists
25,deriveECUKey_AES_GCM_128,3530,30,16,2,success
26,SMK_Exchange_Flow,-,-,-,0,skipped_assumed_exists
26,deriveECUKey_AES_GCM_128,3630,30,16,2,success
27,SMK_Exchange_Flow,-,-,-,0,skipped_assumed_exists
27,deriveECUKey_AES_GCM_128,3730,30,16,2,success
28,SMK_Exchange_Flow,-,-,-,0,skipped_assumed_exists
28,deriveECUKey_AES_GCM_128,3830,30,16,2,success
29,SMK_Exchange_Flow,-,-,-,0,skipped_assumed_exists
29,deriveECUKey_AES_GCM_128,3930,30,16,2,success
30,SMK_Exchange_Flow,-,-,-,0,skipped_assumed_exists
30,deriveECUKey_AES_GCM_128,4030,30,16,2,success
31,SMK_Exchange_Flow,-,-,-,0,skipped_assumed_exists
31,deriveECUKey_AES_GCM_128,4130,30,16,2,success
32,SMK_Exchange_Flow,-,-,-,0,skipped_assumed_exists
32,deriveECUKey_AES_GCM_128,4230,30,16,2,success
33,SMK_Exchange_Flow,-,-,-,0,skipped_assumed_exists
33,deriveECUKey_AES_GCM_128,4330,30,16,2,success
34,SMK_Exchange_Flow,-,-,-,0,skipped_assumed_exists
34,deriveECUKey_AES_GCM_128,4430,30,16,2,success
35,SMK_Exchange_Flow,-,-,-,0,skipped_assumed_exists
35,deriveECUKey_AES_GCM_128,4530,30,16,2,success
36,SMK_Exchange_Flow,-,-,-,0,skipped_assumed_exists
36,deriveECUKey_AES_GCM_128,4630,30,16,2,success
37,SMK_Exchange_Flow,-,-,-,0,skipped_assumed_exists
37,deriveECUKey_AES_GCM_128,4730,30,16,2,success
38,SMK_Exchange_Flow,-,-,-,0,skipped_assumed_exists
38,deriveECUKey_AES_GCM_128,4830,30,16,2,success
39,SMK_Exchange_Flow,-,-,-,0,skipped_assumed_exists
39,deriveECUKey_AES_GCM_128,4930,30,16,2,success
40,SMK_Exchange_Flow,-,-,-,0,skipped_assumed_exists
40,deriveECUKey_AES_GCM_128,5030,30,16,2,success
41,SMK_Exchange_Flow,-,-,-,0,skipped_assumed_exists
41,deriveECUKey_AES_GCM_128,5130,30,16,2,success
42,SMK_Exchange_Flow,-,-,-,0,skipped_assumed_exists
42,deriveECUKey_AES_GCM_128,5230,30,16,2,success
43,SMK_Exchange_Flow,-,-,-,0,skipped_assumed_exists
43,deriveECUKey_AES_GCM_128,5330,30,16,2,success
44,SMK_Exchange_Flow,-,-,-,0,skipped_assumed_exists
44,deriveECUKey_AES_GCM_128,5430,30,16,2,success
45,SMK_Exchange_Flow,-,-,-,0,skipped_assumed_exists
45,deriveECUKey_AES_GCM_128,5530,30,16,2,success
46,SMK_Exchange_Flow,-,-,-,0,skipped_assumed_exists
46,deriveECUKey_AES_GCM_128,5630,30,16,2,success
47,SMK_Exchange_Flow,-,-,-,0,skipped_assumed_exists
47,deriveECUKey_AES_GCM_128,5730,30,16,2,success
48,SMK_Exchange_Flow,-,-,-,0,skipped_assumed_exists
48,deriveECUKey_AES_GCM_128,5830,30,16,2,success
49,SMK_Exchange_Flow,-,-,-,0,skipped_assumed_exists
49,deriveECUKey_AES_GCM_128,5930,30,16,2,success
50,SMK_Exchange_Flow,-,-,-,0,skipped_assumed_exists
50,deriveECUKey_AES_GCM_128,6030,30,16,2,success
51,SMK_Exchange_Flow,-,-,-,0,skipped_assumed_exists
51,deriveECUKey_AES_GCM_128,6130,30,16,2,success
52,SMK_Exchange_Flow,-,-,-,0,skipped_assumed_exists
52,deriveECUKey_AES_GCM_128,6230,30,16,2,success
53,SMK_Exchange_Flow,-,-,-,0,skipped_assumed_exists
53,deriveECUKey_AES_GCM_128,6330,30,16,2,success
54,SMK_Exchange_Flow,-,-,-,0,skipped_assumed_exists
54,deriveECUKey_AES_GCM_128,6430,30,16,2,success
55,SMK_Exchange_Flow,-,-,-,0,skipped_assumed_exists
55,deriveECUKey_AES_GCM_128,6530,30,16,2,success
56,SMK_Exchange_Flow,-,-,-,0,skipped_assumed_exists
56,deriveECUKey_AES_GCM_128,6630,30,16,2,success
57,SMK_Exchange_Flow,-,-,-,0,skipped_assumed_exists
57,deriveECUKey_AES_GCM_128,6730,30,16,2,success
58,SMK_Exchange_Flow,-,-,-,0,skipped_assumed_exists
58,deriveECUKey_AES_GCM_128,6830,30,16,2,success
59,SMK_Exchange_Flow,-,-,-,0,skipped_assumed_exists
59,deriveECUKey_AES_GCM_128,6930,30,16,2,success
60,SMK_Exchange_Flow,-,-,-,0,skipped_assumed_exists
60,deriveECUKey_AES_GCM_128,7030,30,16,2,success
61,SMK_Exchange_Flow,-,-,-,0,skipped_assumed_exists
61,deriveECUKey_AES_GCM_128,7130,30,16,2,success
62,SMK_Exchange_Flow,-,-,-,0,skipped_assumed_exists
62,deriveECUKey_AES_GCM_128,7230,30,16,2,success
63,SMK_Exchange_Flow,-,-,-,0,skipped_assumed_exists
63,deriveECUKey_AES_GCM_128,7330,30,16,2,success
64,SMK_Exchange_Flow,-,-,-,0,skipped_assumed_exists
64,deriveECUKey_AES_GCM_128,7430,30,16,2,success
65,SMK_Exchange_Flow,-,-,-,0,skipped_assumed_exists
65,deriveECUKey_AES_GCM_128,7530,30,16,2,success
66,SMK_Exchange_Flow,-,-,-,0,skipped_assumed_exists
66,deriveECUKey_AES_GCM_128,7630,30,16,2,success
67,SMK_Exchange_Flow,-,-,-,0,skipped_assumed_exists
67,deriveECUKey_AES_GCM_128,7730,30,16,2,success
68,SMK_Exchange_Flow,-,-,-,0,skipped_assumed_exists
68,deriveECUKey_AES_GCM_128,7830,30,16,2,success
69,SMK_Exchange_Flow,-,-,-,0,skipped_assumed_exists
69,deriveECUKey_AES_GCM_128,7930,30,16,2,success
70,SMK_Exchange_Flow,-,-,-,0,skipped_assumed_exists
70,deriveECUKey_AES_GCM_128,8030,30,16,2,success
71,SMK_Exchange_Flow,-,-,-,0,skipped_assumed_exists
71,deriveECUKey_AES_GCM_128,8130,30,16,2,success
72,SMK_Exchange_Flow,-,-,-,0,skipped_assumed_exists
72,deriveECUKey_AES_GCM_128,8230,30,16,2,success
73,SMK_Exchange_Flow,-,-,-,0,skipped_assumed_exists
73,deriveECUKey_AES_GCM_128,8330,30,16,2,success
74,SMK_Exchange_Flow,-,-,-,0,skipped_assumed_exists
74,deriveECUKey_AES_GCM_128,8430,30,16,2,success
75,SMK_Exchange_Flow,-,-,-,0,skipped_assumed_exists
75,deriveECUKey_AES_GCM_128,8530,30,16,2,success
76,SMK_Exchange_Flow,-,-,-,0,skipped_assumed_exists
76,deriveECUKey_AES_GCM_128,8630,30,16,2,success
77,SMK_Exchange_Flow,-,-,-,0,skipped_assumed_exists
77,deriveECUKey_AES_GCM_128,8730,30,16,2,success
78,SMK_Exchange_Flow,-,-,-,0,skipped_assumed_exists
78,deriveECUKey_AES_GCM_128,8830,30,16,2,success
79,SMK_Exchange_Flow,-,-,-,0,skipped_assumed_exists
79,deriveECUKey_AES_GCM_128,8930,30,16,2,success
80,SMK_Exchange_Flow,-,-,-,0,skipped_assumed_exists
80,deriveECUKey_AES_GCM_128,9030,30,16,2,success
81,SMK_Exchange_Flow,-,-,-,0,skipped_assumed_exists
81,deriveECUKey_AES_GCM_128,9130,30,16,2,success
82,SMK_Exchange_Flow,-,-,-,0,skipped_assumed_exists
82,deriveECUKey_AES_GCM_128,9230,30,16,2,success
83,SMK_Exchange_Flow,-,-,-,0,skipped_assumed_exists
83,deriveECUKey_AES_GCM_128,9330,30,16,2,success
84,SMK_Exchange_Flow,-,-,-,0,skipped_assumed_exists
84,deriveECUKey_AES_GCM_128,9430,30,16,2,success
85,SMK_Exchange_Flow,-,-,-,0,skipped_assumed_exists
85,deriveECUKey_AES_GCM_128,9530,30,16,2,success
86,SMK_Exchange_Flow,-,-,-,0,skipped_assumed_exists
86,deriveECUKey_AES_GCM_128,9630,30,16,2,success
87,SMK_Exchange_Flow,-,-,-,0,skipped_assumed_exists
87,deriveECUKey_AES_GCM_128,9730,30,16,2,success
88,SMK_Exchange_Flow,-,-,-,0,skipped_assumed_exists
88,deriveECUKey_AES_GCM_128,9830,30,16,2,success
89,SMK_Exchange_Flow,-,-,-,0,skipped_assumed_exists
89,deriveECUKey_AES_GCM_128,9930,30,16,2,success
90,SMK_Exchange_Flow,-,-,-,0,skipped_assumed_exists
90,deriveECUKey_AES_GCM_128,10030,30,16,2,success
91,SMK_Exchange_Flow,-,-,-,0,skipped_assumed_exists
91,deriveECUKey_AES_GCM_128,10130,30,16,2,success
92,SMK_Exchange_Flow,-,-,-,0,skipped_assumed_exists
92,deriveECUKey_AES_GCM_128,10230,30,16,2,success
93,SMK_Exchange_Flow,-,-,-,0,skipped_assumed_exists
93,deriveECUKey_AES_GCM_128,10330,30,16,2,success
94,SMK_Exchange_Flow,-,-,-,0,skipped_assumed_exists
94,deriveECUKey_AES_GCM_128,10430,30,16,2,success
95,SMK_Exchange_Flow,-,-,-,0,skipped_assumed_exists
95,deriveECUKey_AES_GCM_128,10530,30,16,2,success
96,SMK_Exchange_Flow,-,-,-,0,skipped_assumed_exists
96,deriveECUKey_AES_GCM_128,10630,30,16,2,success
97,SMK_Exchange_Flow,-,-,-,0,skipped_assumed_exists
97,deriveECUKey_AES_GCM_128,10730,30,16,2,success
98,SMK_Exchange_Flow,-,-,-,0,skipped_assumed_exists
98,deriveECUKey_AES_GCM_128,10830,30,16,2,success
99,SMK_Exchange_Flow,-,-,-,0,skipped_assumed_exists
99,deriveECUKey_AES_GCM_128,10930,30,16,2,success
100,SMK_Exchange_Flow,-,-,-,0,skipped_assumed_exists
100,deriveECUKey_AES_GCM_128,11030,30,16,2,success
101,SMK_Exchange_Flow,-,-,-,0,skipped_assumed_exists
101,deriveECUKey_AES_GCM_128,11130,30,16,2,success
102,SMK_Exchange_Flow,-,-,-,0,skipped_assumed_exists
102,deriveECUKey_AES_GCM_128,11230,30,16,2,success
103,SMK_Exchange_Flow,-,-,-,0,skipped_assumed_exists
103,deriveECUKey_AES_GCM_128,11330,30,16,2,success
104,SMK_Exchange_Flow,-,-,-,0,skipped_assumed_exists
104,deriveECUKey_AES_GCM_128,11430,30,16,2,success
105,SMK_Exchange_Flow,-,-,-,0,skipped_assumed_exists
105,deriveECUKey_AES_GCM_128,11530,30,16,2,success
106,SMK_Exchange_Flow,-,-,-,0,skipped_assumed_exists
106,deriveECUKey_AES_GCM_128,11630,30,16,2,success
107,SMK_Exchange_Flow,-,-,-,0,skipped_assumed_exists
107,deriveECUKey_AES_GCM_128,11730,30,16,2,success
108,SMK_Exchange_Flow,-,-,-,0,skipped_assumed_exists
108,deriveECUKey_AES_GCM_128,11830,30,16,2,success
109,SMK_Exchange_Flow,-,-,-,0,skipped_assumed_exists
109,deriveECUKey_AES_GCM_128,11930,30,16,2,success
110,SMK_Exchange_Flow,-,-,-,0,skipped_assumed_exists
110,deriveECUKey_AES_GCM_128,12030,30,16,2,success
111,SMK_Exchange_Flow,-,-,-,0,skipped_assumed_exists
111,deriveECUKey_AES_GCM_128,12130,30,16,2,success
112,SMK_Exchange_Flow,-,-,-,0,skipped_assumed_exists
112,deriveECUKey_AES_GCM_128,12230,30,16,2,success
113,SMK_Exchange_Flow,-,-,-,0,skipped_assumed_exists
113,deriveECUKey_AES_GCM_128,12330,30,16,2,success
114,SMK_Exchange_Flow,-,-,-,0,skipped_assumed_exists
114,deriveECUKey_AES_GCM_128,12430,30,16,2,success
115,SMK_Exchange_Flow,-,-,-,0,skipped_assumed_exists
115,deriveECUKey_AES_GCM_128,12530,30,16,2,success
116,SMK_Exchange_Flow,-,-,-,0,skipped_assumed_exists
116,deriveECUKey_AES_GCM_128,12630,30,16,2,success
117,SMK_Exchange_Flow,-,-,-,0,skipped_assumed_exists
117,deriveECUKey_AES_GCM_128,12730,30,16,2,success
118,SMK_Exchange_Flow,-,-,-,0,skipped_assumed_exists
118,deriveECUKey_AES_GCM_128,12830,30,16,2,success
119,SMK_Exchange_Flow,-,-,-,0,skipped_assumed_exists
119,deriveECUKey_AES_GCM_128,12930,30,16,2,success
120,SMK_Exchange_Flow,-,-,-,0,skipped_assumed_exists
120,deriveECUKey_AES_GCM_128,13030,30,16,2,success
121,SMK_Exchange_Flow,-,-,-,0,skipped_assumed_exists
121,deriveECUKey_AES_GCM_128,13130,30,16,2,success
122,SMK_Exchange_Flow,-,-,-,0,skipped_assumed_exists
122,deriveECUKey_AES_GCM_128,13230,30,16,2,success
123,SMK_Exchange_Flow,-,-,-,0,skipped_assumed_exists
123,deriveECUKey_AES_GCM_128,13330,30,16,2,success
124,SMK_Exchange_Flow,-,-,-,0,skipped_assumed_exists
124,deriveECUKey_AES_GCM_128,13430,30,16,2,success
125,SMK_Exchange_Flow,-,-,-,0,skipped_assumed_exists
125,deriveECUKey_AES_GCM_128,13530,30,16,2,success
126,SMK_Exchange_Flow,-,-,-,0,skipped_assumed_exists
126,deriveECUKey_AES_GCM_128,13630,30,16,2,success
127,SMK_Exchange_Flow,-,-,-,0,skipped_assumed_exists
127,deriveECUKey_AES_GCM_128,13730,30,16,2,success
128,SMK_Exchange_Flow,-,-,-,0,skipped_assumed_exists
128,deriveECUKey_AES_GCM_128,13830,30,16,2,success
129,SMK_Exchange_Flow,-,-,-,0,skipped_assumed_exists
129,deriveECUKey_AES_GCM_128,13930,30,16,2,success
130,SMK_Exchange_Flow,-,-,-,0,skipped_assumed_exists
130,deriveECUKey_AES_GCM_128,14030,30,16,2,success
131,SMK_Exchange_Flow,-,-,-,0,skipped_assumed_exists
131,deriveECUKey_AES_GCM_128,14130,30,16,2,success
132,SMK_Exchange_Flow,-,-,-,0,skipped_assumed_exists
132,deriveECUKey_AES_GCM_128,14230,30,16,2,success
133,SMK_Exchange_Flow,-,-,-,0,skipped_assumed_exists
133,deriveECUKey_AES_GCM_128,14330,30,16,2,success
134,SMK_Exchange_Flow,-,-,-,0,skipped_assumed_exists
134,deriveECUKey_AES_GCM_128,14430,30,16,2,success
135,SMK_Exchange_Flow,-,-,-,0,skipped_assumed_exists
135,deriveECUKey_AES_GCM_128,14530,30,16,2,success
136,SMK_Exchange_Flow,-,-,-,0,skipped_assumed_exists
136,deriveECUKey_AES_GCM_128,14630,30,16,2,success
137,SMK_Exchange_Flow,-,-,-,0,skipped_assumed_exists
137,deriveECUKey_AES_GCM_128,14730,30,16,2,success
138,SMK_Exchange_Flow,-,-,-,0,skipped_assumed_exists
138,deriveECUKey_AES_GCM_128,14830,30,16,2,success
139,SMK_Exchange_Flow,-,-,-,0,skipped_assumed_exists
139,deriveECUKey_AES_GCM_128,14930,30,16,2,success
140,SMK_Exchange_Flow,-,-,-,0,skipped_assumed_exists
140,deriveECUKey_AES_GCM_128,15030,30,16,2,success
141,SMK_Exchange_Flow,-,-,-,0,skipped_assumed_exists
141,deriveECUKey_AES_GCM_128,15130,30,16,2,success
142,SMK_Exchange_Flow,-,-,-,0,skipped_assumed_exists
142,deriveECUKey_AES_GCM_128,15230,30,16,2,success
143,SMK_Exchange_Flow,-,-,-,0,skipped_assumed_exists
143,deriveECUKey_AES_GCM_128,15330,30,16,2,success
144,SMK_Exchange_Flow,-,-,-,0,skipped_assumed_exists
144,deriveECUKey_AES_GCM_128,15430,30,16,2,success
145,SMK_Exchange_Flow,-,-,-,0,skipped_assumed_exists
145,deriveECUKey_AES_GCM_128,15530,30,16,2,success
146,SMK_Exchange_Flow,-,-,-,0,skipped_assumed_exists
146,deriveECUKey_AES_GCM_128,15630,30,16,2,success
147,SMK_Exchange_Flow,-,-,-,0,skipped_assumed_exists
147,deriveECUKey_AES_GCM_128,15730,30,16,2,success
148,SMK_Exchange_Flow,-,-,-,0,skipped_assumed_exists
148,deriveECUKey_AES_GCM_128,15830,30,16,2,success
149,SMK_Exchange_Flow,-,-,-,0,skipped_assumed_exists
149,deriveECUKey_AES_GCM_128,15930,30,16,2,success
150,SMK_Exchange_Flow,-,-,-,0,skipped_assumed_exists
150,deriveECUKey_AES_GCM_128,16030,30,16,2,success
151,SMK_Exchange_Flow,-,-,-,0,skipped_assumed_exists
151,deriveECUKey_AES_GCM_128,16130,30,16,2,success
152,SMK_Exchange_Flow,-,-,-,0,skipped_assumed_exists
152,deriveECUKey_AES_GCM_128,16230,30,16,2,success
153,SMK_Exchange_Flow,-,-,-,0,skipped_assumed_exists
153,deriveECUKey_AES_GCM_128,16330,30,16,2,success
154,SMK_Exchange_Flow,-,-,-,0,skipped_assumed_exists
154,deriveECUKey_AES_GCM_128,16430,30,16,2,success
155,SMK_Exchange_Flow,-,-,-,0,skipped_assumed_exists
155,deriveECUKey_AES_GCM_128,16530,30,16,2,success
156,SMK_Exchange_Flow,-,-,-,0,skipped_assumed_exists
156,deriveECUKey_AES_GCM_128,16630,30,16,2,success
157,SMK_Exchange_Flow,-,-,-,0,skipped_assumed_exists
157,deriveECUKey_AES_GCM_128,16730,30,16,2,success
158,SMK_Exchange_Flow,-,-,-,0,skipped_assumed_exists
158,deriveECUKey_AES_GCM_128,16830,30,16,2,success
159,SMK_Exchange_Flow,-,-,-,0,skipped_assumed_exists
159,deriveECUKey_AES_GCM_128,16930,30,16,2,success
160,SMK_Exchange_Flow,-,-,-,0,skipped_assumed_exists
160,deriveECUKey_AES_GCM_128,17030,30,16,2,success
161,SMK_Exchange_Flow,-,-,-,0,skipped_assumed_exists
161,deriveECUKey_AES_GCM_128,17130,30,16,2,success
162,SMK_Exchange_Flow,-,-,-,0,skipped_assumed_exists
162,deriveECUKey_AES_GCM_128,17230,30,16,2,success
163,SMK_Exchange_Flow,-,-,-,0,skipped_assumed_exists
163,deriveECUKey_AES_GCM_128,17330,30,16,2,success
164,SMK_Exchange_Flow,-,-,-,0,skipped_assumed_exists
164,deriveECUKey_AES_GCM_128,17430,30,16,2,success
165,SMK_Exchange_Flow,-,-,-,0,skipped_assumed_exists
165,deriveECUKey_AES_GCM_128,17530,30,16,2,success
166,SMK_Exchange_Flow,-,-,-,0,skipped_assumed_exists
166,deriveECUKey_AES_GCM_128,17630,30,16,2,success
167,SMK_Exchange_Flow,-,-,-,0,skipped_assumed_exists
167,deriveECUKey_AES_GCM_128,17730,30,16,2,success
168,SMK_Exchange_Flow,-,-,-,0,skipped_assumed_exists
168,deriveECUKey_AES_GCM_128,17830,30,16,2,success
169,SMK_Exchange_Flow,-,-,-,0,skipped_assumed_exists
169,deriveECUKey_AES_GCM_128,17930,30,16,2,success
170,SMK_Exchange_Flow,-,-,-,0,skipped_assumed_exists
170,deriveECUKey_AES_GCM_128,18030,30,16,2,success
171,SMK_Exchange_Flow,-,-,-,0,skipped_assumed_exists
171,deriveECUKey_AES_GCM_128,18130,30,16,2,success
172,SMK_Exchange_Flow,-,-,-,0,skipped_assumed_exists
172,deriveECUKey_AES_GCM_128,18230,30,16,2,success
173,SMK_Exchange_Flow,-,-,-,0,skipped_assumed_exists
173,deriveECUKey_AES_GCM_128,18330,30,16,2,success
174,SMK_Exchange_Flow,-,-,-,0,skipped_assumed_exists
174,deriveECUKey_AES_GCM_128,18430,30,16,2,success
175,SMK_Exchange_Flow,-,-,-,0,skipped_assumed_exists
175,deriveECUKey_AES_GCM_128,18530,30,16,2,success
176,SMK_Exchange_Flow,-,-,-,0,skipped_assumed_exists
176,deriveECUKey_AES_GCM_128,18630,30,16,2,success
177,SMK_Exchange_Flow,-,-,-,0,skipped_assumed_exists
177,deriveECUKey_AES_GCM_128,18730,30,16,2,success
178,SMK_Exchange_Flow,-,-,-,0,skipped_assumed_exists
178,deriveECUKey_AES_GCM_128,18830,30,16,2,success
179,SMK_Exchange_Flow,-,-,-,0,skipped_assumed_exists
179,deriveECUKey_AES_GCM_128,18930,30,16,2,success
180,SMK_Exchange_Flow,-,-,-,0,skipped_assumed_exists
180,deriveECUKey_AES_GCM_128,19030,30,16,2,success
181,SMK_Exchange_Flow,-,-,-,0,skipped_assumed_exists
181,deriveECUKey_AES_GCM_128,19130,30,16,2,success
182,SMK_Exchange_Flow,-,-,-,0,skipped_assumed_exists
182,deriveECUKey_AES_GCM_128,19230,30,16,2,success
183,SMK_Exchange_Flow,-,-,-,0,skipped_assumed_exists
183,deriveECUKey_AES_GCM_128,19330,30,16,2,success
184,SMK_Exchange_Flow,-,-,-,0,skipped_assumed_exists
184,deriveECUKey_AES_GCM_128,19430,30,16,2,success
185,SMK_Exchange_Flow,-,-,-,0,skipped_assumed_exists
185,deriveECUKey_AES_GCM_128,19530,30,16,2,success
186,SMK_Exchange_Flow,-,-,-,0,skipped_assumed_exists
186,deriveECUKey_AES_GCM_128,19630,30,16,2,success
187,SMK_Exchange_Flow,-,-,-,0,skipped_assumed_exists
187,deriveECUKey_AES_GCM_128,19730,30,16,2,success
188,SMK_Exchange_Flow,-,-,-,0,skipped_assumed_exists
188,deriveECUKey_AES_GCM_128,19830,30,16,2,success
189,SMK_Exchange_Flow,-,-,-,0,skipped_assumed_exists
189,deriveECUKey_AES_GCM_128,19930,30,16,2,success
190,SMK_Exchange_Flow,-,-,-,0,skipped_assumed_exists
190,deriveECUKey_AES_GCM_128,20030,30,16,2,success
191,SMK_Exchange_Flow,-,-,-,0,skipped_assumed_exists
191,deriveECUKey_AES_GCM_128,20130,30,16,2,success
192,SMK_Exchange_Flow,-,-,-,0,skipped_assumed_exists
192,deriveECUKey_AES_GCM_128,20230,30,16,2,success
193,SMK_Exchange_Flow,-,-,-,0,skipped_assumed_exists
193,deriveECUKey_AES_GCM_128,20330,30,16,2,success
194,SMK_Exchange_Flow,-,-,-,0,skipped_assumed_exists
194,deriveECUKey_AES_GCM_128,20430,30,16,2,success
195,SMK_Exchange_Flow,-,-,-,0,skipped_assumed_exists
195,deriveECUKey_AES_GCM_128,20530,30,16,2,success
196,SMK_Exchange_Flow,-,-,-,0,skipped_assumed_exists
196,deriveECUKey_AES_GCM_128,20630,30,16,2,success
197,SMK_Exchange_Flow,-,-,-,0,skipped_assumed_exists
197,deriveECUKey_AES_GCM_128,20730,30,16,2,success
198,SMK_Exchange_Flow,-,-,-,0,skipped_assumed_exists
198,deriveECUKey_AES_GCM_128,20830,30,16,2,success
199,SMK_Exchange_Flow,-,-,-,0,skipped_assumed_exists
199,deriveECUKey_AES_GCM_128,20930,30,16,2,success
200,SMK_Exchange_Flow,-,-,-,0,skipped_assumed_exists
200,deriveECUKey_AES_GCM_128,21030,30,16,2,success
201,SMK_Exchange_Flow,-,-,-,0,skipped_assumed_exists
201,deriveECUKey_AES_GCM_128,21130,30,16,2,success
202,SMK_Exchange_Flow,-,-,-,0,skipped_assumed_exists
202,deriveECUKey_AES_GCM_128,21230,30,16,2,success
203,SMK_Exchange_Flow,-,-,-,0,skipped_assumed_exists
203,deriveECUKey_AES_GCM_128,21330,30,16,2,success
204,SMK_Exchange_Flow,-,-,-,0,skipped_assumed_exists
204,deriveECUKey_AES_GCM_128,21430,30,16,2,success
205,SMK_Exchange_Flow,-,-,-,0,skipped_assumed_exists
205,deriveECUKey_AES_GCM_128,21530,30,16,2,success
206,SMK_Exchange_Flow,-,-,-,0,skipped_assumed_exists
206,deriveECUKey_AES_GCM_128,21630,30,16,2,success
207,SMK_Exchange_Flow,-,-,-,0,skipped_assumed_exists
207,deriveECUKey_AES_GCM_128,21730,30,16,2,success
208,SMK_Exchange_Flow,-,-,-,0,skipped_assumed_exists
208,deriveECUKey_AES_GCM_128,21830,30,16,2,success
209,SMK_Exchange_Flow,-,-,-,0,skipped_assumed_exists
209,deriveECUKey_AES_GCM_128,21930,30,16,2,success
210,SMK_Exchange_Flow,-,-,-,0,skipped_assumed_exists
210,deriveECUKey_AES_GCM_128,22030,30,16,2,success
211,SMK_Exchange_Flow,-,-,-,0,skipped_assumed_exists
211,deriveECUKey_AES_GCM_128,22130,30,16,2,success
212,SMK_Exchange_Flow,-,-,-,0,skipped_assumed_exists
212,deriveECUKey_AES_GCM_128,22230,30,16,2,success
213,SMK_Exchange_Flow,-,-,-,0,skipped_assumed_exists
213,deriveECUKey_AES_GCM_128,22330,30,16,2,success
214,SMK_Exchange_Flow,-,-,-,0,skipped_assumed_exists
214,deriveECUKey_AES_GCM_128,22430,30,16,2,success
215,SMK_Exchange_Flow,-,-,-,0,skipped_assumed_exists
215,deriveECUKey_AES_GCM_128,22530,30,16,2,success
216,SMK_Exchange_Flow,-,-,-,0,skipped_assumed_exists
216,deriveECUKey_AES_GCM_128,22630,30,16,2,success
217,SMK_Exchange_Flow,-,-,-,0,skipped_assumed_exists
217,deriveECUKey_AES_GCM_128,22730,30,16,2,success
218,SMK_Exchange_Flow,-,-,-,0,skipped_assumed_exists
218,deriveECUKey_AES_GCM_128,22830,30,16,2,success
219,SMK_Exchange_Flow,-,-,-,0,skipped_assumed_exists
219,deriveECUKey_AES_GCM_128,22930,30,16,2,success
220,SMK_Exchange_Flow,-,-,-,0,skipped_assumed_exists
220,deriveECUKey_AES_GCM_128,23030,30,16,2,success
221,SMK_Exchange_Flow,-,-,-,0,skipped_assumed_exists
221,deriveECUKey_AES_GCM_128,23130,30,16,2,success
222,SMK_Exchange_Flow,-,-,-,0,skipped_assumed_exists
222,deriveECUKey_AES_GCM_128,23230,30,16,2,success
223,SMK_Exchange_Flow,-,-,-,0,skipped_assumed_exists
223,deriveECUKey_AES_GCM_128,23330,30,16,2,success
224,SMK_Exchange_Flow,-,-,-,0,skipped_assumed_exists
224,deriveECUKey_AES_GCM_128,23430,30,16,2,success
225,SMK_Exchange_Flow,-,-,-,0,skipped_assumed_exists
225,deriveECUKey_AES_GCM_128,23530,30,16,2,success
226,SMK_Exchange_Flow,-,-,-,0,skipped_assumed_exists
226,deriveECUKey_AES_GCM_128,23630,30,16,2,success
227,SMK_Exchange_Flow,-,-,-,0,skipped_assumed_exists
227,deriveECUKey_AES_GCM_128,23730,30,16,2,success
228,SMK_Exchange_Flow,-,-,-,0,skipped_assumed_exists
228,deriveECUKey_AES_GCM_128,23830,30,16,2,success
229,SMK_Exchange_Flow,-,-,-,0,skipped_assumed_exists
229,deriveECUKey_AES_GCM_128,23930,30,16,2,success
230,SMK_Exchange_Flow,-,-,-,0,skipped_assumed_exists
230,deriveECUKey_AES_GCM_128,24030,30,16,2,success
231,SMK_Exchange_Flow,-,-,-,0,skipped_assumed_exists
231,deriveECUKey_AES_GCM_128,24130,30,16,2,success
232,SMK_Exchange_Flow,-,-,-,0,skipped_assumed_exists
232,deriveECUKey_AES_GCM_128,24230,30,16,2,success
233,SMK_Exchange_Flow,-,-,-,0,skipped_assumed_exists
233,deriveECUKey_AES_GCM_128,24330,30,16,2,success
234,SMK_Exchange_Flow,-,-,-,0,skipped_assumed_exists
234,deriveECUKey_AES_GCM_128,24430,30,16,2,success
235,SMK_Exchange_Flow,-,-,-,0,skipped_assumed_exists
235,deriveECUKey_AES_GCM_128,24530,30,16,2,success
236,SMK_Exchange_Flow,-,-,-,0,skipped_assumed_exists
236,deriveECUKey_AES_GCM_128,24630,30,16,2,success
237,SMK_Exchange_Flow,-,-,-,0,skipped_assumed_exists
237,deriveECUKey_AES_GCM_128,24730,30,16,2,success
238,SMK_Exchange_Flow,-,-,-,0,skipped_assumed_exists
238,deriveECUKey_AES_GCM_128,24830,30,16,2,success
239,SMK_Exchange_Flow,-,-,-,0,skipped_assumed_exists
239,deriveECUKey_AES_GCM_128,24930,30,16,2,success
240,SMK_Exchange_Flow,-,-,-,0,skipped_assumed_exists
240,deriveECUKey_AES_GCM_128,25030,30,16,2,success
241,SMK_Exchange_Flow,-,-,-,0,skipped_assumed_exists
241,deriveECUKey_AES_GCM_128,25130,30,16,2,success
242,SMK_Exchange_Flow,-,-,-,0,skipped_assumed_exists
242,deriveECUKey_AES_GCM_128,25230,30,16,2,success
243,SMK_Exchange_Flow,-,-,-,0,skipped_assumed_exists
243,deriveECUKey_AES_GCM_128,25330,30,16,2,success
244,SMK_Exchange_Flow,-,-,-,0,skipped_assumed_exists
244,deriveECUKey_AES_GCM_128,25430,30,16,2,success
245,SMK_Exchange_Flow,-,-,-,0,skipped_assumed_exists
245,deriveECUKey_AES_GCM_128,25530,30,16,2,success
246,SMK_Exchange_Flow,-,-,-,0,skipped_assumed_exists
246,deriveECUKey_AES_GCM_128,25630,30,16,2,success
247,SMK_Exchange_Flow,-,-,-,0,skipped_assumed_exists
247,deriveECUKey_AES_GCM_128,25730,30,16,2,success
248,SMK_Exchange_Flow,-,-,-,0,skipped_assumed_exists
248,deriveECUKey_AES_GCM_128,25830,30,16,2,success
249,SMK_Exchange_Flow,-,-,-,0,skipped_assumed_exists
249,deriveECUKey_AES_GCM_128,25930,30,16,2,success
250,SMK_Exchange_Flow,-,-,-,0,skipped_assumed_exists
250,deriveECUKey_AES_GCM_128,26030,30,16,2,success
251,SMK_Exchange_Flow,-,-,-,0,skipped_assumed_exists
251,deriveECUKey_AES_GCM_128,26130,30,16,2,success
252,SMK_Exchange_Flow,-,-,-,0,skipped_assumed_exists
252,deriveECUKey_AES_GCM_128,26230,30,16,2,success
253,SMK_Exchange_Flow,-,-,-,0,skipped_assumed_exists
253,deriveECUKey_AES_GCM_128,26330,30,16,2,success
254,SMK_Exchange_Flow,-,-,-,0,skipped_assumed_exists
254,deriveECUKey_AES_GCM_128,26430,30,16,2,success
255,SMK_Exchange_Flow,-,-,-,0,skipped_assumed_exists
255,deriveECUKey_AES_GCM_128,26530,30,16,2,success
256,SMK_Exchange_Flow,-,-,-,0,skipped_assumed_exists
256,deriveECUKey_AES_GCM_128,26630,30,16,2,success
257,SMK_Exchange_Flow,-,-,-,0,skipped_assumed_exists
257,deriveECUKey_AES_GCM_128,26730,30,16,2,success
258,SMK_Exchange_Flow,-,-,-,0,skipped_assumed_exists
258,deriveECUKey_AES_GCM_128,26830,30,16,2,success
259,SMK_Exchange_Flow,-,-,-,0,skipped_assumed_exists
259,deriveECUKey_AES_GCM_128,26930,30,16,2,success
260,SMK_Exchange_Flow,-,-,-,0,skipped_assumed_exists
260,deriveECUKey_AES_GCM_128,27030,30,16,2,success
261,SMK_Exchange_Flow,-,-,-,0,skipped_assumed_exists
261,deriveECUKey_AES_GCM_128,27130,30,16,2,success
262,SMK_Exchange_Flow,-,-,-,0,skipped_assumed_exists
262,deriveECUKey_AES_GCM_128,27230,30,16,2,success
263,SMK_Exchange_Flow,-,-,-,0,skipped_assumed_exists
263,deriveECUKey_AES_GCM_128,27330,30,16,2,success
264,SMK_Exchange_Flow,-,-,-,0,skipped_assumed_exists
264,deriveECUKey_AES_GCM_128,27430,30,16,2,success
265,SMK_Exchange_Flow,-,-,-,0,skipped_assumed_exists
265,deriveECUKey_AES_GCM_128,27530,30,16,2,success
266,SMK_Exchange_Flow,-,-,-,0,skipped_assumed_exists
266,deriveECUKey_AES_GCM_128,27630,30,16,2,success
267,SMK_Exchange_Flow,-,-,-,0,skipped_assumed_exists
267,deriveECUKey_AES_GCM_128,27730,30,16,2,success
268,SMK_Exchange_Flow,-,-,-,0,skipped_assumed_exists
268,deriveECUKey_AES_GCM_128,27830,30,16,2,success
269,SMK_Exchange_Flow,-,-,-,0,skipped_assumed_exists
269,deriveECUKey_AES_GCM_128,27930,30,16,2,success
270,SMK_Exchange_Flow,-,-,-,0,skipped_assumed_exists
270,deriveECUKey_AES_GCM_128,28030,30,16,2,success
271,SMK_Exchange_Flow,-,-,-,0,skipped_assumed_exists
271,deriveECUKey_AES_GCM_128,28130,30,16,2,success
272,SMK_Exchange_Flow,-,-,-,0,skipped_assumed_exists
272,deriveECUKey_AES_GCM_128,28230,30,16,2,success
273,SMK_Exchange_Flow,-,-,-,0,skipped_assumed_exists
273,deriveECUKey_AES_GCM_128,28330,30,16,2,success
274,SMK_Exchange_Flow,-,-,-,0,skipped_assumed_exists
274,deriveECUKey_AES_GCM_128,28430,30,16,2,success
275,SMK_Exchange_Flow,-,-,-,0,skipped_assumed_exists
275,deriveECUKey_AES_GCM_128,28530,30,16,2,success
276,SMK_Exchange_Flow,-,-,-,0,skipped_assumed_exists
276,deriveECUKey_AES_GCM_128,28630,30,16,2,success
277,SMK_Exchange_Flow,-,-,-,0,skipped_assumed_exists
277,deriveECUKey_AES_GCM_128,28730,30,16,2,success
278,SMK_Exchange_Flow,-,-,-,0,skipped_assumed_exists
278,deriveECUKey_AES_GCM_128,28830,30,16,2,success
279,SMK_Exchange_Flow,-,-,-,0,skipped_assumed_exists
279,deriveECUKey_AES_GCM_128,28930,30,16,2,success
280,SMK_Exchange_Flow,-,-,-,0,skipped_assumed_exists
280,deriveECUKey_AES_GCM_128,29030,30,16,2,success
281,SMK_Exchange_Flow,-,-,-,0,skipped_assumed_exists
281,deriveECUKey_AES_GCM_128,29130,30,16,2,success
282,SMK_Exchange_Flow,-,-,-,0,skipped_assumed_exists
282,deriveECUKey_AES_GCM_128,29230,30,16,2,success
283,SMK_Exchange_Flow,-,-,-,0,skipped_assumed_exists
283,deriveECUKey_AES_GCM_128,29330,30,16,2,success
284,SMK_Exchange_Flow,-,-,-,0,skipped_assumed_exists
284,deriveECUKey_AES_GCM_128,29430,30,16,2,success
285,SMK_Exchange_Flow,-,-,-,0,skipped_assumed_exists
285,deriveECUKey_AES_GCM_128,29530,30,16,2,success
286,SMK_Exchange_Flow,-,-,-,0,skipped_assumed_exists
286,deriveECUKey_AES_GCM_128,29630,30,16,2,success
287,SMK_Exchange_Flow,-,-,-,0,skipped_assumed_exists
287,deriveECUKey_AES_GCM_128,29730,30,16,2,success
288,SMK_Exchange_Flow,-,-,-,0,skipped_assumed_exists
288,deriveECUKey_AES_GCM_128,29830,30,16,2,success
289,SMK_Exchange_Flow,-,-,-,0,skipped_assumed_exists
289,deriveECUKey_AES_GCM_128,29930,30,16,2,success
290,SMK_Exchange_Flow,-,-,-,0,skipped_assumed_exists
290,deriveECUKey_AES_GCM_128,30030,30,16,2,success
291,SMK_Exchange_Flow,-,-,-,0,skipped_assumed_exists
291,deriveECUKey_AES_GCM_128,30130,30,16,2,success
292,SMK_Exchange_Flow,-,-,-,0,skipped_assumed_exists
292,deriveECUKey_AES_GCM_128,30230,30,16,2,success
293,SMK_Exchange_Flow,-,-,-,0,skipped_assumed_exists
293,deriveECUKey_AES_GCM_128,30330,30,16,2,success
294,SMK_Exchange_Flow,-,-,-,0,skipped_assumed_exists
294,deriveECUKey_AES_GCM_128,30430,30,16,2,success
295,SMK_Exchange_Flow,-,-,-,0,skipped_assumed_exists
295,deriveECUKey_AES_GCM_128,30530,30,16,2,success
296,SMK_Exchange_Flow,-,-,-,0,skipped_assumed_exists
296,deriveECUKey_AES_GCM_128,30630,30,16,2,success
297,SMK_Exchange_Flow,-,-,-,0,skipped_assumed_exists
297,deriveECUKey_AES_GCM_128,30730,30,16,2,success
298,SMK_Exchange_Flow,-,-,-,0,skipped_assumed_exists
298,deriveECUKey_AES_GCM_128,30830,30,16,2,success
299,SMK_Exchange_Flow,-,-,-,0,skipped_assumed_exists
299,deriveECUKey_AES_GCM_128,30930,30,16,2,success
300,SMK_Exchange_Flow,-,-,-,0,skipped_assumed_exists
300,deriveECUKey_AES_GCM_128,31030,30,16,2,success
301,SMK_Exchange_Flow,-,-,-,0,skipped_assumed_exists
301,deriveECUKey_AES_GCM_128,31130,30,16,2,success
302,SMK_Exchange_Flow,-,-,-,0,skipped_assumed_exists
302,deriveECUKey_AES_GCM_128,31230,30,16,2,success
303,SMK_Exchange_Flow,-,-,-,0,skipped_assumed_exists
303,deriveECUKey_AES_GCM_128,31330,30,16,2,success
304,SMK_Exchange_Flow,-,-,-,0,skipped_assumed_exists
304,deriveECUKey_AES_GCM_128,31430,30,16,2,success
305,SMK_Exchange_Flow,-,-,-,0,skipped_assumed_exists
305,deriveECUKey_AES_GCM_128,31530,30,16,2,success
306,SMK_Exchange_Flow,-,-,-,0,skipped_assumed_exists
306,deriveECUKey_AES_GCM_128,31630,30,16,2,success
307,SMK_Exchange_Flow,-,-,-,0,skipped_assumed_exists
307,deriveECUKey_AES_GCM_128,31730,30,16,2,success
308,SMK_Exchange_Flow,-,-,-,0,skipped_assumed_exists
308,deriveECUKey_AES_GCM_128,31830,30,16,2,success
309,SMK_Exchange_Flow,-,-,-,0,skipped_assumed_exists
309,deriveECUKey_AES_GCM_128,31930,30,16,2,success
310,SMK_Exchange_Flow,-,-,-,0,skipped_assumed_exists
310,deriveECUKey_AES_GCM_128,32030,30,16,2,success
311,SMK_Exchange_Flow,-,-,-,0,skipped_assumed_exists
311,deriveECUKey_AES_GCM_128,32130,30,16,2,success
312,SMK_Exchange_Flow,-,-,-,0,skipped_assumed_exists
312,deriveECUKey_AES_GCM_128,32230,30,16,2,success
313,SMK_Exchange_Flow,-,-,-,0,skipped_assumed_exists
313,deriveECUKey_AES_GCM_128,32330,30,16,2,success
314,SMK_Exchange_Flow,-,-,-,0,skipped_assumed_exists
314,deriveECUKey_AES_GCM_128,32430,30,16,2,success
315,SMK_Exchange_Flow,-,-,-,0,skipped_assumed_exists
315,deriveECUKey_AES_GCM_128,32530,30,16,2,success
316,SMK_Exchange_Flow,-,-,-,0,skipped_assumed_exists
316,deriveECUKey_AES_GCM_128,32630,30,16,2,success
317,SMK_Exchange_Flow,-,-,-,0,skipped_assumed_exists
317,deriveECUKey_AES_GCM_128,32730,30,16,2,success
318,SMK_Exchange_Flow,-,-,-,0,skipped_assumed_exists
318,deriveECUKey_AES_GCM_128,32830,30,16,2,success
319,SMK_Exchange_Flow,-,-,-,0,skipped_assumed_exists
319,deriveECUKey_AES_GCM_128,32930,30,16,2,success
320,SMK_Exchange_Flow,-,-,-,0,skipped_assumed_exists
320,deriveECUKey_AES_GCM_128,33030,30,16,2,success
321,SMK_Exchange_Flow,-,-,-,0,skipped_assumed_exists
321,deriveECUKey_AES_GCM_128,33130,30,16,2,success
322,SMK_Exchange_Flow,-,-,-,0,skipped_assumed_exists
322,deriveECUKey_AES_GCM_128,33230,30,16,2,success
323,SMK_Exchange_Flow,-,-,-,0,skipped_assumed_exists
323,deriveECUKey_AES_GCM_128,33330,30,16,2,success
324,SMK_Exchange_Flow,-,-,-,0,skipped_assumed_exists
324,deriveECUKey_AES_GCM_128,33430,30,16,2,success
325,SMK_Exchange_Flow,-,-,-,0,skipped_assumed_exists
325,deriveECUKey_AES_GCM_128,33530,30,16,2,success
326,SMK_Exchange_Flow,-,-,-,0,skipped_assumed_exists
326,deriveECUKey_AES_GCM_128,33630,30,16,2,success
327,SMK_Exchange_Flow,-,-,-,0,skipped_assumed_exists
327,deriveECUKey_AES_GCM_128,33730,30,16,2,success
328,SMK_Exchange_Flow,-,-,-,0,skipped_assumed_exists
328,deriveECUKey_AES_GCM_128,33830,30,16,2,success
329,SMK_Exchange_Flow,-,-,-,0,skipped_assumed_exists
329,deriveECUKey_AES_GCM_128,33930,30,16,2,success
330,SMK_Exchange_Flow,-,-,-,0,skipped_assumed_exists
330,deriveECUKey_AES_GCM_128,34030,30,16,2,success
331,SMK_Exchange_Flow,-,-,-,0,skipped_assumed_exists
331,deriveECUKey_AES_GCM_128,34130,30,16,2,success
332,SMK_Exchange_Flow,-,-,-,0,skipped_assumed_exists
332,deriveECUKey_AES_GCM_128,34230,30,16,2,success
333,SMK_Exchange_Flow,-,-,-,0,skipped_assumed_exists
333,deriveECUKey_AES_GCM_128,34330,30,16,2,success
334,SMK_Exchange_Flow,-,-,-,0,skipped_assumed_exists
334,deriveECUKey_AES_GCM_128,34430,30,16,2,success
335,SMK_Exchange_Flow,-,-,-,0,skipped_assumed_exists
335,deriveECUKey_AES_GCM_128,34530,30,16,2,success
336,SMK_Exchange_Flow,-,-,-,0,skipped_assumed_exists
336,deriveECUKey_AES_GCM_128,34630,30,16,2,success
337,SMK_Exchange_Flow,-,-,-,0,skipped_assumed_exists
337,deriveECUKey_AES_GCM_128,34730,30,16,2,success
338,SMK_Exchange_Flow,-,-,-,0,skipped_assumed_exists
338,deriveECUKey_AES_GCM_128,34830,30,16,2,success
339,SMK_Exchange_Flow,-,-,-,0,skipped_assumed_exists
339,deriveECUKey_AES_GCM_128,34930,30,16,2,success
340,SMK_Exchange_Flow,-,-,-,0,skipped_assumed_exists
340,deriveECUKey_AES_GCM_128,35030,30,16,2,success
341,SMK_Exchange_Flow,-,-,-,0,skipped_assumed_exists
341,deriveECUKey_AES_GCM_128,35130,30,16,2,success
342,SMK_Exchange_Flow,-,-,-,0,skipped_assumed_exists
342,deriveECUKey_AES_GCM_128,35230,30,16,2,success
343,SMK_Exchange_Flow,-,-,-,0,skipped_assumed_exists
343,deriveECUKey_AES_GCM_128,35330,30,16,2,success
344,SMK_Exchange_Flow,-,-,-,0,skipped_assumed_exists
344,deriveECUKey_AES_GCM_128,35430,30,16,2,success
345,SMK_Exchange_Flow,-,-,-,0,skipped_assumed_exists
345,deriveECUKey_AES_GCM_128,35530,30,16,2,success
346,SMK_Exchange_Flow,-,-,-,0,skipped_assumed_exists
346,deriveECUKey_AES_GCM_128,35630,30,16,2,success
347,SMK_Exchange_Flow,-,-,-,0,skipped_assumed_exists
347,deriveECUKey_AES_GCM_128,35730,30,16,2,success
348,SMK_Exchange_Flow,-,-,-,0,skipped_assumed_exists
348,deriveECUKey_AES_GCM_128,35830,30,16,2,success
349,SMK_Exchange_Flow,-,-,-,0,skipped_assumed_exists
349,deriveECUKey_AES_GCM_128,35930,30,16,2,success
350,SMK_Exchange_Flow,-,-,-,0,skipped_assumed_exists
350,deriveECUKey_AES_GCM_128,36030,30,16,2,success
351,SMK_Exchange_Flow,-,-,-,0,skipped_assumed_exists
351,deriveECUKey_AES_GCM_128,36130,30,16,2,success
352,SMK_Exchange_Flow,-,-,-,0,skipped_assumed_exists
352,deriveECUKey_AES_GCM_128,36230,30,16,2,success
353,SMK_Exchange_Flow,-,-,-,0,skipped_assumed_exists
353,deriveECUKey_AES_GCM_128,36330,30,16,2,success
354,SMK_Exchange_Flow,-,-,-,0,skipped_assumed_exists
354,deriveECUKey_AES_GCM_128,36430,30,16,2,success
355,SMK_Exchange_Flow,-,-,-,0,skipped_assumed_exists
355,deriveECUKey_AES_GCM_128,36530,30,16,2,success
356,SMK_Exchange_Flow,-,-,-,0,skipped_assumed_exists
356,deriveECUKey_AES_GCM_128,36630,30,16,2,success
357,SMK_Exchange_Flow,-,-,-,0,skipped_assumed_exists
357,deriveECUKey_AES_GCM_128,36730,30,16,2,success
358,SMK_Exchange_Flow,-,-,-,0,skipped_assumed_exists
358,deriveECUKey_AES_GCM_128,36830,30,16,2,success
359,SMK_Exchange_Flow,-,-,-,0,skipped_assumed_exists
359,deriveECUKey_AES_GCM_128,36930,30,16,2,success
360,SMK_Exchange_Flow,-,-,-,0,skipped_assumed_exists
360,deriveECUKey_AES_GCM_128,37030,30,16,2,success
361,SMK_Exchange_Flow,-,-,-,0,skipped_assumed_exists
361,deriveECUKey_AES_GCM_128,37130,30,16,2,success
362,SMK_Exchange_Flow,-,-,-,0,skipped_assumed_exists
362,deriveECUKey_AES_GCM_128,37230,30,16,2,success
363,SMK_Exchange_Flow,-,-,-,0,skipped_assumed_exists
363,deriveECUKey_AES_GCM_128,37330,30,16,2,success
364,SMK_Exchange_Flow,-,-,-,0,skipped_assumed_exists
364,deriveECUKey_AES_GCM_128,37430,30,16,2,success
365,SMK_Exchange_Flow,-,-,-,0,skipped_assumed_exists
365,deriveECUKey_AES_GCM_128,37530,30,16,2,success
366,SMK_Exchange_Flow,-,-,-,0,skipped_assumed_exists
366,deriveECUKey_AES_GCM_128,37630,30,16,2,success
367,SMK_Exchange_Flow,-,-,-,0,skipped_assumed_exists
367,deriveECUKey_AES_GCM_128,37730,30,16,2,success
368,SMK_Exchange_Flow,-,-,-,0,skipped_assumed_exists
368,deriveECUKey_AES_GCM_128,37830,30,16,2,success
369,SMK_Exchange_Flow,-,-,-,0,skipped_assumed_exists
369,deriveECUKey_AES_GCM_128,37930,30,16,2,success
370,SMK_Exchange_Flow,-,-,-,0,skipped_assumed_exists
370,deriveECUKey_AES_GCM_128,38030,30,16,2,success
371,SMK_Exchange_Flow,-,-,-,0,skipped_assumed_exists
371,deriveECUKey_AES_GCM_128,38130,30,16,2,success
372,SMK_Exchange_Flow,-,-,-,0,skipped_assumed_exists
372,deriveECUKey_AES_GCM_128,38230,30,16,2,success
373,SMK_Exchange_Flow,-,-,-,0,skipped_assumed_exists
373,deriveECUKey_AES_GCM_128,38330,30,16,2,success
374,SMK_Exchange_Flow,-,-,-,0,skipped_assumed_exists
374,deriveECUKey_AES_GCM_128,38430,30,16,2,success
375,SMK_Exchange_Flow,-,-,-,0,skipped_assumed_exists
375,deriveECUKey_AES_GCM_128,38530,30,16,2,success
376,SMK_Exchange_Flow,-,-,-,0,skipped_assumed_exists
376,deriveECUKey_AES_GCM_128,38630,30,16,2,success
377,SMK_Exchange_Flow,-,-,-,0,skipped_assumed_exists
377,deriveECUKey_AES_GCM_128,38730,30,16,2,success
378,SMK_Exchange_Flow,-,-,-,0,skipped_assumed_exists
378,deriveECUKey_AES_GCM_128,38830,30,16,2,success
379,SMK_Exchange_Flow,-,-,-,0,skipped_assumed_exists
379,deriveECUKey_AES_GCM_128,38930,30,16,2,success
380,SMK_Exchange_Flow,-,-,-,0,skipped_assumed_exists
380,deriveECUKey_AES_GCM_128,39030,30,16,2,success
381,SMK_Exchange_Flow,-,-,-,0,skipped_assumed_exists
381,deriveECUKey_AES_GCM_128,39130,30,16,2,success
382,SMK_Exchange_Flow,-,-,-,0,skipped_assumed_exists
382,deriveECUKey_AES_GCM_128,39230,30,16,2,success
383,SMK_Exchange_Flow,-,-,-,0,skipped_assumed_exists
383,deriveECUKey_AES_GCM_128,39330,30,16,2,success
384,SMK_Exchange_Flow,-,-,-,0,skipped_assumed_exists
384,deriveECUKey_AES_GCM_128,39430,30,16,2,success
385,SMK_Exchange_Flow,-,-,-,0,skipped_assumed_exists
385,deriveECUKey_AES_GCM_128,39530,30,16,2,success
386,SMK_Exchange_Flow,-,-,-,0,skipped_assumed_exists
386,deriveECUKey_AES_GCM_128,39630,30,16,2,success
387,SMK_Exchange_Flow,-,-,-,0,skipped_assumed_exists
387,deriveECUKey_AES_GCM_128,39730,30,16,2,success
388,SMK_Exchange_Flow,-,-,-,0,skipped_assumed_exists
388,deriveECUKey_AES_GCM_128,39830,30,16,2,success
389,SMK_Exchange_Flow,-,-,-,0,skipped_assumed_exists
389,deriveECUKey_AES_GCM_128,39930,30,16,2,success
390,SMK_Exchange_Flow,-,-,-,0,skipped_assumed_exists
390,deriveECUKey_AES_GCM_128,40030,30,16,2,success
391,SMK_Exchange_Flow,-,-,-,0,skipped_assumed_exists
391,deriveECUKey_AES_GCM_128,40130,30,16,2,success
392,SMK_Exchange_Flow,-,-,-,0,skipped_assumed_exists
392,deriveECUKey_AES_GCM_128,40230,30,16,2,success
393,SMK_Exchange_Flow,-,-,-,0,skipped_assumed_exists
393,deriveECUKey_AES_GCM_128,40330,30,16,2,success
394,SMK_Exchange_Flow,-,-,-,0,skipped_assumed_exists
394,deriveECUKey_AES_GCM_128,40430,30,16,2,success
395,SMK_Exchange_Flow,-,-,-,0,skipped_assumed_exists
395,deriveECUKey_AES_GCM_128,40530,30,16,2,success
396,SMK_Exchange_Flow,-,-,-,0,skipped_assumed_exists
396,deriveECUKey_AES_GCM_128,40630,30,16,2,success
397,SMK_Exchange_Flow,-,-,-,0,skipped_assumed_exists
397,deriveECUKey_AES_GCM_128,40730,30,16,2,success
398,SMK_Exchange_Flow,-,-,-,0,skipped_assumed_exists
398,deriveECUKey_AES_GCM_128,40830,30,16,2,success
399,SMK_Exchange_Flow,-,-,-,0,skipped_assumed_exists
399,deriveECUKey_AES_GCM_128,40930,30,16,2,success
400,SMK_Exchange_Flow,-,-,-,0,skipped_assumed_exists
400,deriveECUKey_AES_GCM_128,41030,30,16,2,success
401,SMK_Exchange_Flow,-,-,-,0,skipped_assumed_exists
401,deriveECUKey_AES_GCM_128,41130,30,16,2,success
402,SMK_Exchange_Flow,-,-,-,0,skipped_assumed_exists
402,deriveECUKey_AES_GCM_128,41230,30,16,2,success
403,SMK_Exchange_Flow,-,-,-,0,skipped_assumed_exists
403,deriveECUKey_AES_GCM_128,41330,30,16,2,success
404,SMK_Exchange_Flow,-,-,-,0,skipped_assumed_exists
404,deriveECUKey_AES_GCM_128,41430,30,16,2,success
405,SMK_Exchange_Flow,-,-,-,0,skipped_assumed_exists
405,deriveECUKey_AES_GCM_128,41530,30,16,2,success
406,SMK_Exchange_Flow,-,-,-,0,skipped_assumed_exists
406,deriveECUKey_AES_GCM_128,41630,30,16,2,success
407,SMK_Exchange_Flow,-,-,-,0,skipped_assumed_exists
407,deriveECUKey_AES_GCM_128,41730,30,16,2,success
408,SMK_Exchange_Flow,-,-,-,0,skipped_assumed_exists
408,deriveECUKey_AES_GCM_128,41830,30,16,2,success
409,SMK_Exchange_Flow,-,-,-,0,skipped_assumed_exists
409,deriveECUKey_AES_GCM_128,41930,30,16,2,success
410,SMK_Exchange_Flow,-,-,-,0,skipped_assumed_exists
410,deriveECUKey_AES_GCM_128,42030,30,16,2,success
411,SMK_Exchange_Flow,-,-,-,0,skipped_assumed_exists
411,deriveECUKey_AES_GCM_128,42130,30,16,2,success
412,SMK_Exchange_Flow,-,-,-,0,skipped_assumed_exists
412,deriveECUKey_AES_GCM_128,42230,30,16,2,success
413,SMK_Exchange_Flow,-,-,-,0,skipped_assumed_exists
413,deriveECUKey_AES_GCM_128,42330,30,16,2,success
414,SMK_Exchange_Flow,-,-,-,0,skipped_assumed_exists
414,deriveECUKey_AES_GCM_128,42430,30,16,2,success
415,SMK_Exchange_Flow,-,-,-,0,skipped_assumed_exists
415,deriveECUKey_AES_GCM_128,42530,30,16,2,success
416,SMK_Exchange_Flow,-,-,-,0,skipped_assumed_exists
416,deriveECUKey_AES_GCM_128,42630,30,16,2,success
417,SMK_Exchange_Flow,-,-,-,0,skipped_assumed_exists
417,deriveECUKey_AES_GCM_128,42730,30,16,2,success
418,SMK_Exchange_Flow,-,-,-,0,skipped_assumed_exists
418,deriveECUKey_AES_GCM_128,42830,30,16,2,success
419,SMK_Exchange_Flow,-,-,-,0,skipped_assumed_exists
419,deriveECUKey_AES_GCM_128,42930,30,16,2,success
420,SMK_Exchange_Flow,-,-,-,0,skipped_assumed_exists
420,deriveECUKey_AES_GCM_128,43030,30,16,2,success
421,SMK_Exchange_Flow,-,-,-,0,skipped_assumed_exists
421,deriveECUKey_AES_GCM_128,43130,30,16,2,success
422,SMK_Exchange_Flow,-,-,-,0,skipped_assumed_exists
422,deriveECUKey_AES_GCM_128,43230,30,16,2,success
423,SMK_Exchange_Flow,-,-,-,0,skipped_assumed_exists
423,deriveECUKey_AES_GCM_128,43330,30,16,2,success
424,SMK_Exchange_Flow,-,-,-,0,skipped_assumed_exists
424,deriveECUKey_AES_GCM_128,43430,30,16,2,success
425,SMK_Exchange_Flow,-,-,-,0,skipped_assumed_exists
425,deriveECUKey_AES_GCM_128,43530,30,16,2,success
426,SMK_Exchange_Flow,-,-,-,0,skipped_assumed_exists
426,deriveECUKey_AES_GCM_128,43630,30,16,2,success
427,SMK_Exchange_Flow,-,-,-,0,skipped_assumed_exists
427,deriveECUKey_AES_GCM_128,43730,30,16,2,success
428,SMK_Exchange_Flow,-,-,-,0,skipped_assumed_exists
428,deriveECUKey_AES_GCM_128,43830,30,16,2,success
429,SMK_Exchange_Flow,-,-,-,0,skipped_assumed_exists
429,deriveECUKey_AES_GCM_128,43930,30,16,2,success
430,SMK_Exchange_Flow,-,-,-,0,skipped_assumed_exists
430,deriveECUKey_AES_GCM_128,44030,30,16,2,success
431,SMK_Exchange_Flow,-,-,-,0,skipped_assumed_exists
431,deriveECUKey_AES_GCM_128,44130,30,16,2,success
432,SMK_Exchange_Flow,-,-,-,0,skipped_assumed_exists
432,deriveECUKey_AES_GCM_128,44230,30,16,2,success
433,SMK_Exchange_Flow,-,-,-,0,skipped_assumed_exists
433,deriveECUKey_AES_GCM_128,44330,30,16,2,success
434,SMK_Exchange_Flow,-,-,-,0,skipped_assumed_exists
434,deriveECUKey_AES_GCM_128,44430,30,16,2,success
435,SMK_Exchange_Flow,-,-,-,0,skipped_assumed_exists
435,deriveECUKey_AES_GCM_128,44530,30,16,2,success
436,SMK_Exchange_Flow,-,-,-,0,skipped_assumed_exists
436,deriveECUKey_AES_GCM_128,44630,30,16,2,success
437,SMK_Exchange_Flow,-,-,-,0,skipped_assumed_exists
437,deriveECUKey_AES_GCM_128,44730,30,16,2,success
438,SMK_Exchange_Flow,-,-,-,0,skipped_assumed_exists
438,deriveECUKey_AES_GCM_128,44830,30,16,2,success
439,SMK_Exchange_Flow,-,-,-,0,skipped_assumed_exists
439,deriveECUKey_AES_GCM_128,44930,30,16,2,success
440,SMK_Exchange_Flow,-,-,-,0,skipped_assumed_exists
440,deriveECUKey_AES_GCM_128,45030,30,16,2,success
441,SMK_Exchange_Flow,-,-,-,0,skipped_assumed_exists
441,deriveECUKey_AES_GCM_128,45130,30,16,2,success
442,SMK_Exchange_Flow,-,-,-,0,skipped_assumed_exists
442,deriveECUKey_AES_GCM_128,45230,30,16,2,success
443,SMK_Exchange_Flow,-,-,-,0,skipped_assumed_exists
443,deriveECUKey_AES_GCM_128,45330,30,16,2,success
444,SMK_Exchange_Flow,-,-,-,0,skipped_assumed_exists
444,deriveECUKey_AES_GCM_128,45430,30,16,2,success
445,SMK_Exchange_Flow,-,-,-,0,skipped_assumed_exists
445,deriveECUKey_AES_GCM_128,45530,30,16,2,success
446,SMK_Exchange_Flow,-,-,-,0,skipped_assumed_exists
446,deriveECUKey_AES_GCM_128,45630,30,16,2,success
447,SMK_Exchange_Flow,-,-,-,0,skipped_assumed_exists
447,deriveECUKey_AES_GCM_128,45730,30,16,2,success
448,SMK_Exchange_Flow,-,-,-,0,skipped_assumed_exists
448,deriveECUKey_AES_GCM_128,45830,30,16,2,success
449,SMK_Exchange_Flow,-,-,-,0,skipped_assumed_exists
449,deriveECUKey_AES_GCM_128,45930,30,16,2,success
450,SMK_Exchange_Flow,-,-,-,0,skipped_assumed_exists
450,deriveECUKey_AES_GCM_128,46030,30,16,2,success
451,SMK_Exchange_Flow,-,-,-,0,skipped_assumed_exists
451,deriveECUKey_AES_GCM_128,46130,30,16,2,success
452,SMK_Exchange_Flow,-,-,-,0,skipped_assumed_exists
452,deriveECUKey_AES_GCM_128,46230,30,16,2,success
453,SMK_Exchange_Flow,-,-,-,0,skipped_assumed_exists
453,deriveECUKey_AES_GCM_128,46330,30,16,2,success
454,SMK_Exchange_Flow,-,-,-,0,skipped_assumed_exists
454,deriveECUKey_AES_GCM_128,46430,30,16,2,success
455,SMK_Exchange_Flow,-,-,-,0,skipped_assumed_exists
455,deriveECUKey_AES_GCM_128,46530,30,16,2,success
456,SMK_Exchange_Flow,-,-,-,0,skipped_assumed_exists
456,deriveECUKey_AES_GCM_128,46630,30,16,2,success
457,SMK_Exchange_Flow,-,-,-,0,skipped_assumed_exists
457,deriveECUKey_AES_GCM_128,46730,30,16,2,success
458,SMK_Exchange_Flow,-,-,-,0,skipped_assumed_exists
458,deriveECUKey_AES_GCM_128,46830,30,16,2,success
459,SMK_Exchange_Flow,-,-,-,0,skipped_assumed_exists
459,deriveECUKey_AES_GCM_128,46930,30,16,2,success
460,SMK_Exchange_Flow,-,-,-,0,skipped_assumed_exists
460,deriveECUKey_AES_GCM_128,47030,30,16,2,success
461,SMK_Exchange_Flow,-,-,-,0,skipped_assumed_exists
461,deriveECUKey_AES_GCM_128,47130,30,16,2,success
462,SMK_Exchange_Flow,-,-,-,0,skipped_assumed_exists
462,deriveECUKey_AES_GCM_128,47230,30,16,2,success
463,SMK_Exchange_Flow,-,-,-,0,skipped_assumed_exists
463,deriveECUKey_AES_GCM_128,47330,30,16,2,success
464,SMK_Exchange_Flow,-,-,-,0,skipped_assumed_exists
464,deriveECUKey_AES_GCM_128,47430,30,16,2,success
465,SMK_Exchange_Flow,-,-,-,0,skipped_assumed_exists
465,deriveECUKey_AES_GCM_128,47530,30,16,2,success
466,SMK_Exchange_Flow,-,-,-,0,skipped_assumed_exists
466,deriveECUKey_AES_GCM_128,47630,30,16,2,success
467,SMK_Exchange_Flow,-,-,-,0,skipped_assumed_exists
467,deriveECUKey_AES_GCM_128,47730,30,16,2,success
468,SMK_Exchange_Flow,-,-,-,0,skipped_assumed_exists
468,deriveECUKey_AES_GCM_128,47830,30,16,2,success
469,SMK_Exchange_Flow,-,-,-,0,skipped_assumed_exists
469,deriveECUKey_AES_GCM_128,47930,30,16,2,success
470,SMK_Exchange_Flow,-,-,-,0,skipped_assumed_exists
470,deriveECUKey_AES_GCM_128,48030,30,16,2,success
471,SMK_Exchange_Flow,-,-,-,0,skipped_assumed_exists
471,deriveECUKey_AES_GCM_128,48130,30,16,2,success
472,SMK_Exchange_Flow,-,-,-,0,skipped_assumed_exists
472,deriveECUKey_AES_GCM_128,48230,30,16,2,success
473,SMK_Exchange_Flow,-,-,-,0,skipped_assumed_exists
473,deriveECUKey_AES_GCM_128,48330,30,16,2,success
474,SMK_Exchange_Flow,-,-,-,0,skipped_assumed_exists
474,deriveECUKey_AES_GCM_128,48430,30,16,2,success
475,SMK_Exchange_Flow,-,-,-,0,skipped_assumed_exists
475,deriveECUKey_AES_GCM_128,48530,30,16,2,success
476,SMK_Exchange_Flow,-,-,-,0,skipped_assumed_exists
476,deriveECUKey_AES_GCM_128,48630,30,16,2,success
477,SMK_Exchange_Flow,-,-,-,0,skipped_assumed_exists
477,deriveECUKey_AES_GCM_128,48730,30,16,2,success
478,SMK_Exchange_Flow,-,-,-,0,skipped_assumed_exists
478,deriveECUKey_AES_GCM_128,48830,30,16,2,success
479,SMK_Exchange_Flow,-,-,-,0,skipped_assumed_exists
479,deriveECUKey_AES_GCM_128,48930,30,16,2,success
480,SMK_Exchange_Flow,-,-,-,0,skipped_assumed_exists
480,deriveECUKey_AES_GCM_128,49030,30,16,2,success
481,SMK_Exchange_Flow,-,-,-,0,skipped_assumed_exists
481,deriveECUKey_AES_GCM_128,49130,30,16,2,success
482,SMK_Exchange_Flow,-,-,-,0,skipped_assumed_exists
482,deriveECUKey_AES_GCM_128,49230,30,16,2,success
483,SMK_Exchange_Flow,-,-,-,0,skipped_assumed_exists
483,deriveECUKey_AES_GCM_128,49330,30,16,2,success
484,SMK_Exchange_Flow,-,-,-,0,skipped_assumed_exists
484,deriveECUKey_AES_GCM_128,49430,30,16,2,success
485,SMK_Exchange_Flow,-,-,-,0,skipped_assumed_exists
485,deriveECUKey_AES_GCM_128,49530,30,16,2,success
486,SMK_Exchange_Flow,-,-,-,0,skipped_assumed_exists
486,deriveECUKey_AES_GCM_128,49630,30,16,2,success
487,SMK_Exchange_Flow,-,-,-,0,skipped_assumed_exists
487,deriveECUKey_AES_GCM_128,49730,30,16,2,success
488,SMK_Exchange_Flow,-,-,-,0,skipped_assumed_exists
488,deriveECUKey_AES_GCM_128,49830,30,16,2,success
489,SMK_Exchange_Flow,-,-,-,0,skipped_assumed_exists
489,deriveECUKey_AES_GCM_128,49930,30,16,2,success
490,SMK_Exchange_Flow,-,-,-,0,skipped_assumed_exists
490,deriveECUKey_AES_GCM_128,50030,30,16,2,success
491,SMK_Exchange_Flow,-,-,-,0,skipped_assumed_exists
491,deriveECUKey_AES_GCM_128,50130,30,16,2,success
492,SMK_Exchange_Flow,-,-,-,0,skipped_assumed_exists
492,deriveECUKey_AES_GCM_128,50230,30,16,2,success
493,SMK_Exchange_Flow,-,-,-,0,skipped_assumed_exists
493,deriveECUKey_AES_GCM_128,50330,30,16,2,success
494,SMK_Exchange_Flow,-,-,-,0,skipped_assumed_exists
494,deriveECUKey_AES_GCM_128,50430,30,16,2,success
495,SMK_Exchange_Flow,-,-,-,0,skipped_assumed_exists
495,deriveECUKey_AES_GCM_128,50530,30,16,2,success
496,SMK_Exchange_Flow,-,-,-,0,skipped_assumed_exists
496,deriveECUKey_AES_GCM_128,50630,30,16,2,success
497,SMK_Exchange_Flow,-,-,-,0,skipped_assumed_exists
497,deriveECUKey_AES_GCM_128,50730,30,16,2,success
498,SMK_Exchange_Flow,-,-,-,0,skipped_assumed_exists
498,deriveECUKey_AES_GCM_128,50830,30,16,2,success
499,SMK_Exchange_Flow,-,-,-,0,skipped_assumed_exists
499,deriveECUKey_AES_GCM_128,50930,30,16,2,success
500,SMK_Exchange_Flow,-,-,-,0,skipped_assumed_exists
500,deriveECUKey_AES_GCM_128,51030,30,16,2,success
501,SMK_Exchange_Flow,-,-,-,0,skipped_assumed_exists
501,deriveECUKey_AES_GCM_128,51130,30,16,2,success
502,SMK_Exchange_Flow,-,-,-,0,skipped_assumed_exists
502,deriveECUKey_AES_GCM_128,51230,30,16,2,success
503,SMK_Exchange_Flow,-,-,-,0,skipped_assumed_exists
503,deriveECUKey_AES_GCM_128,51330,30,16,2,success
504,SMK_Exchange_Flow,-,-,-,0,skipped_assumed_exists
504,deriveECUKey_AES_GCM_128,51430,30,16,2,success
505,SMK_Exchange_Flow,-,-,-,0,skipped_assumed_exists
505,deriveECUKey_AES_GCM_128,51530,30,16,2,success
506,SMK_Exchange_Flow,-,-,-,0,skipped_assumed_exists
506,deriveECUKey_AES_GCM_128,51630,30,16,2,success
507,SMK_Exchange_Flow,-,-,-,0,skipped_assumed_exists
507,deriveECUKey_AES_GCM_128,51730,30,16,2,success
508,SMK_Exchange_Flow,-,-,-,0,skipped_assumed_exists
508,deriveECUKey_AES_GCM_128,51830,30,16,2,success
509,SMK_Exchange_Flow,-,-,-,0,skipped_assumed_exists
509,deriveECUKey_AES_GCM_128,51930,30,16,2,success
510,SMK_Exchange_Flow,-,-,-,0,skipped_assumed_exists
510,deriveECUKey_AES_GCM_128,52030,30,16,2,success
511,SMK_Exchange_Flow,-,-,-,0,skipped_assumed_exists
511,deriveECUKey_AES_GCM_128,52130,30,16,2,success
512,SMK_Exchange_Flow,-,-,-,0,skipped_assumed_exists
512,deriveECUKey_AES_GCM_128,52230,30,16,2,success
513,SMK_Exchange_Flow,-,-,-,0,skipped_assumed_exists
513,deriveECUKey_AES_GCM_128,52330,30,16,2,success
514,SMK_Exchange_Flow,-,-,-,0,skipped_assumed_exists
514,deriveECUKey_AES_GCM_128,52430,30,16,2,success
515,SMK_Exchange_Flow,-,-,-,0,skipped_assumed_exists
515,deriveECUKey_AES_GCM_128,52530,30,16,2,success
516,SMK_Exchange_Flow,-,-,-,0,skipped_assumed_exists
516,deriveECUKey_AES_GCM_128,52630,30,16,2,success
517,SMK_Exchange_Flow,-,-,-,0,skipped_assumed_exists
517,deriveECUKey_AES_GCM_128,52730,30,16,2,success
518,SMK_Exchange_Flow,-,-,-,0,skipped_assumed_exists
518,deriveECUKey_AES_GCM_128,52830,30,16,2,success
519,SMK_Exchange_Flow,-,-,-,0,skipped_assumed_exists
519,deriveECUKey_AES_GCM_128,52930,30,16,2,success
520,SMK_Exchange_Flow,-,-,-,0,skipped_assumed_exists
520,deriveECUKey_AES_GCM_128,53030,30,16,2,success
521,SMK_Exchange_Flow,-,-,-,0,skipped_assumed_exists
521,deriveECUKey_AES_GCM_128,53130,30,16,2,success
522,SMK_Exchange_Flow,-,-,-,0,skipped_assumed_exists
522,deriveECUKey_AES_GCM_128,53230,30,16,2,success
523,SMK_Exchange_Flow,-,-,-,0,skipped_assumed_exists
523,deriveECUKey_AES_GCM_128,53330,30,16,2,success
524,SMK_Exchange_Flow,-,-,-,0,skipped_assumed_exists
524,deriveECUKey_AES_GCM_128,53430,30,16,2,success
525,SMK_Exchange_Flow,-,-,-,0,skipped_assumed_exists
525,deriveECUKey_AES_GCM_128,53530,30,16,2,success
526,SMK_Exchange_Flow,-,-,-,0,skipped_assumed_exists
526,deriveECUKey_AES_GCM_128,53630,30,16,2,success
527,SMK_Exchange_Flow,-,-,-,0,skipped_assumed_exists
527,deriveECUKey_AES_GCM_128,53730,30,16,2,success
528,SMK_Exchange_Flow,-,-,-,0,skipped_assumed_exists
528,deriveECUKey_AES_GCM_128,53830,30,16,2,success
529,SMK_Exchange_Flow,-,-,-,0,skipped_assumed_exists
529,deriveECUKey_AES_GCM_128,53930,30,16,2,success
530,SMK_Exchange_Flow,-,-,-,0,skipped_assumed_exists
530,deriveECUKey_AES_GCM_128,54030,30,16,2,success
531,SMK_Exchange_Flow,-,-,-,0,skipped_assumed_exists
531,deriveECUKey_AES_GCM_128,54130,30,16,2,success
532,SMK_Exchange_Flow,-,-,-,0,skipped_assumed_exists
532,deriveECUKey_AES_GCM_128,54230,30,16,2,success
533,SMK_Exchange_Flow,-,-,-,0,skipped_assumed_exists
533,deriveECUKey_AES_GCM_128,54330,30,16,2,success
534,SMK_Exchange_Flow,-,-,-,0,skipped_assumed_exists
534,deriveECUKey_AES_GCM_128,54430,30,16,2,success
535,SMK_Exchange_Flow,-,-,-,0,skipped_assumed_exists
535,deriveECUKey_AES_GCM_128,54530,30,16,2,success
536,SMK_Exchange_Flow,-,-,-,0,skipped_assumed_exists
536,deriveECUKey_AES_GCM_128,54630,30,16,2,success
537,SMK_Exchange_Flow,-,-,-,0,skipped_assumed_exists
537,deriveECUKey_AES_GCM_128,54730,30,16,2,success
538,SMK_Exchange_Flow,-,-,-,0,skipped_assumed_exists
538,deriveECUKey_AES_GCM_128,54830,30,16,2,success
539,SMK_Exchange_Flow,-,-,-,0,skipped_assumed_exists
539,deriveECUKey_AES_GCM_128,54930,30,16,2,success
540,SMK_Exchange_Flow,-,-,-,0,skipped_assumed_exists
540,deriveECUKey_AES_GCM_128,55030,30,16,2,success
541,SMK_Exchange_Flow,-,-,-,0,skipped_assumed_exists
541,deriveECUKey_AES_GCM_128,55130,30,16,2,success
542,SMK_Exchange_Flow,-,-,-,0,skipped_assumed_exists
542,deriveECUKey_AES_GCM_128,55230,30,16,2,success
543,SMK_Exchange_Flow,-,-,-,0,skipped_assumed_exists
543,deriveECUKey_AES_GCM_128,55330,30,16,2,success
544,SMK_Exchange_Flow,-,-,-,0,skipped_assumed_exists
544,deriveECUKey_AES_GCM_128,55430,30,16,2,success
545,SMK_Exchange_Flow,-,-,-,0,skipped_assumed_exists
545,deriveECUKey_AES_GCM_128,55530,30,16,2,success
546,SMK_Exchange_Flow,-,-,-,0,skipped_assumed_exists
546,deriveECUKey_AES_GCM_128,55630,30,16,2,success
547,SMK_Exchange_Flow,-,-,-,0,skipped_assumed_exists
547,deriveECUKey_AES_GCM_128,55730,30,16,2,success
548,SMK_Exchange_Flow,-,-,-,0,skipped_assumed_exists
548,deriveECUKey_AES_GCM_128,55830,30,16,2,success
549,SMK_Exchange_Flow,-,-,-,0,skipped_assumed_exists
549,deriveECUKey_AES_GCM_128,55930,30,16,2,success
550,SMK_Exchange_Flow,-,-,-,0,skipped_assumed_exists
550,deriveECUKey_AES_GCM_128,56030,30,16,2,success
551,SMK_Exchange_Flow,-,-,-,0,skipped_assumed_exists
551,deriveECUKey_AES_GCM_128,56130,30,16,2,success
552,SMK_Exchange_Flow,-,-,-,0,skipped_assumed_exists
552,deriveECUKey_AES_GCM_128,56230,30,16,2,success
553,SMK_Exchange_Flow,-,-,-,0,skipped_assumed_exists
553,deriveECUKey_AES_GCM_128,56330,30,16,2,success
554,SMK_Exchange_Flow,-,-,-,0,skipped_assumed_exists
554,deriveECUKey_AES_GCM_128,56430,30,16,2,success
555,SMK_Exchange_Flow,-,-,-,0,skipped_assumed_exists
555,deriveECUKey_AES_GCM_128,56530,30,16,2,success
556,SMK_Exchange_Flow,-,-,-,0,skipped_assumed_exists
556,deriveECUKey_AES_GCM_128,56630,30,16,2,success
557,SMK_Exchange_Flow,-,-,-,0,skipped_assumed_exists
557,deriveECUKey_AES_GCM_128,56730,30,16,2,success
558,SMK_Exchange_Flow,-,-,-,0,skipped_assumed_exists
558,deriveECUKey_AES_GCM_128,56830,30,16,2,success
559,SMK_Exchange_Flow,-,-,-,0,skipped_assumed_exists
559,deriveECUKey_AES_GCM_128,56930,30,16,2,success
560,SMK_Exchange_Flow,-,-,-,0,skipped_assumed_exists
560,deriveECUKey_AES_GCM_128,57030,30,16,2,success
561,SMK_Exchange_Flow,-,-,-,0,skipped_assumed_exists
561,deriveECUKey_AES_GCM_128,57130,30,16,2,success
562,SMK_Exchange_Flow,-,-,-,0,skipped_assumed_exists
562,deriveECUKey_AES_GCM_128,57230,30,16,2,success
563,SMK_Exchange_Flow,-,-,-,0,skipped_assumed_exists
563,deriveECUKey_AES_GCM_128,57330,30,16,2,success
564,SMK_Exchange_Flow,-,-,-,0,skipped_assumed_exists
564,deriveECUKey_AES_GCM_128,57430,30,16,2,success
565,SMK_Exchange_Flow,-,-,-,0,skipped_assumed_exists
565,deriveECUKey_AES_GCM_128,57530,30,16,2,success
566,SMK_Exchange_Flow,-,-,-,0,skipped_assumed_exists
566,deriveECUKey_AES_GCM_128,57630,30,16,2,success
567,SMK_Exchange_Flow,-,-,-,0,skipped_assumed_exists
567,deriveECUKey_AES_GCM_128,57730,30,16,2,success
568,SMK_Exchange_Flow,-,-,-,0,skipped_assumed_exists
568,deriveECUKey_AES_GCM_128,57830,30,16,2,success
569,SMK_Exchange_Flow,-,-,-,0,skipped_assumed_exists
569,deriveECUKey_AES_GCM_128,57930,30,16,2,success
570,SMK_Exchange_Flow,-,-,-,0,skipped_assumed_exists
570,deriveECUKey_AES_GCM_128,58030,30,16,2,success
571,SMK_Exchange_Flow,-,-,-,0,skipped_assumed_exists
571,deriveECUKey_AES_GCM_128,58130,30,16,2,success
572,SMK_Exchange_Flow,-,-,-,0,skipped_assumed_exists
572,deriveECUKey_AES_GCM_128,58230,30,16,2,success
573,SMK_Exchange_Flow,-,-,-,0,skipped_assumed_exists
573,deriveECUKey_AES_GCM_128,58330,30,16,2,success
574,SMK_Exchange_Flow,-,-,-,0,skipped_assumed_exists
574,deriveECUKey_AES_GCM_128,58430,30,16,2,success
575,SMK_Exchange_Flow,-,-,-,0,skipped_assumed_exists
575,deriveECUKey_AES_GCM_128,58530,30,16,2,success
576,SMK_Exchange_Flow,-,-,-,0,skipped_assumed_exists
576,deriveECUKey_AES_GCM_128,58630,30,16,2,success
577,SMK_Exchange_Flow,-,-,-,0,skipped_assumed_exists
577,deriveECUKey_AES_GCM_128,58730,30,16,2,success
578,SMK_Exchange_Flow,-,-,-,0,skipped_assumed_exists
578,deriveECUKey_AES_GCM_128,58830,30,16,2,success
579,SMK_Exchange_Flow,-,-,-,0,skipped_assumed_exists
579,deriveECUKey_AES_GCM_128,58930,30,16,2,success
580,SMK_Exchange_Flow,-,-,-,0,skipped_assumed_exists
580,deriveECUKey_AES_GCM_128,59030,30,16,2,success
581,SMK_Exchange_Flow,-,-,-,0,skipped_assumed_exists
581,deriveECUKey_AES_GCM_128,59130,30,16,2,success
582,SMK_Exchange_Flow,-,-,-,0,skipped_assumed_exists
582,deriveECUKey_AES_GCM_128,59230,30,16,2,success
583,SMK_Exchange_Flow,-,-,-,0,skipped_assumed_exists
583,deriveECUKey_AES_GCM_128,59330,30,16,2,success
584,SMK_Exchange_Flow,-,-,-,0,skipped_assumed_exists
584,deriveECUKey_AES_GCM_128,59430,30,16,2,success
585,SMK_Exchange_Flow,-,-,-,0,skipped_assumed_exists
585,deriveECUKey_AES_GCM_128,59530,30,16,2,success
586,SMK_Exchange_Flow,-,-,-,0,skipped_assumed_exists
586,deriveECUKey_AES_GCM_128,59630,30,16,2,success
587,SMK_Exchange_Flow,-,-,-,0,skipped_assumed_exists
587,deriveECUKey_AES_GCM_128,59730,30,16,2,success
588,SMK_Exchange_Flow,-,-,-,0,skipped_assumed_exists
588,deriveECUKey_AES_GCM_128,59830,30,16,2,success
589,SMK_Exchange_Flow,-,-,-,0,skipped_assumed_exists
589,deriveECUKey_AES_GCM_128,59930,30,16,2,success
590,SMK_Exchange_Flow,-,-,-,0,skipped_assumed_exists
590,deriveECUKey_AES_GCM_128,60030,30,16,2,success
591,SMK_Exchange_Flow,-,-,-,0,skipped_assumed_exists
591,deriveECUKey_AES_GCM_128,60130,30,16,2,success
592,SMK_Exchange_Flow,-,-,-,0,skipped_assumed_exists
592,deriveECUKey_AES_GCM_128,60230,30,16,2,success
593,SMK_Exchange_Flow,-,-,-,0,skipped_assumed_exists
593,deriveECUKey_AES_GCM_128,60330,30,16,2,success
594,SMK_Exchange_Flow,-,-,-,0,skipped_assumed_exists
594,deriveECUKey_AES_GCM_128,60430,30,16,2,success
595,SMK_Exchange_Flow,-,-,-,0,skipped_assumed_exists
595,deriveECUKey_AES_GCM_128,60530,30,16,2,success
596,SMK_Exchange_Flow,-,-,-,0,skipped_assumed_exists
596,deriveECUKey_AES_GCM_128,60630,30,16,2,success
597,SMK_Exchange_Flow,-,-,-,0,skipped_assumed_exists
597,deriveECUKey_AES_GCM_128,60730,30,16,2,success
598,SMK_Exchange_Flow,-,-,-,0,skipped_assumed_exists
598,deriveECUKey_AES_GCM_128,60830,30,16,2,success
599,SMK_Exchange_Flow,-,-,-,0,skipped_assumed_exists
599,deriveECUKey_AES_GCM_128,60930,30,16,2,success
600,SMK_Exchange_Flow,-,-,-,0,skipped_assumed_exists
600,deriveECUKey_AES_GCM_128,61030,30,16,2,success
601,SMK_Exchange_Flow,-,-,-,0,skipped_assumed_exists
601,deriveECUKey_AES_GCM_128,61130,30,16,2,success
602,SMK_Exchange_Flow,-,-,-,0,skipped_assumed_exists
602,deriveECUKey_AES_GCM_128,61230,30,16,2,success
603,SMK_Exchange_Flow,-,-,-,0,skipped_assumed_exists
603,deriveECUKey_AES_GCM_128,61330,30,16,2,success
604,SMK_Exchange_Flow,-,-,-,0,skipped_assumed_exists
604,deriveECUKey_AES_GCM_128,61430,30,16,2,success
605,SMK_Exchange_Flow,-,-,-,0,skipped_assumed_exists
605,deriveECUKey_AES_GCM_128,61530,30,16,2,success
606,SMK_Exchange_Flow,-,-,-,0,skipped_assumed_exists
606,deriveECUKey_AES_GCM_128,61630,30,16,2,success
607,SMK_Exchange_Flow,-,-,-,0,skipped_assumed_exists
607,deriveECUKey_AES_GCM_128,61730,30,16,2,success
608,SMK_Exchange_Flow,-,-,-,0,skipped_assumed_exists
608,deriveECUKey_AES_GCM_128,61830,30,16,2,success
609,SMK_Exchange_Flow,-,-,-,0,skipped_assumed_exists
609,deriveECUKey_AES_GCM_128,61930,30,16,2,success
610,SMK_Exchange_Flow,-,-,-,0,skipped_assumed_exists
610,deriveECUKey_AES_GCM_128,62030,30,16,2,success
611,SMK_Exchange_Flow,-,-,-,0,skipped_assumed_exists
611,deriveECUKey_AES_GCM_128,62130,30,16,2,success
612,SMK_Exchange_Flow,-,-,-,0,skipped_assumed_exists
612,deriveECUKey_AES_GCM_128,62230,30,16,2,success
613,SMK_Exchange_Flow,-,-,-,0,skipped_assumed_exists
613,deriveECUKey_AES_GCM_128,62330,30,16,2,success
614,SMK_Exchange_Flow,-,-,-,0,skipped_assumed_exists
614,deriveECUKey_AES_GCM_128,62430,30,16,2,success
615,SMK_Exchange_Flow,-,-,-,0,skipped_assumed_exists
615,deriveECUKey_AES_GCM_128,62530,30,16,2,success
616,SMK_Exchange_Flow,-,-,-,0,skipped_assumed_exists
616,deriveECUKey_AES_GCM_128,62630,30,16,2,success
617,SMK_Exchange_Flow,-,-,-,0,skipped_assumed_exists
617,deriveECUKey_AES_GCM_128,62730,30,16,2,success
618,SMK_Exchange_Flow,-,-,-,0,skipped_assumed_exists
618,deriveECUKey_AES_GCM_128,62830,30,16,2,success
619,SMK_Exchange_Flow,-,-,-,0,skipped_assumed_exists
619,deriveECUKey_AES_GCM_128,62930,30,16,2,success
620,SMK_Exchange_Flow,-,-,-,0,skipped_assumed_exists
620,deriveECUKey_AES_GCM_128,63030,30,16,2,success
621,SMK_Exchange_Flow,-,-,-,0,skipped_assumed_exists
621,deriveECUKey_AES_GCM_128,63130,30,16,2,success
622,SMK_Exchange_Flow,-,-,-,0,skipped_assumed_exists
622,deriveECUKey_AES_GCM_128,63230,30,16,2,success
623,SMK_Exchange_Flow,-,-,-,0,skipped_assumed_exists
623,deriveECUKey_AES_GCM_128,63330,30,16,2,success
624,SMK_Exchange_Flow,-,-,-,0,skipped_assumed_exists
624,deriveECUKey_AES_GCM_128,63430,30,16,2,success
625,SMK_Exchange_Flow,-,-,-,0,skipped_assumed_exists
625,deriveECUKey_AES_GCM_128,63530,30,16,2,success
626,SMK_Exchange_Flow,-,-,-,0,skipped_assumed_exists
626,deriveECUKey_AES_GCM_128,63630,30,16,2,success
627,SMK_Exchange_Flow,-,-,-,0,skipped_assumed_exists
627,deriveECUKey_AES_GCM_128,63730,30,16,2,success
628,SMK_Exchange_Flow,-,-,-,0,skipped_assumed_exists
628,deriveECUKey_AES_GCM_128,63830,30,16,2,success
629,SMK_Exchange_Flow,-,-,-,0,skipped_assumed_exists
629,deriveECUKey_AES_GCM_128,63930,30,16,2,success
630,SMK_Exchange_Flow,-,-,-,0,skipped_assumed_exists
630,deriveECUKey_AES_GCM_128,64030,30,16,2,success
631,SMK_Exchange_Flow,-,-,-,0,skipped_assumed_exists
631,deriveECUKey_AES_GCM_128,64130,30,16,2,success
632,SMK_Exchange_Flow,-,-,-,0,skipped_assumed_exists
632,deriveECUKey_AES_GCM_128,64230,30,16,2,success
633,SMK_Exchange_Flow,-,-,-,0,skipped_assumed_exists
633,deriveECUKey_AES_GCM_128,64330,30,16,2,success
634,SMK_Exchange_Flow,-,-,-,0,skipped_assumed_exists
634,deriveECUKey_AES_GCM_128,64430,30,16,2,success
635,SMK_Exchange_Flow,-,-,-,0,skipped_assumed_exists
635,deriveECUKey_AES_GCM_128,64530,30,16,2,success
636,SMK_Exchange_Flow,-,-,-,0,skipped_assumed_exists
636,deriveECUKey_AES_GCM_128,64630,30,16,2,success
637,SMK_Exchange_Flow,-,-,-,0,skipped_assumed_exists
637,deriveECUKey_AES_GCM_128,64730,30,16,2,success
638,SMK_Exchange_Flow,-,-,-,0,skipped_assumed_exists
638,deriveECUKey_AES_GCM_128,64830,30,16,2,success
639,SMK_Exchange_Flow,-,-,-,0,skipped_assumed_exists
639,deriveECUKey_AES_GCM_128,64930,30,16,2,success
640,SMK_Exchange_Flow,-,-,-,0,skipped_assumed_exists
640,deriveECUKey_AES_GCM_128,65030,30,16,2,success
641,SMK_Exchange_Flow,-,-,-,0,skipped_assumed_exists
641,deriveECUKey_AES_GCM_128,65130,30,16,2,success
642,SMK_Exchange_Flow,-,-,-,0,skipped_assumed_exists
642,deriveECUKey_AES_GCM_128,65230,30,16,2,success
643,SMK_Exchange_Flow,-,-,-,0,skipped_assumed_exists
643,deriveECUKey_AES_GCM_128,65330,30,16,2,success
644,SMK_Exchange_Flow,-,-,-,0,skipped_assumed_exists
644,deriveECUKey_AES_GCM_128,65430,30,16,2,success
645,SMK_Exchange_Flow,-,-,-,0,skipped_assumed_exists
645,deriveECUKey_AES_GCM_128,65530,30,16,2,success
646,SMK_Exchange_Flow,-,-,-,0,skipped_assumed_exists
646,deriveECUKey_AES_GCM_128,65630,30,16,2,success
647,SMK_Exchange_Flow,-,-,-,0,skipped_assumed_exists
647,deriveECUKey_AES_GCM_128,65730,30,16,2,success
648,SMK_Exchange_Flow,-,-,-,0,skipped_assumed_exists
648,deriveECUKey_AES_GCM_128,65830,30,16,2,success
649,SMK_Exchange_Flow,-,-,-,0,skipped_assumed_exists
649,deriveECUKey_AES_GCM_128,65930,30,16,2,success
650,SMK_Exchange_Flow,-,-,-,0,skipped_assumed_exists
650,deriveECUKey_AES_GCM_128,66030,30,16,2,success
651,SMK_Exchange_Flow,-,-,-,0,skipped_assumed_exists
651,deriveECUKey_AES_GCM_128,66130,30,16,2,success
652,SMK_Exchange_Flow,-,-,-,0,skipped_assumed_exists
652,deriveECUKey_AES_GCM_128,66230,30,16,2,success
653,SMK_Exchange_Flow,-,-,-,0,skipped_assumed_exists
653,deriveECUKey_AES_GCM_128,66330,30,16,2,success
654,SMK_Exchange_Flow,-,-,-,0,skipped_assumed_exists
654,deriveECUKey_AES_GCM_128,66430,30,16,2,success
655,SMK_Exchange_Flow,-,-,-,0,skipped_assumed_exists
655,deriveECUKey_AES_GCM_128,66530,30,16,2,success
656,SMK_Exchange_Flow,-,-,-,0,skipped_assumed_exists
656,deriveECUKey_AES_GCM_128,66630,30,16,2,success
657,SMK_Exchange_Flow,-,-,-,0,skipped_assumed_exists
657,deriveECUKey_AES_GCM_128,66730,30,16,2,success
658,SMK_Exchange_Flow,-,-,-,0,skipped_assumed_exists
658,deriveECUKey_AES_GCM_128,66830,30,16,2,success
659,SMK_Exchange_Flow,-,-,-,0,skipped_assumed_exists
659,deriveECUKey_AES_GCM_128,66930,30,16,2,success
660,SMK_Exchange_Flow,-,-,-,0,skipped_assumed_exists
660,deriveECUKey_AES_GCM_128,67030,30,16,2,success
661,SMK_Exchange_Flow,-,-,-,0,skipped_assumed_exists
661,deriveECUKey_AES_GCM_128,67130,30,16,2,success
662,SMK_Exchange_Flow,-,-,-,0,skipped_assumed_exists
662,deriveECUKey_AES_GCM_128,67230,30,16,2,success
663,SMK_Exchange_Flow,-,-,-,0,skipped_assumed_exists
663,deriveECUKey_AES_GCM_128,67330,30,16,2,success
664,SMK_Exchange_Flow,-,-,-,0,skipped_assumed_exists
664,deriveECUKey_AES_GCM_128,67430,30,16,2,success
665,SMK_Exchange_Flow,-,-,-,0,skipped_assumed_exists
665,deriveECUKey_AES_GCM_128,67530,30,16,2,success
666,SMK_Exchange_Flow,-,-,-,0,skipped_assumed_exists
666,deriveECUKey_AES_GCM_128,67630,30,16,2,success
667,SMK_Exchange_Flow,-,-,-,0,skipped_assumed_exists
667,deriveECUKey_AES_GCM_128,67730,30,16,2,success
668,SMK_Exchange_Flow,-,-,-,0,skipped_assumed_exists
668,deriveECUKey_AES_GCM_128,67830,30,16,2,success
669,SMK_Exchange_Flow,-,-,-,0,skipped_assumed_exists
669,deriveECUKey_AES_GCM_128,67930,30,16,2,success
670,SMK_Exchange_Flow,-,-,-,0,skipped_assumed_exists
670,deriveECUKey_AES_GCM_128,68030,30,16,2,success
671,SMK_Exchange_Flow,-,-,-,0,skipped_assumed_exists
671,deriveECUKey_AES_GCM_128,68130,30,16,2,success
672,SMK_Exchange_Flow,-,-,-,0,skipped_assumed_exists
672,deriveECUKey_AES_GCM_128,68230,30,16,2,success
673,SMK_Exchange_Flow,-,-,-,0,skipped_assumed_exists
673,deriveECUKey_AES_GCM_128,68330,30,16,2,success
674,SMK_Exchange_Flow,-,-,-,0,skipped_assumed_exists
674,deriveECUKey_AES_GCM_128,68430,30,16,2,success
675,SMK_Exchange_Flow,-,-,-,0,skipped_assumed_exists
675,deriveECUKey_AES_GCM_128,68530,30,16,2,success
676,SMK_Exchange_Flow,-,-,-,0,skipped_assumed_exists
676,deriveECUKey_AES_GCM_128,68630,30,16,2,success
677,SMK_Exchange_Flow,-,-,-,0,skipped_assumed_exists
677,deriveECUKey_AES_GCM_128,68730,30,16,2,success
678,SMK_Exchange_Flow,-,-,-,0,skipped_assumed_exists
678,deriveECUKey_AES_GCM_128,68830,30,16,2,success
679,SMK_Exchange_Flow,-,-,-,0,skipped_assumed_exists
679,deriveECUKey_AES_GCM_128,68930,30,16,2,success
680,SMK_Exchange_Flow,-,-,-,0,skipped_assumed_exists
680,deriveECUKey_AES_GCM_128,69030,30,16,2,success
681,SMK_Exchange_Flow,-,-,-,0,skipped_assumed_exists
681,deriveECUKey_AES_GCM_128,69130,30,16,2,success
682,SMK_Exchange_Flow,-,-,-,0,skipped_assumed_exists
682,deriveECUKey_AES_GCM_128,69230,30,16,2,success
683,SMK_Exchange_Flow,-,-,-,0,skipped_assumed_exists
683,deriveECUKey_AES_GCM_128,69330,30,16,2,success
684,SMK_Exchange_Flow,-,-,-,0,skipped_assumed_exists
684,deriveECUKey_AES_GCM_128,69430,30,16,2,success
685,SMK_Exchange_Flow,-,-,-,0,skipped_assumed_exists
685,deriveECUKey_AES_GCM_128,69530,30,16,2,success
686,SMK_Exchange_Flow,-,-,-,0,skipped_assumed_exists
686,deriveECUKey_AES_GCM_128,69630,30,16,2,success
687,SMK_Exchange_Flow,-,-,-,0,skipped_assumed_exists
687,deriveECUKey_AES_GCM_128,69730,30,16,2,success
688,SMK_Exchange_Flow,-,-,-,0,skipped_assumed_exists
688,deriveECUKey_AES_GCM_128,69830,30,16,2,success
689,SMK_Exchange_Flow,-,-,-,0,skipped_assumed_exists
689,deriveECUKey_AES_GCM_128,69930,30,16,2,success
690,SMK_Exchange_Flow,-,-,-,0,skipped_assumed_exists
690,deriveECUKey_AES_GCM_128,70030,30,16,2,success
691,SMK_Exchange_Flow,-,-,-,0,skipped_assumed_exists
691,deriveECUKey_AES_GCM_128,70130,30,16,2,success
692,SMK_Exchange_Flow,-,-,-,0,skipped_assumed_exists
692,deriveECUKey_AES_GCM_128,70230,30,16,2,success
693,SMK_Exchange_Flow,-,-,-,0,skipped_assumed_exists
693,deriveECUKey_AES_GCM_128,70330,30,16,2,success
694,SMK_Exchange_Flow,-,-,-,0,skipped_assumed_exists
694,deriveECUKey_AES_GCM_128,70430,30,16,2,success
695,SMK_Exchange_Flow,-,-,-,0,skipped_assumed_exists
695,deriveECUKey_AES_GCM_128,70530,30,16,2,success
696,SMK_Exchange_Flow,-,-,-,0,skipped_assumed_exists
696,deriveECUKey_AES_GCM_128,70630,30,16,2,success
697,SMK_Exchange_Flow,-,-,-,0,skipped_assumed_exists
697,deriveECUKey_AES_GCM_128,70730,30,16,2,success
698,SMK_Exchange_Flow,-,-,-,0,skipped_assumed_exists
698,deriveECUKey_AES_GCM_128,70830,30,16,2,success
699,SMK_Exchange_Flow,-,-,-,0,skipped_assumed_exists
699,deriveECUKey_AES_GCM_128,70930,30,16,2,success
700,SMK_Exchange_Flow,-,-,-,0,skipped_assumed_exists
700,deriveECUKey_AES_GCM_128,71030,30,16,2,success
701,SMK_Exchange_Flow,-,-,-,0,skipped_assumed_exists
701,deriveECUKey_AES_GCM_128,71130,30,16,2,success
702,SMK_Exchange_Flow,-,-,-,0,skipped_assumed_exists
702,deriveECUKey_AES_GCM_128,71230,30,16,2,success
703,SMK_Exchange_Flow,-,-,-,0,skipped_assumed_exists
703,deriveECUKey_AES_GCM_128,71330,30,16,2,success
704,SMK_Exchange_Flow,-,-,-,0,skipped_assumed_exists
704,deriveECUKey_AES_GCM_128,71430,30,16,2,success
705,SMK_Exchange_Flow,-,-,-,0,skipped_assumed_exists
705,deriveECUKey_AES_GCM_128,71530,30,16,2,success
706,SMK_Exchange_Flow,-,-,-,0,skipped_assumed_exists
706,deriveECUKey_AES_GCM_128,71630,30,16,2,success
707,SMK_Exchange_Flow,-,-,-,0,skipped_assumed_exists
707,deriveECUKey_AES_GCM_128,71730,30,16,2,success
708,SMK_Exchange_Flow,-,-,-,0,skipped_assumed_exists
708,deriveECUKey_AES_GCM_128,71830,30,16,2,success
709,SMK_Exchange_Flow,-,-,-,0,skipped_assumed_exists
709,deriveECUKey_AES_GCM_128,71930,30,16,2,success
710,SMK_Exchange_Flow,-,-,-,0,skipped_assumed_exists
710,deriveECUKey_AES_GCM_128,72030,30,16,2,success
711,SMK_Exchange_Flow,-,-,-,0,skipped_assumed_exists
711,deriveECUKey_AES_GCM_128,72130,30,16,2,success
712,SMK_Exchange_Flow,-,-,-,0,skipped_assumed_exists
712,deriveECUKey_AES_GCM_128,72230,30,16,2,success
713,SMK_Exchange_Flow,-,-,-,0,skipped_assumed_exists
713,deriveECUKey_AES_GCM_128,72330,30,16,2,success
714,SMK_Exchange_Flow,-,-,-,0,skipped_assumed_exists
714,deriveECUKey_AES_GCM_128,72430,30,16,2,success
715,SMK_Exchange_Flow,-,-,-,0,skipped_assumed_exists
715,deriveECUKey_AES_GCM_128,72530,30,16,2,success
716,SMK_Exchange_Flow,-,-,-,0,skipped_assumed_exists
716,deriveECUKey_AES_GCM_128,72630,30,16,2,success
717,SMK_Exchange_Flow,-,-,-,0,skipped_assumed_exists
717,deriveECUKey_AES_GCM_128,72730,30,16,2,success
718,SMK_Exchange_Flow,-,-,-,0,skipped_assumed_exists
718,deriveECUKey_AES_GCM_128,72830,30,16,2,success
719,SMK_Exchange_Flow,-,-,-,0,skipped_assumed_exists
719,deriveECUKey_AES_GCM_128,72930,30,16,2,success
720,SMK_Exchange_Flow,-,-,-,0,skipped_assumed_exists
720,deriveECUKey_AES_GCM_128,73030,30,16,2,success
721,SMK_Exchange_Flow,-,-,-,0,skipped_assumed_exists
721,deriveECUKey_AES_GCM_128,73130,30,16,2,success
722,SMK_Exchange_Flow,-,-,-,0,skipped_assumed_exists
722,deriveECUKey_AES_GCM_128,73230,30,16,2,success
723,SMK_Exchange_Flow,-,-,-,0,skipped_assumed_exists
723,deriveECUKey_AES_GCM_128,73330,30,16,2,success
724,SMK_Exchange_Flow,-,-,-,0,skipped_assumed_exists
724,deriveECUKey_AES_GCM_128,73430,30,16,2,success
725,SMK_Exchange_Flow,-,-,-,0,skipped_assumed_exists
725,deriveECUKey_AES_GCM_128,73530,30,16,2,success
726,SMK_Exchange_Flow,-,-,-,0,skipped_assumed_exists
726,deriveECUKey_AES_GCM_128,73630,30,16,2,success
727,SMK_Exchange_Flow,-,-,-,0,skipped_assumed_exists
727,deriveECUKey_AES_GCM_128,73730,30,16,2,success
728,SMK_Exchange_Flow,-,-,-,0,skipped_assumed_exists
728,deriveECUKey_AES_GCM_128,73830,30,16,2,success
729,SMK_Exchange_Flow,-,-,-,0,skipped_assumed_exists
729,deriveECUKey_AES_GCM_128,73930,30,16,2,success
730,SMK_Exchange_Flow,-,-,-,0,skipped_assumed_exists
730,deriveECUKey_AES_GCM_128,74030,30,16,2,success
731,SMK_Exchange_Flow,-,-,-,0,skipped_assumed_exists
731,deriveECUKey_AES_GCM_128,74130,30,16,2,success
732,SMK_Exchange_Flow,-,-,-,0,skipped_assumed_exists
732,deriveECUKey_AES_GCM_128,74230,30,16,2,success
733,SMK_Exchange_Flow,-,-,-,0,skipped_assumed_exists
733,deriveECUKey_AES_GCM_128,74330,30,16,2,success
734,SMK_Exchange_Flow,-,-,-,0,skipped_assumed_exists
734,deriveECUKey_AES_GCM_128,74430,30,16,2,success
735,SMK_Exchange_Flow,-,-,-,0,skipped_assumed_exists
735,deriveECUKey_AES_GCM_128,74530,30,16,2,success
736,SMK_Exchange_Flow,-,-,-,0,skipped_assumed_exists
736,deriveECUKey_AES_GCM_128,74630,30,16,2,success
737,SMK_Exchange_Flow,-,-,-,0,skipped_assumed_exists
737,deriveECUKey_AES_GCM_128,74730,30,16,2,success
738,SMK_Exchange_Flow,-,-,-,0,skipped_assumed_exists
738,deriveECUKey_AES_GCM_128,74830,30,16,2,success
739,SMK_Exchange_Flow,-,-,-,0,skipped_assumed_exists
739,deriveECUKey_AES_GCM_128,74930,30,16,2,success
740,SMK_Exchange_Flow,-,-,-,0,skipped_assumed_exists
740,deriveECUKey_AES_GCM_128,75030,30,16,2,success
741,SMK_Exchange_Flow,-,-,-,0,skipped_assumed_exists
741,deriveECUKey_AES_GCM_128,75130,30,16,2,success
742,SMK_Exchange_Flow,-,-,-,0,skipped_assumed_exists
742,deriveECUKey_AES_GCM_128,75230,30,16,2,success
743,SMK_Exchange_Flow,-,-,-,0,skipped_assumed_exists
743,deriveECUKey_AES_GCM_128,75330,30,16,2,success
744,SMK_Exchange_Flow,-,-,-,0,skipped_assumed_exists
744,deriveECUKey_AES_GCM_128,75430,30,16,2,success
745,SMK_Exchange_Flow,-,-,-,0,skipped_assumed_exists
745,deriveECUKey_AES_GCM_128,75530,30,16,2,success
746,SMK_Exchange_Flow,-,-,-,0,skipped_assumed_exists
746,deriveECUKey_AES_GCM_128,75630,30,16,2,success
747,SMK_Exchange_Flow,-,-,-,0,skipped_assumed_exists
747,deriveECUKey_AES_GCM_128,75730,30,16,2,success
748,SMK_Exchange_Flow,-,-,-,0,skipped_assumed_exists
748,deriveECUKey_AES_GCM_128,75830,30,16,2,success
749,SMK_Exchange_Flow,-,-,-,0,skipped_assumed_exists
749,deriveECUKey_AES_GCM_128,75930,30,16,2,success
750,SMK_Exchange_Flow,-,-,-,0,skipped_assumed_exists
750,deriveECUKey_AES_GCM_128,76030,30,16,2,success
751,SMK_Exchange_Flow,-,-,-,0,skipped_assumed_exists
751,deriveECUKey_AES_GCM_128,76130,30,16,2,success
752,SMK_Exchange_Flow,-,-,-,0,skipped_assumed_exists
752,deriveECUKey_AES_GCM_128,76230,30,16,2,success
753,SMK_Exchange_Flow,-,-,-,0,skipped_assumed_exists
753,deriveECUKey_AES_GCM_128,76330,30,16,2,success
754,SMK_Exchange_Flow,-,-,-,0,skipped_assumed_exists
754,deriveECUKey_AES_GCM_128,76430,30,16,2,success
755,SMK_Exchange_Flow,-,-,-,0,skipped_assumed_exists
755,deriveECUKey_AES_GCM_128,76530,30,16,2,success
756,SMK_Exchange_Flow,-,-,-,0,skipped_assumed_exists
756,deriveECUKey_AES_GCM_128,76630,30,16,2,success
757,SMK_Exchange_Flow,-,-,-,0,skipped_assumed_exists
757,deriveECUKey_AES_GCM_128,76730,30,16,2,success
758,SMK_Exchange_Flow,-,-,-,0,skipped_assumed_exists
758,deriveECUKey_AES_GCM_128,76830,30,16,2,success
759,SMK_Exchange_Flow,-,-,-,0,skipped_assumed_exists
759,deriveECUKey_AES_GCM_128,76930,30,16,2,success
760,SMK_Exchange_Flow,-,-,-,0,skipped_assumed_exists
760,deriveECUKey_AES_GCM_128,77030,30,16,2,success
761,SMK_Exchange_Flow,-,-,-,0,skipped_assumed_exists
761,deriveECUKey_AES_GCM_128,77130,30,16,2,success
762,SMK_Exchange_Flow,-,-,-,0,skipped_assumed_exists
762,deriveECUKey_AES_GCM_128,77230,30,16,2,success
763,SMK_Exchange_Flow,-,-,-,0,skipped_assumed_exists
763,deriveECUKey_AES_GCM_128,77330,30,16,2,success
764,SMK_Exchange_Flow,-,-,-,0,skipped_assumed_exists
764,deriveECUKey_AES_GCM_128,77430,30,16,2,success
765,SMK_Exchange_Flow,-,-,-,0,skipped_assumed_exists
765,deriveECUKey_AES_GCM_128,77530,30,16,2,success
766,SMK_Exchange_Flow,-,-,-,0,skipped_assumed_exists
766,deriveECUKey_AES_GCM_128,77630,30,16,2,success
767,SMK_Exchange_Flow,-,-,-,0,skipped_assumed_exists
767,deriveECUKey_AES_GCM_128,77730,30,16,2,success
768,SMK_Exchange_Flow,-,-,-,0,skipped_assumed_exists
768,deriveECUKey_AES_GCM_128,77830,30,16,2,success
769,SMK_Exchange_Flow,-,-,-,0,skipped_assumed_exists
769,deriveECUKey_AES_GCM_128,77930,30,16,2,success
770,SMK_Exchange_Flow,-,-,-,0,skipped_assumed_exists
770,deriveECUKey_AES_GCM_128,78030,30,16,2,success
771,SMK_Exchange_Flow,-,-,-,0,skipped_assumed_exists
771,deriveECUKey_AES_GCM_128,78130,30,16,2,success
772,SMK_Exchange_Flow,-,-,-,0,skipped_assumed_exists
772,deriveECUKey_AES_GCM_128,78230,30,16,2,success
773,SMK_Exchange_Flow,-,-,-,0,skipped_assumed_exists
773,deriveECUKey_AES_GCM_128,78330,30,16,2,success
774,SMK_Exchange_Flow,-,-,-,0,skipped_assumed_exists
774,deriveECUKey_AES_GCM_128,78430,30,16,2,success
775,SMK_Exchange_Flow,-,-,-,0,skipped_assumed_exists
775,deriveECUKey_AES_GCM_128,78530,30,16,2,success
776,SMK_Exchange_Flow,-,-,-,0,skipped_assumed_exists
776,deriveECUKey_AES_GCM_128,78630,30,16,2,success
777,SMK_Exchange_Flow,-,-,-,0,skipped_assumed_exists
777,deriveECUKey_AES_GCM_128,78730,30,16,2,success
778,SMK_Exchange_Flow,-,-,-,0,skipped_assumed_exists
778,deriveECUKey_AES_GCM_128,78830,30,16,2,success
779,SMK_Exchange_Flow,-,-,-,0,skipped_assumed_exists
779,deriveECUKey_AES_GCM_128,78930,30,16,2,success
780,SMK_Exchange_Flow,-,-,-,0,skipped_assumed_exists
780,deriveECUKey_AES_GCM_128,79030,30,16,2,success
781,SMK_Exchange_Flow,-,-,-,0,skipped_assumed_exists
781,deriveECUKey_AES_GCM_128,79130,30,16,2,success
782,SMK_Exchange_Flow,-,-,-,0,skipped_assumed_exists
782,deriveECUKey_AES_GCM_128,79230,30,16,2,success
783,SMK_Exchange_Flow,-,-,-,0,skipped_assumed_exists
783,deriveECUKey_AES_GCM_128,79330,30,16,2,success
784,SMK_Exchange_Flow,-,-,-,0,skipped_assumed_exists
784,deriveECUKey_AES_GCM_128,79430,30,16,2,success
785,SMK_Exchange_Flow,-,-,-,0,skipped_assumed_exists
785,deriveECUKey_AES_GCM_128,79530,30,16,2,success
786,SMK_Exchange_Flow,-,-,-,0,skipped_assumed_exists
786,deriveECUKey_AES_GCM_128,79630,30,16,2,success
787,SMK_Exchange_Flow,-,-,-,0,skipped_assumed_exists
787,deriveECUKey_AES_GCM_128,79730,30,16,2,success
788,SMK_Exchange_Flow,-,-,-,0,skipped_assumed_exists
788,deriveECUKey_AES_GCM_128,79830,30,16,2,success
789,SMK_Exchange_Flow,-,-,-,0,skipped_assumed_exists
789,deriveECUKey_AES_GCM_128,79930,30,16,2,success
790,SMK_Exchange_Flow,-,-,-,0,skipped_assumed_exists
790,deriveECUKey_AES_GCM_128,80030,30,16,2,success
791,SMK_Exchange_Flow,-,-,-,0,skipped_assumed_exists
791,deriveECUKey_AES_GCM_128,80130,30,16,2,success
792,SMK_Exchange_Flow,-,-,-,0,skipped_assumed_exists
792,deriveECUKey_AES_GCM_128,80230,30,16,2,success
793,SMK_Exchange_Flow,-,-,-,0,skipped_assumed_exists
793,deriveECUKey_AES_GCM_128,80330,30,16,2,success
794,SMK_Exchange_Flow,-,-,-,0,skipped_assumed_exists
794,deriveECUKey_AES_GCM_128,80430,30,16,2,success
795,SMK_Exchange_Flow,-,-,-,0,skipped_assumed_exists
795,deriveECUKey_AES_GCM_128,80530,30,16,2,success
796,SMK_Exchange_Flow,-,-,-,0,skipped_assumed_exists
796,deriveECUKey_AES_GCM_128,80630,30,16,2,success
797,SMK_Exchange_Flow,-,-,-,0,skipped_assumed_exists
797,deriveECUKey_AES_GCM_128,80730,30,16,2,success
798,SMK_Exchange_Flow,-,-,-,0,skipped_assumed_exists
798,deriveECUKey_AES_GCM_128,80830,30,16,2,success
799,SMK_Exchange_Flow,-,-,-,0,skipped_assumed_exists
799,deriveECUKey_AES_GCM_128,80930,30,16,2,success
800,SMK_Exchange_Flow,-,-,-,0,skipped_assumed_exists
800,deriveECUKey_AES_GCM_128,81030,30,16,2,success
801,SMK_Exchange_Flow,-,-,-,0,skipped_assumed_exists
801,deriveECUKey_AES_GCM_128,81130,30,16,2,success
802,SMK_Exchange_Flow,-,-,-,0,skipped_assumed_exists
802,deriveECUKey_AES_GCM_128,81230,30,16,2,success
803,SMK_Exchange_Flow,-,-,-,0,skipped_assumed_exists
803,deriveECUKey_AES_GCM_128,81330,30,16,2,success
804,SMK_Exchange_Flow,-,-,-,0,skipped_assumed_exists
804,deriveECUKey_AES_GCM_128,81430,30,16,2,success
805,SMK_Exchange_Flow,-,-,-,0,skipped_assumed_exists
805,deriveECUKey_AES_GCM_128,81530,30,16,2,success
806,SMK_Exchange_Flow,-,-,-,0,skipped_assumed_exists
806,deriveECUKey_AES_GCM_128,81630,30,16,2,success
807,SMK_Exchange_Flow,-,-,-,0,skipped_assumed_exists
807,deriveECUKey_AES_GCM_128,81730,30,16,2,success
808,SMK_Exchange_Flow,-,-,-,0,skipped_assumed_exists
808,deriveECUKey_AES_GCM_128,81830,30,16,2,success
809,SMK_Exchange_Flow,-,-,-,0,skipped_assumed_exists
809,deriveECUKey_AES_GCM_128,81930,30,16,2,success
810,SMK_Exchange_Flow,-,-,-,0,skipped_assumed_exists
810,deriveECUKey_AES_GCM_128,82030,30,16,2,success
811,SMK_Exchange_Flow,-,-,-,0,skipped_assumed_exists
811,deriveECUKey_AES_GCM_128,82130,30,16,2,success
812,SMK_Exchange_Flow,-,-,-,0,skipped_assumed_exists
812,deriveECUKey_AES_GCM_128,82230,30,16,2,success
813,SMK_Exchange_Flow,-,-,-,0,skipped_assumed_exists
813,deriveECUKey_AES_GCM_128,82330,30,16,2,success
814,SMK_Exchange_Flow,-,-,-,0,skipped_assumed_exists
814,deriveECUKey_AES_GCM_128,82430,30,16,2,success
815,SMK_Exchange_Flow,-,-,-,0,skipped_assumed_exists
815,deriveECUKey_AES_GCM_128,82530,30,16,2,success
816,SMK_Exchange_Flow,-,-,-,0,skipped_assumed_exists
816,deriveECUKey_AES_GCM_128,82630,30,16,2,success
817,SMK_Exchange_Flow,-,-,-,0,skipped_assumed_exists
817,deriveECUKey_AES_GCM_128,82730,30,16,2,success
818,SMK_Exchange_Flow,-,-,-,0,skipped_assumed_exists
818,deriveECUKey_AES_GCM_128,82830,30,16,2,success
819,SMK_Exchange_Flow,-,-,-,0,skipped_assumed_exists
819,deriveECUKey_AES_GCM_128,82930,30,16,2,success
820,SMK_Exchange_Flow,-,-,-,0,skipped_assumed_exists
820,deriveECUKey_AES_GCM_128,83030,30,16,2,success
821,SMK_Exchange_Flow,-,-,-,0,skipped_assumed_exists
821,deriveECUKey_AES_GCM_128,83130,30,16,2,success
822,SMK_Exchange_Flow,-,-,-,0,skipped_assumed_exists
822,deriveECUKey_AES_GCM_128,83230,30,16,2,success
823,SMK_Exchange_Flow,-,-,-,0,skipped_assumed_exists
823,deriveECUKey_AES_GCM_128,83330,30,16,2,success
824,SMK_Exchange_Flow,-,-,-,0,skipped_assumed_exists
824,deriveECUKey_AES_GCM_128,83430,30,16,2,success
825,SMK_Exchange_Flow,-,-,-,0,skipped_assumed_exists
825,deriveECUKey_AES_GCM_128,83530,30,16,2,success
826,SMK_Exchange_Flow,-,-,-,0,skipped_assumed_exists
826,deriveECUKey_AES_GCM_128,83630,30,16,2,success
827,SMK_Exchange_Flow,-,-,-,0,skipped_assumed_exists
827,deriveECUKey_AES_GCM_128,83730,30,16,2,success
828,SMK_Exchange_Flow,-,-,-,0,skipped_assumed_exists
828,deriveECUKey_AES_GCM_128,83830,30,16,2,success
829,SMK_Exchange_Flow,-,-,-,0,skipped_assumed_exists
829,deriveECUKey_AES_GCM_128,83930,30,16,2,success
830,SMK_Exchange_Flow,-,-,-,0,skipped_assumed_exists
830,deriveECUKey_AES_GCM_128,84030,30,16,2,success
831,SMK_Exchange_Flow,-,-,-,0,skipped_assumed_exists
831,deriveECUKey_AES_GCM_128,84130,30,16,2,success
832,SMK_Exchange_Flow,-,-,-,0,skipped_assumed_exists
832,deriveECUKey_AES_GCM_128,84230,30,16,2,success
833,SMK_Exchange_Flow,-,-,-,0,skipped_assumed_exists
833,deriveECUKey_AES_GCM_128,84330,30,16,2,success
834,SMK_Exchange_Flow,-,-,-,0,skipped_assumed_exists
834,deriveECUKey_AES_GCM_128,84430,30,16,2,success
835,SMK_Exchange_Flow,-,-,-,0,skipped_assumed_exists
835,deriveECUKey_AES_GCM_128,84530,30,16,2,success
836,SMK_Exchange_Flow,-,-,-,0,skipped_assumed_exists
836,deriveECUKey_AES_GCM_128,84630,30,16,2,success
837,SMK_Exchange_Flow,-,-,-,0,skipped_assumed_exists
837,deriveECUKey_AES_GCM_128,84730,30,16,2,success
838,SMK_Exchange_Flow,-,-,-,0,skipped_assumed_exists
838,deriveECUKey_AES_GCM_128,84830,30,16,2,success
839,SMK_Exchange_Flow,-,-,-,0,skipped_assumed_exists
839,deriveECUKey_AES_GCM_128,84930,30,16,2,success
840,SMK_Exchange_Flow,-,-,-,0,skipped_assumed_exists
840,deriveECUKey_AES_GCM_128,85030,30,16,2,success
841,SMK_Exchange_Flow,-,-,-,0,skipped_assumed_exists
841,deriveECUKey_AES_GCM_128,85130,30,16,2,success
842,SMK_Exchange_Flow,-,-,-,0,skipped_assumed_exists
842,deriveECUKey_AES_GCM_128,85230,30,16,2,success
843,SMK_Exchange_Flow,-,-,-,0,skipped_assumed_exists
843,deriveECUKey_AES_GCM_128,85330,30,16,2,success
844,SMK_Exchange_Flow,-,-,-,0,skipped_assumed_exists
844,deriveECUKey_AES_GCM_128,85430,30,16,2,success
845,SMK_Exchange_Flow,-,-,-,0,skipped_assumed_exists
845,deriveECUKey_AES_GCM_128,85530,30,16,2,success
846,SMK_Exchange_Flow,-,-,-,0,skipped_assumed_exists
846,deriveECUKey_AES_GCM_128,85630,30,16,2,success
847,SMK_Exchange_Flow,-,-,-,0,skipped_assumed_exists
847,deriveECUKey_AES_GCM_128,85730,30,16,2,success
848,SMK_Exchange_Flow,-,-,-,0,skipped_assumed_exists
848,deriveECUKey_AES_GCM_128,85830,30,16,2,success
849,SMK_Exchange_Flow,-,-,-,0,skipped_assumed_exists
849,deriveECUKey_AES_GCM_128,85930,30,16,2,success
850,SMK_Exchange_Flow,-,-,-,0,skipped_assumed_exists
850,deriveECUKey_AES_GCM_128,86030,30,16,2,success
851,SMK_Exchange_Flow,-,-,-,0,skipped_assumed_exists
851,deriveECUKey_AES_GCM_128,86130,30,16,2,success
852,SMK_Exchange_Flow,-,-,-,0,skipped_assumed_exists
852,deriveECUKey_AES_GCM_128,86230,30,16,2,success
853,SMK_Exchange_Flow,-,-,-,0,skipped_assumed_exists
853,deriveECUKey_AES_GCM_128,86330,30,16,2,success
854,SMK_Exchange_Flow,-,-,-,0,skipped_assumed_exists
854,deriveECUKey_AES_GCM_128,86430,30,16,2,success
855,SMK_Exchange_Flow,-,-,-,0,skipped_assumed_exists
855,deriveECUKey_AES_GCM_128,86530,30,16,2,success
856,SMK_Exchange_Flow,-,-,-,0,skipped_assumed_exists
856,deriveECUKey_AES_GCM_128,86630,30,16,2,success
857,SMK_Exchange_Flow,-,-,-,0,skipped_assumed_exists
857,deriveECUKey_AES_GCM_128,86730,30,16,2,success
858,SMK_Exchange_Flow,-,-,-,0,skipped_assumed_exists
858,deriveECUKey_AES_GCM_128,86830,30,16,2,success
859,SMK_Exchange_Flow,-,-,-,0,skipped_assumed_exists
859,deriveECUKey_AES_GCM_128,86930,30,16,2,success
860,SMK_Exchange_Flow,-,-,-,0,skipped_assumed_exists
860,deriveECUKey_AES_GCM_128,87030,30,16,2,success
861,SMK_Exchange_Flow,-,-,-,0,skipped_assumed_exists
861,deriveECUKey_AES_GCM_128,87130,30,16,2,success
862,SMK_Exchange_Flow,-,-,-,0,skipped_assumed_exists
862,deriveECUKey_AES_GCM_128,87230,30,16,2,success
863,SMK_Exchange_Flow,-,-,-,0,skipped_assumed_exists
863,deriveECUKey_AES_GCM_128,87330,30,16,2,success
864,SMK_Exchange_Flow,-,-,-,0,skipped_assumed_exists
864,deriveECUKey_AES_GCM_128,87430,30,16,2,success
865,SMK_Exchange_Flow,-,-,-,0,skipped_assumed_exists
865,deriveECUKey_AES_GCM_128,87530,30,16,2,success
866,SMK_Exchange_Flow,-,-,-,0,skipped_assumed_exists
866,deriveECUKey_AES_GCM_128,87630,30,16,2,success
867,SMK_Exchange_Flow,-,-,-,0,skipped_assumed_exists
867,deriveECUKey_AES_GCM_128,87730,30,16,2,success
868,SMK_Exchange_Flow,-,-,-,0,skipped_assumed_exists
868,deriveECUKey_AES_GCM_128,87830,30,16,2,success
869,SMK_Exchange_Flow,-,-,-,0,skipped_assumed_exists
869,deriveECUKey_AES_GCM_128,87930,30,16,2,success
870,SMK_Exchange_Flow,-,-,-,0,skipped_assumed_exists
870,deriveECUKey_AES_GCM_128,88030,30,16,2,success
871,SMK_Exchange_Flow,-,-,-,0,skipped_assumed_exists
871,deriveECUKey_AES_GCM_128,88130,30,16,2,success
872,SMK_Exchange_Flow,-,-,-,0,skipped_assumed_exists
872,deriveECUKey_AES_GCM_128,88230,30,16,2,success
873,SMK_Exchange_Flow,-,-,-,0,skipped_assumed_exists
873,deriveECUKey_AES_GCM_128,88330,30,16,2,success
874,SMK_Exchange_Flow,-,-,-,0,skipped_assumed_exists
874,deriveECUKey_AES_GCM_128,88430,30,16,2,success
875,SMK_Exchange_Flow,-,-,-,0,skipped_assumed_exists
875,deriveECUKey_AES_GCM_128,88530,30,16,2,success
876,SMK_Exchange_Flow,-,-,-,0,skipped_assumed_exists
876,deriveECUKey_AES_GCM_128,88630,30,16,2,success
877,SMK_Exchange_Flow,-,-,-,0,skipped_assumed_exists
877,deriveECUKey_AES_GCM_128,88730,30,16,2,success
878,SMK_Exchange_Flow,-,-,-,0,skipped_assumed_exists
878,deriveECUKey_AES_GCM_128,88830,30,16,2,success
879,SMK_Exchange_Flow,-,-,-,0,skipped_assumed_exists
879,deriveECUKey_AES_GCM_128,88930,30,16,2,success
880,SMK_Exchange_Flow,-,-,-,0,skipped_assumed_exists
880,deriveECUKey_AES_GCM_128,89030,30,16,2,success
881,SMK_Exchange_Flow,-,-,-,0,skipped_assumed_exists
881,deriveECUKey_AES_GCM_128,89130,30,16,2,success
882,SMK_Exchange_Flow,-,-,-,0,skipped_assumed_exists
882,deriveECUKey_AES_GCM_128,89230,30,16,2,success
883,SMK_Exchange_Flow,-,-,-,0,skipped_assumed_exists
883,deriveECUKey_AES_GCM_128,89330,30,16,2,success
884,SMK_Exchange_Flow,-,-,-,0,skipped_assumed_exists
884,deriveECUKey_AES_GCM_128,89430,30,16,2,success
885,SMK_Exchange_Flow,-,-,-,0,skipped_assumed_exists
885,deriveECUKey_AES_GCM_128,89530,30,16,2,success
886,SMK_Exchange_Flow,-,-,-,0,skipped_assumed_exists
886,deriveECUKey_AES_GCM_128,89630,30,16,2,success
887,SMK_Exchange_Flow,-,-,-,0,skipped_assumed_exists
887,deriveECUKey_AES_GCM_128,89730,30,16,2,success
888,SMK_Exchange_Flow,-,-,-,0,skipped_assumed_exists
888,deriveECUKey_AES_GCM_128,89830,30,16,2,success
889,SMK_Exchange_Flow,-,-,-,0,skipped_assumed_exists
889,deriveECUKey_AES_GCM_128,89930,30,16,2,success
890,SMK_Exchange_Flow,-,-,-,0,skipped_assumed_exists
890,deriveECUKey_AES_GCM_128,90030,30,16,2,success
891,SMK_Exchange_Flow,-,-,-,0,skipped_assumed_exists
891,deriveECUKey_AES_GCM_128,90130,30,16,2,success
892,SMK_Exchange_Flow,-,-,-,0,skipped_assumed_exists
892,deriveECUKey_AES_GCM_128,90230,30,16,2,success
893,SMK_Exchange_Flow,-,-,-,0,skipped_assumed_exists
893,deriveECUKey_AES_GCM_128,90330,30,16,2,success
894,SMK_Exchange_Flow,-,-,-,0,skipped_assumed_exists
894,deriveECUKey_AES_GCM_128,90430,30,16,2,success
895,SMK_Exchange_Flow,-,-,-,0,skipped_assumed_exists
895,deriveECUKey_AES_GCM_128,90530,30,16,2,success
896,SMK_Exchange_Flow,-,-,-,0,skipped_assumed_exists
896,deriveECUKey_AES_GCM_128,90630,30,16,2,success
897,SMK_Exchange_Flow,-,-,-,0,skipped_assumed_exists
897,deriveECUKey_AES_GCM_128,90730,30,16,2,success
898,SMK_Exchange_Flow,-,-,-,0,skipped_assumed_exists
898,deriveECUKey_AES_GCM_128,90830,30,16,2,success
899,SMK_Exchange_Flow,-,-,-,0,skipped_assumed_exists
899,deriveECUKey_AES_GCM_128,90930,30,16,2,success
900,SMK_Exchange_Flow,-,-,-,0,skipped_assumed_exists
900,deriveECUKey_AES_GCM_128,91030,30,16,2,success
901,SMK_Exchange_Flow,-,-,-,0,skipped_assumed_exists
901,deriveECUKey_AES_GCM_128,91130,30,16,2,success
902,SMK_Exchange_Flow,-,-,-,0,skipped_assumed_exists
902,deriveECUKey_AES_GCM_128,91230,30,16,2,success
903,SMK_Exchange_Flow,-,-,-,0,skipped_assumed_exists
903,deriveECUKey_AES_GCM_128,91330,30,16,2,success
904,SMK_Exchange_Flow,-,-,-,0,skipped_assumed_exists
904,deriveECUKey_AES_GCM_128,91430,30,16,2,success
905,SMK_Exchange_Flow,-,-,-,0,skipped_assumed_exists
905,deriveECUKey_AES_GCM_128,91530,30,16,2,success
906,SMK_Exchange_Flow,-,-,-,0,skipped_assumed_exists
906,deriveECUKey_AES_GCM_128,91630,30,16,2,success
907,SMK_Exchange_Flow,-,-,-,0,skipped_assumed_exists
907,deriveECUKey_AES_GCM_128,91730,30,16,2,success
908,SMK_Exchange_Flow,-,-,-,0,skipped_assumed_exists
908,deriveECUKey_AES_GCM_128,91830,30,16,2,success
909,SMK_Exchange_Flow,-,-,-,0,skipped_assumed_exists
909,deriveECUKey_AES_GCM_128,91930,30,16,2,success
910,SMK_Exchange_Flow,-,-,-,0,skipped_assumed_exists
910,deriveECUKey_AES_GCM_128,92030,30,16,2,success
911,SMK_Exchange_Flow,-,-,-,0,skipped_assumed_exists
911,deriveECUKey_AES_GCM_128,92130,30,16,2,success
912,SMK_Exchange_Flow,-,-,-,0,skipped_assumed_exists
912,deriveECUKey_AES_GCM_128,92230,30,16,2,success
913,SMK_Exchange_Flow,-,-,-,0,skipped_assumed_exists
913,deriveECUKey_AES_GCM_128,92330,30,16,2,success
914,SMK_Exchange_Flow,-,-,-,0,skipped_assumed_exists
914,deriveECUKey_AES_GCM_128,92430,30,16,2,success
915,SMK_Exchange_Flow,-,-,-,0,skipped_assumed_exists
915,deriveECUKey_AES_GCM_128,92530,30,16,2,success
916,SMK_Exchange_Flow,-,-,-,0,skipped_assumed_exists
916,deriveECUKey_AES_GCM_128,92630,30,16,2,success
917,SMK_Exchange_Flow,-,-,-,0,skipped_assumed_exists
917,deriveECUKey_AES_GCM_128,92730,30,16,2,success
918,SMK_Exchange_Flow,-,-,-,0,skipped_assumed_exists
918,deriveECUKey_AES_GCM_128,92830,30,16,2,success
919,SMK_Exchange_Flow,-,-,-,0,skipped_assumed_exists
919,deriveECUKey_AES_GCM_128,92930,30,16,2,success
920,SMK_Exchange_Flow,-,-,-,0,skipped_assumed_exists
920,deriveECUKey_AES_GCM_128,93030,30,16,2,success
921,SMK_Exchange_Flow,-,-,-,0,skipped_assumed_exists
921,deriveECUKey_AES_GCM_128,93130,30,16,2,success
922,SMK_Exchange_Flow,-,-,-,0,skipped_assumed_exists
922,deriveECUKey_AES_GCM_128,93230,30,16,2,success
923,SMK_Exchange_Flow,-,-,-,0,skipped_assumed_exists
923,deriveECUKey_AES_GCM_128,93330,30,16,2,success
924,SMK_Exchange_Flow,-,-,-,0,skipped_assumed_exists
924,deriveECUKey_AES_GCM_128,93430,30,16,2,success
925,SMK_Exchange_Flow,-,-,-,0,skipped_assumed_exists
925,deriveECUKey_AES_GCM_128,93530,30,16,2,success
926,SMK_Exchange_Flow,-,-,-,0,skipped_assumed_exists
926,deriveECUKey_AES_GCM_128,93630,30,16,2,success
927,SMK_Exchange_Flow,-,-,-,0,skipped_assumed_exists
927,deriveECUKey_AES_GCM_128,93730,30,16,2,success
928,SMK_Exchange_Flow,-,-,-,0,skipped_assumed_exists
928,deriveECUKey_AES_GCM_128,93830,30,16,2,success
929,SMK_Exchange_Flow,-,-,-,0,skipped_assumed_exists
929,deriveECUKey_AES_GCM_128,93930,30,16,2,success
930,SMK_Exchange_Flow,-,-,-,0,skipped_assumed_exists
930,deriveECUKey_AES_GCM_128,94030,30,16,2,success
931,SMK_Exchange_Flow,-,-,-,0,skipped_assumed_exists
931,deriveECUKey_AES_GCM_128,94130,30,16,2,success
932,SMK_Exchange_Flow,-,-,-,0,skipped_assumed_exists
932,deriveECUKey_AES_GCM_128,94230,30,16,2,success
933,SMK_Exchange_Flow,-,-,-,0,skipped_assumed_exists
933,deriveECUKey_AES_GCM_128,94330,30,16,2,success
934,SMK_Exchange_Flow,-,-,-,0,skipped_assumed_exists
934,deriveECUKey_AES_GCM_128,94430,30,16,2,success
935,SMK_Exchange_Flow,-,-,-,0,skipped_assumed_exists
935,deriveECUKey_AES_GCM_128,94530,30,16,2,success
936,SMK_Exchange_Flow,-,-,-,0,skipped_assumed_exists
936,deriveECUKey_AES_GCM_128,94630,30,16,2,success
937,SMK_Exchange_Flow,-,-,-,0,skipped_assumed_exists
937,deriveECUKey_AES_GCM_128,94730,30,16,2,success
938,SMK_Exchange_Flow,-,-,-,0,skipped_assumed_exists
938,deriveECUKey_AES_GCM_128,94830,30,16,2,success
939,SMK_Exchange_Flow,-,-,-,0,skipped_assumed_exists
939,deriveECUKey_AES_GCM_128,94930,30,16,2,success
940,SMK_Exchange_Flow,-,-,-,0,skipped_assumed_exists
940,deriveECUKey_AES_GCM_128,95030,30,16,2,success
941,SMK_Exchange_Flow,-,-,-,0,skipped_assumed_exists
941,deriveECUKey_AES_GCM_128,95130,30,16,2,success
942,SMK_Exchange_Flow,-,-,-,0,skipped_assumed_exists
942,deriveECUKey_AES_GCM_128,95230,30,16,2,success
943,SMK_Exchange_Flow,-,-,-,0,skipped_assumed_exists
943,deriveECUKey_AES_GCM_128,95330,30,16,2,success
944,SMK_Exchange_Flow,-,-,-,0,skipped_assumed_exists
944,deriveECUKey_AES_GCM_128,95430,30,16,2,success
945,SMK_Exchange_Flow,-,-,-,0,skipped_assumed_exists
945,deriveECUKey_AES_GCM_128,95530,30,16,2,success
946,SMK_Exchange_Flow,-,-,-,0,skipped_assumed_exists
946,deriveECUKey_AES_GCM_128,95630,30,16,2,success
947,SMK_Exchange_Flow,-,-,-,0,skipped_assumed_exists
947,deriveECUKey_AES_GCM_128,95730,30,16,2,success
948,SMK_Exchange_Flow,-,-,-,0,skipped_assumed_exists
948,deriveECUKey_AES_GCM_128,95830,30,16,2,success
949,SMK_Exchange_Flow,-,-,-,0,skipped_assumed_exists
949,deriveECUKey_AES_GCM_128,95930,30,16,2,success
950,SMK_Exchange_Flow,-,-,-,0,skipped_assumed_exists
950,deriveECUKey_AES_GCM_128,96030,30,16,2,success
951,SMK_Exchange_Flow,-,-,-,0,skipped_assumed_exists
951,deriveECUKey_AES_GCM_128,96130,30,16,2,success
952,SMK_Exchange_Flow,-,-,-,0,skipped_assumed_exists
952,deriveECUKey_AES_GCM_128,96230,30,16,2,success
953,SMK_Exchange_Flow,-,-,-,0,skipped_assumed_exists
953,deriveECUKey_AES_GCM_128,96330,30,16,2,success
954,SMK_Exchange_Flow,-,-,-,0,skipped_assumed_exists
954,deriveECUKey_AES_GCM_128,96430,30,16,2,success
955,SMK_Exchange_Flow,-,-,-,0,skipped_assumed_exists
955,deriveECUKey_AES_GCM_128,96530,30,16,2,success
956,SMK_Exchange_Flow,-,-,-,0,skipped_assumed_exists
956,deriveECUKey_AES_GCM_128,96630,30,16,2,success
957,SMK_Exchange_Flow,-,-,-,0,skipped_assumed_exists
957,deriveECUKey_AES_GCM_128,96730,30,16,2,success
958,SMK_Exchange_Flow,-,-,-,0,skipped_assumed_exists
958,deriveECUKey_AES_GCM_128,96830,30,16,2,success
959,SMK_Exchange_Flow,-,-,-,0,skipped_assumed_exists
959,deriveECUKey_AES_GCM_128,96930,30,16,2,success
960,SMK_Exchange_Flow,-,-,-,0,skipped_assumed_exists
960,deriveECUKey_AES_GCM_128,97030,30,16,2,success
961,SMK_Exchange_Flow,-,-,-,0,skipped_assumed_exists
961,deriveECUKey_AES_GCM_128,97130,30,16,2,success
962,SMK_Exchange_Flow,-,-,-,0,skipped_assumed_exists
962,deriveECUKey_AES_GCM_128,97230,30,16,2,success
963,SMK_Exchange_Flow,-,-,-,0,skipped_assumed_exists
963,deriveECUKey_AES_GCM_128,97330,30,16,2,success
964,SMK_Exchange_Flow,-,-,-,0,skipped_assumed_exists
964,deriveECUKey_AES_GCM_128,97430,30,16,2,success
965,SMK_Exchange_Flow,-,-,-,0,skipped_assumed_exists
965,deriveECUKey_AES_GCM_128,97530,30,16,2,success
966,SMK_Exchange_Flow,-,-,-,0,skipped_assumed_exists
966,deriveECUKey_AES_GCM_128,97630,30,16,2,success
967,SMK_Exchange_Flow,-,-,-,0,skipped_assumed_exists
967,deriveECUKey_AES_GCM_128,97730,30,16,2,success
968,SMK_Exchange_Flow,-,-,-,0,skipped_assumed_exists
968,deriveECUKey_AES_GCM_128,97830,30,16,2,success
969,SMK_Exchange_Flow,-,-,-,0,skipped_assumed_exists
969,deriveECUKey_AES_GCM_128,97930,30,16,2,success
970,SMK_Exchange_Flow,-,-,-,0,skipped_assumed_exists
970,deriveECUKey_AES_GCM_128,98030,30,16,2,success
971,SMK_Exchange_Flow,-,-,-,0,skipped_assumed_exists
971,deriveECUKey_AES_GCM_128,98130,30,16,2,success
972,SMK_Exchange_Flow,-,-,-,0,skipped_assumed_exists
972,deriveECUKey_AES_GCM_128,98230,30,16,2,success
973,SMK_Exchange_Flow,-,-,-,0,skipped_assumed_exists
973,deriveECUKey_AES_GCM_128,98330,30,16,2,success
974,SMK_Exchange_Flow,-,-,-,0,skipped_assumed_exists
974,deriveECUKey_AES_GCM_128,98430,30,16,2,success
975,SMK_Exchange_Flow,-,-,-,0,skipped_assumed_exists
975,deriveECUKey_AES_GCM_128,98530,30,16,2,success
976,SMK_Exchange_Flow,-,-,-,0,skipped_assumed_exists
976,deriveECUKey_AES_GCM_128,98630,30,16,2,success
977,SMK_Exchange_Flow,-,-,-,0,skipped_assumed_exists
977,deriveECUKey_AES_GCM_128,98730,30,16,2,success
978,SMK_Exchange_Flow,-,-,-,0,skipped_assumed_exists
978,deriveECUKey_AES_GCM_128,98830,30,16,2,success
979,SMK_Exchange_Flow,-,-,-,0,skipped_assumed_exists
979,deriveECUKey_AES_GCM_128,98930,30,16,2,success
980,SMK_Exchange_Flow,-,-,-,0,skipped_assumed_exists
980,deriveECUKey_AES_GCM_128,99030,30,16,2,success
981,SMK_Exchange_Flow,-,-,-,0,skipped_assumed_exists
981,deriveECUKey_AES_GCM_128,99130,30,16,2,success
982,SMK_Exchange_Flow,-,-,-,0,skipped_assumed_exists
982,deriveECUKey_AES_GCM_128,99230,30,16,2,success
983,SMK_Exchange_Flow,-,-,-,0,skipped_assumed_exists
983,deriveECUKey_AES_GCM_128,99330,30,16,2,success
984,SMK_Exchange_Flow,-,-,-,0,skipped_assumed_exists
984,deriveECUKey_AES_GCM_128,99430,30,16,2,success
985,SMK_Exchange_Flow,-,-,-,0,skipped_assumed_exists
985,deriveECUKey_AES_GCM_128,99530,30,16,2,success
986,SMK_Exchange_Flow,-,-,-,0,skipped_assumed_exists
986,deriveECUKey_AES_GCM_128,99630,30,16,2,success
987,SMK_Exchange_Flow,-,-,-,0,skipped_assumed_exists
987,deriveECUKey_AES_GCM_128,99730,30,16,2,success
988,SMK_Exchange_Flow,-,-,-,0,skipped_assumed_exists
988,deriveECUKey_AES_GCM_128,99830,30,16,2,success
989,SMK_Exchange_Flow,-,-,-,0,skipped_assumed_exists
989,deriveECUKey_AES_GCM_128,99930,30,16,2,success
990,SMK_Exchange_Flow,-,-,-,0,skipped_assumed_exists
990,deriveECUKey_AES_GCM_128,100030,30,16,2,success
991,SMK_Exchange_Flow,-,-,-,0,skipped_assumed_exists
991,deriveECUKey_AES_GCM_128,100130,30,16,2,success
992,SMK_Exchange_Flow,-,-,-,0,skipped_assumed_exists
992,deriveECUKey_AES_GCM_128,100230,30,16,2,success
993,SMK_Exchange_Flow,-,-,-,0,skipped_assumed_exists
993,deriveECUKey_AES_GCM_128,100330,30,16,2,success
994,SMK_Exchange_Flow,-,-,-,0,skipped_assumed_exists
994,deriveECUKey_AES_GCM_128,100430,30,16,2,success
995,SMK_Exchange_Flow,-,-,-,0,skipped_assumed_exists
995,deriveECUKey_AES_GCM_128,100530,30,16,2,success
996,SMK_Exchange_Flow,-,-,-,0,skipped_assumed_exists
996,deriveECUKey_AES_GCM_128,100630,30,16,2,success
997,SMK_Exchange_Flow,-,-,-,0,skipped_assumed_exists
997,deriveECUKey_AES_GCM_128,100730,30,16,2,success
998,SMK_Exchange_Flow,-,-,-,0,skipped_assumed_exists
998,deriveECUKey_AES_GCM_128,100830,30,16,2,success
999,SMK_Exchange_Flow,-,-,-,0,skipped_assumed_exists
999,deriveECUKey_AES_GCM_128,100930,30,16,2,success
