iteration,operation_type,ecu_id,sec_level,key_len_bytes,latency_ms,status
0,SMK_Exchange_Flow,-,-,-,0,skipped_assumed_exists
0,deriveECUKey_HMAC_SHA256,1011,11,32,2,success
1,SMK_Exchange_Flow,-,-,-,0,skipped_assumed_exists
1,deriveECUKey_HMAC_SHA256,1111,11,32,2,success
2,SMK_Exchange_Flow,-,-,-,0,skipped_assumed_exists
2,deriveECUKey_HMAC_SHA256,1211,11,32,2,success
3,SMK_Exchange_Flow,-,-,-,0,skipped_assumed_exists
3,deriveECUKey_HMAC_SHA256,1311,11,32,2,success
4,SMK_Exchange_Flow,-,-,-,0,skipped_assumed_exists
4,deriveECUKey_HMAC_SHA256,1411,11,32,2,success
5,SMK_Exchange_Flow,-,-,-,0,skipped_assumed_exists
5,deriveECUKey_HMAC_SHA256,1511,11,32,2,success
6,SMK_Exchange_Flow,-,-,-,0,skipped_assumed_exists
6,deriveECUKey_HMAC_SHA256,1611,11,32,2,success
7,SMK_Exchange_Flow,-,-,-,0,skipped_assumed_exists
7,deriveECUKey_HMAC_SHA256,1711,11,32,2,success
8,SMK_Exchange_Flow,-,-,-,0,skipped_assumed_exists
8,deriveECUKey_HMAC_SHA256,1811,11,32,2,success
9,SMK_Exchange_Flow,-,-,-,0,skipped_assumed_exists
9,deriveECUKey_HMAC_SHA256,1911,11,32,2,success
10,SMK_Exchange_Flow,-,-,-,0,skipped_assumed_exists
10,deriveECUKey_HMAC_SHA256,2011,11,32,2,success
11,SMK_Exchange_Flow,-,-,-,0,skipped_assumed_exists
11,deriveECUKey_HMAC_SHA256,2111,11,32,2,success
12,SMK_Exchange_Flow,-,-,-,0,skipped_assumed_exists
12,deriveECUKey_HMAC_SHA256,2211,11,32,2,success
13,SMK_Exchange_Flow,-,-,-,0,skipped_assumed_exists
13,deriveECUKey_HMAC_SHA256,2311,11,32,2,success
14,SMK_Exchange_Flow,-,-,-,0,skipped_assumed_exists
14,deriveECUKey_HMAC_SHA256,2411,11,32,2,success
15,SMK_Exchange_Flow,-,-,-,0,skipped_assumed_exists
15,deriveECUKey_HMAC_SHA256,2511,11,32,2,success
16,SMK_Exchange_Flow,-,-,-,0,skipped_assumed_exists
16,deriveECUKey_HMAC_SHA256,2611,11,32,2,success
17,SMK_Exchange_Flow,-,-,-,0,skipped_assumed_exists
17,deriveECUKey_HMAC_SHA256,2711,11,32,2,success
18,SMK_Exchange_Flow,-,-,-,0,skipped_assumed_exists
18,deriveECUKey_HMAC_SHA256,2811,11,32,2,success
19,SMK_Exchange_Flow,-,-,-,0,skipped_assumed_exists
19,deriveECUKey_HMAC_SHA256,2911,11,32,2,success
20,SMK_Exchange_Flow,-,-,-,0,skipped_assumed_exists
20,deriveECUKey_HMAC_SHA256,3011,11,32,2,success
21,SMK_Exchange_Flow,-,-,-,0,skipped_assumed_exists
21,deriveECUKey_HMAC_SHA256,3111,11,32,2,success
22,SMK_Exchange_Flow,-,-,-,0,skipped_assumed_exists
22,deriveECUKey_HMAC_SHA256,3211,11,32,2,success
23,SMK_Exchange_Flow,-,-,-,0,skipped_assumed_exists
23,deriveECUKey_HMAC_SHA256,3311,11,32,2,success
24,SMK_Exchange_Flow,-,-,-,0,skipped_assumed_exists
24,deriveECUKey_HMAC_SHA256,3411,11,32,2,success
25,SMK_Exchange_Flow,-,-,-,0,skipped_assumed_exists
25,deriveECUKey_HMAC_SHA256,3511,11,32,2,success
26,SMK_Exchange_Flow,-,-,-,0,skipped_assumed_exists
26,deriveECUKey_HMAC_SHA256,3611,11,32,2,success
27,SMK_Exchange_Flow,-,-,-,0,skipped_assumed_exists
27,deriveECUKey_HMAC_SHA256,3711,11,32,2,success
28,SMK_Exchange_Flow,-,-,-,0,skipped_assumed_exists
28,deriveECUKey_HMAC_SHA256,3811,11,32,2,success
29,SMK_Exchange_Flow,-,-,-,0,skipped_assumed_exists
29,deriveECUKey_HMAC_SHA256,3911,11,32,2,success
30,SMK_Exchange_Flow,-,-,-,0,skipped_assumed_exists
30,deriveECUKey_HMAC_SHA256,4011,11,32,2,success
31,SMK_Exchange_Flow,-,-,-,0,skipped_assumed_exists
31,deriveECUKey_HMAC_SHA256,4111,11,32,2,success
32,SMK_Exchange_Flow,-,-,-,0,skipped_assumed_exists
32,deriveECUKey_HMAC_SHA256,4211,11,32,2,success
33,SMK_Exchange_Flow,-,-,-,0,skipped_assumed_exists
33,deriveECUKey_HMAC_SHA256,4311,11,32,2,success
34,SMK_Exchange_Flow,-,-,-,0,skipped_assumed_exists
34,deriveECUKey_HMAC_SHA256,4411,11,32,2,success
35,SMK_Exchange_Flow,-,-,-,0,skipped_assumed_exists
35,deriveECUKey_HMAC_SHA256,4511,11,32,2,success
36,SMK_Exchange_Flow,-,-,-,0,skipped_assumed_exists
36,deriveECUKey_HMAC_SHA256,4611,11,32,2,success
37,SMK_Exchange_Flow,-,-,-,0,skipped_assumed_exists
37,deriveECUKey_HMAC_SHA256,4711,11,32,2,success
38,SMK_Exchange_Flow,-,-,-,0,skipped_assumed_exists
38,deriveECUKey_HMAC_SHA256,4811,11,32,2,success
39,SMK_Exchange_Flow,-,-,-,0,skipped_assumed_exists
39,deriveECUKey_HMAC_SHA256,4911,11,32,2,success
40,SMK_Exchange_Flow,-,-,-,0,skipped_assumed_exists
40,deriveECUKey_HMAC_SHA256,5011,11,32,2,success
41,SMK_Exchange_Flow,-,-,-,0,skipped_assumed_exists
41,deriveECUKey_HMAC_SHA256,5111,11,32,2,success
42,SMK_Exchange_Flow,-,-,-,0,skipped_assumed_exists
42,deriveECUKey_HMAC_SHA256,5211,11,32,2,success
43,SMK_Exchange_Flow,-,-,-,0,skipped_assumed_exists
43,deriveECUKey_HMAC_SHA256,5311,11,32,2,success
44,SMK_Exchange_Flow,-,-,-,0,skipped_assumed_exists
44,deriveECUKey_HMAC_SHA256,5411,11,32,2,success
45,SMK_Exchange_Flow,-,-,-,0,skipped_assumed_exists
45,deriveECUKey_HMAC_SHA256,5511,11,32,2,success
46,SMK_Exchange_Flow,-,-,-,0,skipped_assumed_exists
46,deriveECUKey_HMAC_SHA256,5611,11,32,2,success
47,SMK_Exchange_Flow,-,-,-,0,skipped_assumed_exists
47,deriveECUKey_HMAC_SHA256,5711,11,32,2,success
48,SMK_Exchange_Flow,-,-,-,0,skipped_assumed_exists
48,deriveECUKey_HMAC_SHA256,5811,11,32,2,success
49,SMK_Exchange_Flow,-,-,-,0,skipped_assumed_exists
49,deriveECUKey_HMAC_SHA256,5911,11,32,2,success
50,SMK_Exchange_Flow,-,-,-,0,skipped_assumed_exists
50,deriveECUKey_HMAC_SHA256,6011,11,32,2,success
51,SMK_Exchange_Flow,-,-,-,0,skipped_assumed_exists
51,deriveECUKey_HMAC_SHA256,6111,11,32,2,success
52,SMK_Exchange_Flow,-,-,-,0,skipped_assumed_exists
52,deriveECUKey_HMAC_SHA256,6211,11,32,2,success
53,SMK_Exchange_Flow,-,-,-,0,skipped_assumed_exists
53,deriveECUKey_HMAC_SHA256,6311,11,32,2,success
54,SMK_Exchange_Flow,-,-,-,0,skipped_assumed_exists
54,deriveECUKey_HMAC_SHA256,6411,11,32,2,success
55,SMK_Exchange_Flow,-,-,-,0,skipped_assumed_exists
55,deriveECUKey_HMAC_SHA256,6511,11,32,2,success
56,SMK_Exchange_Flow,-,-,-,0,skipped_assumed_exists
56,deriveECUKey_HMAC_SHA256,6611,11,32,2,success
57,SMK_Exchange_Flow,-,-,-,0,skipped_assumed_exists
57,deriveECUKey_HMAC_SHA256,6711,11,32,2,success
58,SMK_Exchange_Flow,-,-,-,0,skipped_assumed_exists
58,deriveECUKey_HMAC_SHA256,6811,11,32,2,success
59,SMK_Exchange_Flow,-,-,-,0,skipped_assumed_exists
59,deriveECUKey_HMAC_SHA256,6911,11,32,2,success
60,SMK_Exchange_Flow,-,-,-,0,skipped_assumed_exists
60,deriveECUKey_HMAC_SHA256,7011,11,32,2,success
61,SMK_Exchange_Flow,-,-,-,0,skipped_assumed_exists
61,deriveECUKey_HMAC_SHA256,7111,11,32,2,success
62,SMK_Exchange_Flow,-,-,-,0,skipped_assumed_exists
62,deriveECUKey_HMAC_SHA256,7211,11,32,2,success
63,SMK_Exchange_Flow,-,-,-,0,skipped_assumed_exists
63,deriveECUKey_HMAC_SHA256,7311,11,32,2,success
64,SMK_Exchange_Flow,-,-,-,0,skipped_assumed_exists
64,deriveECUKey_HMAC_SHA256,7411,11,32,2,success
65,SMK_Exchange_Flow,-,-,-,0,skipped_assumed_exists
65,deriveECUKey_HMAC_SHA256,7511,11,32,2,success
66,SMK_Exchange_Flow,-,-,-,0,skipped_assumed_exists
66,deriveECUKey_HMAC_SHA256,7611,11,32,2,success
67,SMK_Exchange_Flow,-,-,-,0,skipped_assumed_exists
67,deriveECUKey_HMAC_SHA256,7711,11,32,2,success
68,SMK_Exchange_Flow,-,-,-,0,skipped_assumed_exists
68,deriveECUKey_HMAC_SHA256,7811,11,32,2,success
69,SMK_Exchange_Flow,-,-,-,0,skipped_assumed_exists
69,deriveECUKey_HMAC_SHA256,7911,11,32,2,success
70,SMK_Exchange_Flow,-,-,-,0,skipped_assumed_exists
70,deriveECUKey_HMAC_SHA256,8011,11,32,2,success
71,SMK_Exchange_Flow,-,-,-,0,skipped_assumed_exists
71,deriveECUKey_HMAC_SHA256,8111,11,32,2,success
72,SMK_Exchange_Flow,-,-,-,0,skipped_assumed_exists
72,deriveECUKey_HMAC_SHA256,8211,11,32,2,success
73,SMK_Exchange_Flow,-,-,-,0,skipped_assumed_exists
73,deriveECUKey_HMAC_SHA256,8311,11,32,2,success
74,SMK_Exchange_Flow,-,-,-,0,skipped_assumed_exists
74,deriveECUKey_HMAC_SHA256,8411,11,32,2,success
75,SMK_Exchange_Flow,-,-,-,0,skipped_assumed_exists
75,deriveECUKey_HMAC_SHA256,8511,11,32,2,success
76,SMK_Exchange_Flow,-,-,-,0,skipped_assumed_exists
76,deriveECUKey_HMAC_SHA256,8611,11,32,2,success
77,SMK_Exchange_Flow,-,-,-,0,skipped_assumed_exists
77,deriveECUKey_HMAC_SHA256,8711,11,32,2,success
78,SMK_Exchange_Flow,-,-,-,0,skipped_assumed_exists
78,deriveECUKey_HMAC_SHA256,8811,11,32,2,success
79,SMK_Exchange_Flow,-,-,-,0,skipped_assumed_exists
79,deriveECUKey_HMAC_SHA256,8911,11,32,2,success
80,SMK_Exchange_Flow,-,-,-,0,skipped_assumed_exists
80,deriveECUKey_HMAC_SHA256,9011,11,32,2,success
81,SMK_Exchange_Flow,-,-,-,0,skipped_assumed_exists
81,deriveECUKey_HMAC_SHA256,9111,11,32,2,success
82,SMK_Exchange_Flow,-,-,-,0,skipped_assumed_exists
82,deriveECUKey_HMAC_SHA256,9211,11,32,2,success
83,SMK_Exchange_Flow,-,-,-,0,skipped_assumed_exists
83,deriveECUKey_HMAC_SHA256,9311,11,32,2,success
84,SMK_Exchange_Flow,-,-,-,0,skipped_assumed_exists
84,deriveECUKey_HMAC_SHA256,9411,11,32,2,success
85,SMK_Exchange_Flow,-,-,-,0,skipped_assumed_exists
85,deriveECUKey_HMAC_SHA256,9511,11,32,2,success
86,SMK_Exchange_Flow,-,-,-,0,skipped_assumed_exists
86,deriveECUKey_HMAC_SHA256,9611,11,32,2,success
87,SMK_Exchange_Flow,-,-,-,0,skipped_assumed_exists
87,deriveECUKey_HMAC_SHA256,9711,11,32,2,success
88,SMK_Exchange_Flow,-,-,-,0,skipped_assumed_exists
88,deriveECUKey_HMAC_SHA256,9811,11,32,2,success
89,SMK_Exchange_Flow,-,-,-,0,skipped_assumed_exists
89,deriveECUKey_HMAC_SHA256,9911,11,32,2,success
90,SMK_Exchange_Flow,-,-,-,0,skipped_assumed_exists
90,deriveECUKey_HMAC_SHA256,10011,11,32,2,success
91,SMK_Exchange_Flow,-,-,-,0,skipped_assumed_exists
91,deriveECUKey_HMAC_SHA256,10111,11,32,2,success
92,SMK_Exchange_Flow,-,-,-,0,skipped_assumed_exists
92,deriveECUKey_HMAC_SHA256,10211,11,32,2,success
93,SMK_Exchange_Flow,-,-,-,0,skipped_assumed_exists
93,deriveECUKey_HMAC_SHA256,10311,11,32,2,success
94,SMK_Exchange_Flow,-,-,-,0,skipped_assumed_exists
94,deriveECUKey_HMAC_SHA256,10411,11,32,2,success
95,SMK_Exchange_Flow,-,-,-,0,skipped_assumed_exists
95,deriveECUKey_HMAC_SHA256,10511,11,32,2,success
96,SMK_Exchange_Flow,-,-,-,0,skipped_assumed_exists
96,deriveECUKey_HMAC_SHA256,10611,11,32,2,success
97,SMK_Exchange_Flow,-,-,-,0,skipped_assumed_exists
97,deriveECUKey_HMAC_SHA256,10711,11,32,2,success
98,SMK_Exchange_Flow,-,-,-,0,skipped_assumed_exists
98,deriveECUKey_HMAC_SHA256,10811,11,32,2,success
99,SMK_Exchange_Flow,-,-,-,0,skipped_assumed_exists
99,deriveECUKey_HMAC_SHA256,10911,11,32,2,success
100,SMK_Exchange_Flow,-,-,-,0,skipped_assumed_exists
100,deriveECUKey_HMAC_SHA256,11011,11,32,2,success
101,SMK_Exchange_Flow,-,-,-,0,skipped_assumed_exists
101,deriveECUKey_HMAC_SHA256,11111,11,32,2,success
102,SMK_Exchange_Flow,-,-,-,0,skipped_assumed_exists
102,deriveECUKey_HMAC_SHA256,11211,11,32,2,success
103,SMK_Exchange_Flow,-,-,-,0,skipped_assumed_exists
103,deriveECUKey_HMAC_SHA256,11311,11,32,2,success
104,SMK_Exchange_Flow,-,-,-,0,skipped_assumed_exists
104,deriveECUKey_HMAC_SHA256,11411,11,32,2,success
105,SMK_Exchange_Flow,-,-,-,0,skipped_assumed_exists
105,deriveECUKey_HMAC_SHA256,11511,11,32,2,success
106,SMK_Exchange_Flow,-,-,-,0,skipped_assumed_exists
106,deriveECUKey_HMAC_SHA256,11611,11,32,2,success
107,SMK_Exchange_Flow,-,-,-,0,skipped_assumed_exists
107,deriveECUKey_HMAC_SHA256,11711,11,32,2,success
108,SMK_Exchange_Flow,-,-,-,0,skipped_assumed_exists
108,deriveECUKey_HMAC_SHA256,11811,11,32,2,success
109,SMK_Exchange_Flow,-,-,-,0,skipped_assumed_exists
109,deriveECUKey_HMAC_SHA256,11911,11,32,2,success
110,SMK_Exchange_Flow,-,-,-,0,skipped_assumed_exists
110,deriveECUKey_HMAC_SHA256,12011,11,32,2,success
111,SMK_Exchange_Flow,-,-,-,0,skipped_assumed_exists
111,deriveECUKey_HMAC_SHA256,12111,11,32,2,success
112,SMK_Exchange_Flow,-,-,-,0,skipped_assumed_exists
112,deriveECUKey_HMAC_SHA256,12211,11,32,2,success
113,SMK_Exchange_Flow,-,-,-,0,skipped_assumed_exists
113,deriveECUKey_HMAC_SHA256,12311,11,32,2,success
114,SMK_Exchange_Flow,-,-,-,0,skipped_assumed_exists
114,deriveECUKey_HMAC_SHA256,12411,11,32,2,success
115,SMK_Exchange_Flow,-,-,-,0,skipped_assumed_exists
115,deriveECUKey_HMAC_SHA256,12511,11,32,2,success
116,SMK_Exchange_Flow,-,-,-,0,skipped_assumed_exists
116,deriveECUKey_HMAC_SHA256,12611,11,32,2,success
117,SMK_Exchange_Flow,-,-,-,0,skipped_assumed_exists
117,deriveECUKey_HMAC_SHA256,12711,11,32,2,success
118,SMK_Exchange_Flow,-,-,-,0,skipped_assumed_exists
118,deriveECUKey_HMAC_SHA256,12811,11,32,2,success
119,SMK_Exchange_Flow,-,-,-,0,skipped_assumed_exists
119,deriveECUKey_HMAC_SHA256,12911,11,32,2,success
120,SMK_Exchange_Flow,-,-,-,0,skipped_assumed_exists
120,deriveECUKey_HMAC_SHA256,13011,11,32,2,success
121,SMK_Exchange_Flow,-,-,-,0,skipped_assumed_exists
121,deriveECUKey_HMAC_SHA256,13111,11,32,2,success
122,SMK_Exchange_Flow,-,-,-,0,skipped_assumed_exists
122,deriveECUKey_HMAC_SHA256,13211,11,32,2,success
123,SMK_Exchange_Flow,-,-,-,0,skipped_assumed_exists
123,deriveECUKey_HMAC_SHA256,13311,11,32,2,success
124,SMK_Exchange_Flow,-,-,-,0,skipped_assumed_exists
124,deriveECUKey_HMAC_SHA256,13411,11,32,2,success
125,SMK_Exchange_Flow,-,-,-,0,skipped_assumed_exists
125,deriveECUKey_HMAC_SHA256,13511,11,32,2,success
126,SMK_Exchange_Flow,-,-,-,0,skipped_assumed_exists
126,deriveECUKey_HMAC_SHA256,13611,11,32,2,success
127,SMK_Exchange_Flow,-,-,-,0,skipped_assumed_exists
127,deriveECUKey_HMAC_SHA256,13711,11,32,2,success
128,SMK_Exchange_Flow,-,-,-,0,skipped_assumed_exists
128,deriveECUKey_HMAC_SHA256,13811,11,32,2,success
129,SMK_Exchange_Flow,-,-,-,0,skipped_assumed_exists
129,deriveECUKey_HMAC_SHA256,13911,11,32,2,success
130,SMK_Exchange_Flow,-,-,-,0,skipped_assumed_exists
130,deriveECUKey_HMAC_SHA256,14011,11,32,2,success
131,SMK_Exchange_Flow,-,-,-,0,skipped_assumed_exists
131,deriveECUKey_HMAC_SHA256,14111,11,32,2,success
132,SMK_Exchange_Flow,-,-,-,0,skipped_assumed_exists
132,deriveECUKey_HMAC_SHA256,14211,11,32,2,success
133,SMK_Exchange_Flow,-,-,-,0,skipped_assumed_exists
133,deriveECUKey_HMAC_SHA256,14311,11,32,2,success
134,SMK_Exchange_Flow,-,-,-,0,skipped_assumed_exists
134,deriveECUKey_HMAC_SHA256,14411,11,32,2,success
135,SMK_Exchange_Flow,-,-,-,0,skipped_assumed_exists
135,deriveECUKey_HMAC_SHA256,14511,11,32,2,success
136,SMK_Exchange_Flow,-,-,-,0,skipped_assumed_exists
136,deriveECUKey_HMAC_SHA256,14611,11,32,2,success
137,SMK_Exchange_Flow,-,-,-,0,skipped_assumed_exists
137,deriveECUKey_HMAC_SHA256,14711,11,32,2,success
138,SMK_Exchange_Flow,-,-,-,0,skipped_assumed_exists
138,deriveECUKey_HMAC_SHA256,14811,11,32,2,success
139,SMK_Exchange_Flow,-,-,-,0,skipped_assumed_exists
139,deriveECUKey_HMAC_SHA256,14911,11,32,2,success
140,SMK_Exchange_Flow,-,-,-,0,skipped_assumed_exists
140,deriveECUKey_HMAC_SHA256,15011,11,32,2,success
141,SMK_Exchange_Flow,-,-,-,0,skipped_assumed_exists
141,deriveECUKey_HMAC_SHA256,15111,11,32,2,success
142,SMK_Exchange_Flow,-,-,-,0,skipped_assumed_exists
142,deriveECUKey_HMAC_SHA256,15211,11,32,2,success
143,SMK_Exchange_Flow,-,-,-,0,skipped_assumed_exists
143,deriveECUKey_HMAC_SHA256,15311,11,32,2,success
144,SMK_Exchange_Flow,-,-,-,0,skipped_assumed_exists
144,deriveECUKey_HMAC_SHA256,15411,11,32,2,success
145,SMK_Exchange_Flow,-,-,-,0,skipped_assumed_exists
145,deriveECUKey_HMAC_SHA256,15511,11,32,2,success
146,SMK_Exchange_Flow,-,-,-,0,skipped_assumed_exists
146,deriveECUKey_HMAC_SHA256,15611,11,32,2,success
147,SMK_Exchange_Flow,-,-,-,0,skipped_assumed_exists
147,deriveECUKey_HMAC_SHA256,15711,11,32,2,success
148,SMK_Exchange_Flow,-,-,-,0,skipped_assumed_exists
148,deriveECUKey_HMAC_SHA256,15811,11,32,2,success
149,SMK_Exchange_Flow,-,-,-,0,skipped_assumed_exists
149,deriveECUKey_HMAC_SHA256,15911,11,32,2,success
150,SMK_Exchange_Flow,-,-,-,0,skipped_assumed_exists
150,deriveECUKey_HMAC_SHA256,16011,11,32,2,success
151,SMK_Exchange_Flow,-,-,-,0,skipped_assumed_exists
151,deriveECUKey_HMAC_SHA256,16111,11,32,2,success
152,SMK_Exchange_Flow,-,-,-,0,skipped_assumed_exists
152,deriveECUKey_HMAC_SHA256,16211,11,32,2,success
153,SMK_Exchange_Flow,-,-,-,0,skipped_assumed_exists
153,deriveECUKey_HMAC_SHA256,16311,11,32,2,success
154,SMK_Exchange_Flow,-,-,-,0,skipped_assumed_exists
154,deriveECUKey_HMAC_SHA256,16411,11,32,2,success
155,SMK_Exchange_Flow,-,-,-,0,skipped_assumed_exists
155,deriveECUKey_HMAC_SHA256,16511,11,32,2,success
156,SMK_Exchange_Flow,-,-,-,0,skipped_assumed_exists
156,deriveECUKey_HMAC_SHA256,16611,11,32,2,success
157,SMK_Exchange_Flow,-,-,-,0,skipped_assumed_exists
157,deriveECUKey_HMAC_SHA256,16711,11,32,2,success
158,SMK_Exchange_Flow,-,-,-,0,skipped_assumed_exists
158,deriveECUKey_HMAC_SHA256,16811,11,32,2,success
159,SMK_Exchange_Flow,-,-,-,0,skipped_assumed_exists
159,deriveECUKey_HMAC_SHA256,16911,11,32,2,success
160,SMK_Exchange_Flow,-,-,-,0,skipped_assumed_exists
160,deriveECUKey_HMAC_SHA256,17011,11,32,2,success
161,SMK_Exchange_Flow,-,-,-,0,skipped_assumed_exists
161,deriveECUKey_HMAC_SHA256,17111,11,32,2,success
162,SMK_Exchange_Flow,-,-,-,0,skipped_assumed_exists
162,deriveECUKey_HMAC_SHA256,17211,11,32,2,success
163,SMK_Exchange_Flow,-,-,-,0,skipped_assumed_exists
163,deriveECUKey_HMAC_SHA256,17311,11,32,2,success
164,SMK_Exchange_Flow,-,-,-,0,skipped_assumed_exists
164,deriveECUKey_HMAC_SHA256,17411,11,32,2,success
165,SMK_Exchange_Flow,-,-,-,0,skipped_assumed_exists
165,deriveECUKey_HMAC_SHA256,17511,11,32,2,success
166,SMK_Exchange_Flow,-,-,-,0,skipped_assumed_exists
166,deriveECUKey_HMAC_SHA256,17611,11,32,2,success
167,SMK_Exchange_Flow,-,-,-,0,skipped_assumed_exists
167,deriveECUKey_HMAC_SHA256,17711,11,32,2,success
168,SMK_Exchange_Flow,-,-,-,0,skipped_assumed_exists
168,deriveECUKey_HMAC_SHA256,17811,11,32,2,success
169,SMK_Exchange_Flow,-,-,-,0,skipped_assumed_exists
169,deriveECUKey_HMAC_SHA256,17911,11,32,2,success
170,SMK_Exchange_Flow,-,-,-,0,skipped_assumed_exists
170,deriveECUKey_HMAC_SHA256,18011,11,32,2,success
171,SMK_Exchange_Flow,-,-,-,0,skipped_assumed_exists
171,deriveECUKey_HMAC_SHA256,18111,11,32,2,success
172,SMK_Exchange_Flow,-,-,-,0,skipped_assumed_exists
172,deriveECUKey_HMAC_SHA256,18211,11,32,2,success
173,SMK_Exchange_Flow,-,-,-,0,skipped_assumed_exists
173,deriveECUKey_HMAC_SHA256,18311,11,32,2,success
174,SMK_Exchange_Flow,-,-,-,0,skipped_assumed_exists
174,deriveECUKey_HMAC_SHA256,18411,11,32,2,success
175,SMK_Exchange_Flow,-,-,-,0,skipped_assumed_exists
175,deriveECUKey_HMAC_SHA256,18511,11,32,2,success
176,SMK_Exchange_Flow,-,-,-,0,skipped_assumed_exists
176,deriveECUKey_HMAC_SHA256,18611,11,32,2,success
177,SMK_Exchange_Flow,-,-,-,0,skipped_assumed_exists
177,deriveECUKey_HMAC_SHA256,18711,11,32,2,success
178,SMK_Exchange_Flow,-,-,-,0,skipped_assumed_exists
178,deriveECUKey_HMAC_SHA256,18811,11,32,2,success
179,SMK_Exchange_Flow,-,-,-,0,skipped_assumed_exists
179,deriveECUKey_HMAC_SHA256,18911,11,32,2,success
180,SMK_Exchange_Flow,-,-,-,0,skipped_assumed_exists
180,deriveECUKey_HMAC_SHA256,19011,11,32,2,success
181,SMK_Exchange_Flow,-,-,-,0,skipped_assumed_exists
181,deriveECUKey_HMAC_SHA256,19111,11,32,2,success
182,SMK_Exchange_Flow,-,-,-,0,skipped_assumed_exists
182,deriveECUKey_HMAC_SHA256,19211,11,32,2,success
183,SMK_Exchange_Flow,-,-,-,0,skipped_assumed_exists
183,deriveECUKey_HMAC_SHA256,19311,11,32,2,success
184,SMK_Exchange_Flow,-,-,-,0,skipped_assumed_exists
184,deriveECUKey_HMAC_SHA256,19411,11,32,2,success
185,SMK_Exchange_Flow,-,-,-,0,skipped_assumed_exists
185,deriveECUKey_HMAC_SHA256,19511,11,32,2,success
186,SMK_Exchange_Flow,-,-,-,0,skipped_assumed_exists
186,deriveECUKey_HMAC_SHA256,19611,11,32,2,success
187,SMK_Exchange_Flow,-,-,-,0,skipped_assumed_exists
187,deriveECUKey_HMAC_SHA256,19711,11,32,2,success
188,SMK_Exchange_Flow,-,-,-,0,skipped_assumed_exists
188,deriveECUKey_HMAC_SHA256,19811,11,32,2,success
189,SMK_Exchange_Flow,-,-,-,0,skipped_assumed_exists
189,deriveECUKey_HMAC_SHA256,19911,11,32,2,success
190,SMK_Exchange_Flow,-,-,-,0,skipped_assumed_exists
190,deriveECUKey_HMAC_SHA256,20011,11,32,2,success
191,SMK_Exchange_Flow,-,-,-,0,skipped_assumed_exists
191,deriveECUKey_HMAC_SHA256,20111,11,32,2,success
192,SMK_Exchange_Flow,-,-,-,0,skipped_assumed_exists
192,deriveECUKey_HMAC_SHA256,20211,11,32,2,success
193,SMK_Exchange_Flow,-,-,-,0,skipped_assumed_exists
193,deriveECUKey_HMAC_SHA256,20311,11,32,2,success
194,SMK_Exchange_Flow,-,-,-,0,skipped_assumed_exists
194,deriveECUKey_HMAC_SHA256,20411,11,32,2,success
195,SMK_Exchange_Flow,-,-,-,0,skipped_assumed_exists
195,deriveECUKey_HMAC_SHA256,20511,11,32,2,success
196,SMK_Exchange_Flow,-,-,-,0,skipped_assumed_exists
196,deriveECUKey_HMAC_SHA256,20611,11,32,2,success
197,SMK_Exchange_Flow,-,-,-,0,skipped_assumed_exists
197,deriveECUKey_HMAC_SHA256,20711,11,32,2,success
198,SMK_Exchange_Flow,-,-,-,0,skipped_assumed_exists
198,deriveECUKey_HMAC_SHA256,20811,11,32,2,success
199,SMK_Exchange_Flow,-,-,-,0,skipped_assumed_exists
199,deriveECUKey_HMAC_SHA256,20911,11,32,2,success
200,SMK_Exchange_Flow,-,-,-,0,skipped_assumed_exists
200,deriveECUKey_HMAC_SHA256,21011,11,32,2,success
201,SMK_Exchange_Flow,-,-,-,0,skipped_assumed_exists
201,deriveECUKey_HMAC_SHA256,21111,11,32,2,success
202,SMK_Exchange_Flow,-,-,-,0,skipped_assumed_exists
202,deriveECUKey_HMAC_SHA256,21211,11,32,2,success
203,SMK_Exchange_Flow,-,-,-,0,skipped_assumed_exists
203,deriveECUKey_HMAC_SHA256,21311,11,32,2,success
204,SMK_Exchange_Flow,-,-,-,0,skipped_assumed_exists
204,deriveECUKey_HMAC_SHA256,21411,11,32,2,success
205,SMK_Exchange_Flow,-,-,-,0,skipped_assumed_exists
205,deriveECUKey_HMAC_SHA256,21511,11,32,2,success
206,SMK_Exchange_Flow,-,-,-,0,skipped_assumed_exists
206,deriveECUKey_HMAC_SHA256,21611,11,32,2,success
207,SMK_Exchange_Flow,-,-,-,0,skipped_assumed_exists
207,deriveECUKey_HMAC_SHA256,21711,11,32,2,success
208,SMK_Exchange_Flow,-,-,-,0,skipped_assumed_exists
208,deriveECUKey_HMAC_SHA256,21811,11,32,2,success
209,SMK_Exchange_Flow,-,-,-,0,skipped_assumed_exists
209,deriveECUKey_HMAC_SHA256,21911,11,32,2,success
210,SMK_Exchange_Flow,-,-,-,0,skipped_assumed_exists
210,deriveECUKey_HMAC_SHA256,22011,11,32,2,success
211,SMK_Exchange_Flow,-,-,-,0,skipped_assumed_exists
211,deriveECUKey_HMAC_SHA256,22111,11,32,2,success
212,SMK_Exchange_Flow,-,-,-,0,skipped_assumed_exists
212,deriveECUKey_HMAC_SHA256,22211,11,32,2,success
213,SMK_Exchange_Flow,-,-,-,0,skipped_assumed_exists
213,deriveECUKey_HMAC_SHA256,22311,11,32,2,success
214,SMK_Exchange_Flow,-,-,-,0,skipped_assumed_exists
214,deriveECUKey_HMAC_SHA256,22411,11,32,2,success
215,SMK_Exchange_Flow,-,-,-,0,skipped_assumed_exists
215,deriveECUKey_HMAC_SHA256,22511,11,32,2,success
216,SMK_Exchange_Flow,-,-,-,0,skipped_assumed_exists
216,deriveECUKey_HMAC_SHA256,22611,11,32,2,success
217,SMK_Exchange_Flow,-,-,-,0,skipped_assumed_exists
217,deriveECUKey_HMAC_SHA256,22711,11,32,2,success
218,SMK_Exchange_Flow,-,-,-,0,skipped_assumed_exists
218,deriveECUKey_HMAC_SHA256,22811,11,32,2,success
219,SMK_Exchange_Flow,-,-,-,0,skipped_assumed_exists
219,deriveECUKey_HMAC_SHA256,22911,11,32,2,success
220,SMK_Exchange_Flow,-,-,-,0,skipped_assumed_exists
220,deriveECUKey_HMAC_SHA256,23011,11,32,2,success
221,SMK_Exchange_Flow,-,-,-,0,skipped_assumed_exists
221,deriveECUKey_HMAC_SHA256,23111,11,32,2,success
222,SMK_Exchange_Flow,-,-,-,0,skipped_assumed_exists
222,deriveECUKey_HMAC_SHA256,23211,11,32,2,success
223,SMK_Exchange_Flow,-,-,-,0,skipped_assumed_exists
223,deriveECUKey_HMAC_SHA256,23311,11,32,2,success
224,SMK_Exchange_Flow,-,-,-,0,skipped_assumed_exists
224,deriveECUKey_HMAC_SHA256,23411,11,32,2,success
225,SMK_Exchange_Flow,-,-,-,0,skipped_assumed_exists
225,deriveECUKey_HMAC_SHA256,23511,11,32,2,success
226,SMK_Exchange_Flow,-,-,-,0,skipped_assumed_exists
226,deriveECUKey_HMAC_SHA256,23611,11,32,2,success
227,SMK_Exchange_Flow,-,-,-,0,skipped_assumed_exists
227,deriveECUKey_HMAC_SHA256,23711,11,32,2,success
228,SMK_Exchange_Flow,-,-,-,0,skipped_assumed_exists
228,deriveECUKey_HMAC_SHA256,23811,11,32,2,success
229,SMK_Exchange_Flow,-,-,-,0,skipped_assumed_exists
229,deriveECUKey_HMAC_SHA256,23911,11,32,2,success
230,SMK_Exchange_Flow,-,-,-,0,skipped_assumed_exists
230,deriveECUKey_HMAC_SHA256,24011,11,32,2,success
231,SMK_Exchange_Flow,-,-,-,0,skipped_assumed_exists
231,deriveECUKey_HMAC_SHA256,24111,11,32,2,success
232,SMK_Exchange_Flow,-,-,-,0,skipped_assumed_exists
232,deriveECUKey_HMAC_SHA256,24211,11,32,2,success
233,SMK_Exchange_Flow,-,-,-,0,skipped_assumed_exists
233,deriveECUKey_HMAC_SHA256,24311,11,32,2,success
234,SMK_Exchange_Flow,-,-,-,0,skipped_assumed_exists
234,deriveECUKey_HMAC_SHA256,24411,11,32,2,success
235,SMK_Exchange_Flow,-,-,-,0,skipped_assumed_exists
235,deriveECUKey_HMAC_SHA256,24511,11,32,2,success
236,SMK_Exchange_Flow,-,-,-,0,skipped_assumed_exists
236,deriveECUKey_HMAC_SHA256,24611,11,32,2,success
237,SMK_Exchange_Flow,-,-,-,0,skipped_assumed_exists
237,deriveECUKey_HMAC_SHA256,24711,11,32,2,success
238,SMK_Exchange_Flow,-,-,-,0,skipped_assumed_exists
238,deriveECUKey_HMAC_SHA256,24811,11,32,2,success
239,SMK_Exchange_Flow,-,-,-,0,skipped_assumed_exists
239,deriveECUKey_HMAC_SHA256,24911,11,32,2,success
240,SMK_Exchange_Flow,-,-,-,0,skipped_assumed_exists
240,deriveECUKey_HMAC_SHA256,25011,11,32,2,success
241,SMK_Exchange_Flow,-,-,-,0,skipped_assumed_exists
241,deriveECUKey_HMAC_SHA256,25111,11,32,2,success
242,SMK_Exchange_Flow,-,-,-,0,skipped_assumed_exists
242,deriveECUKey_HMAC_SHA256,25211,11,32,2,success
243,SMK_Exchange_Flow,-,-,-,0,skipped_assumed_exists
243,deriveECUKey_HMAC_SHA256,25311,11,32,2,success
244,SMK_Exchange_Flow,-,-,-,0,skipped_assumed_exists
244,deriveECUKey_HMAC_SHA256,25411,11,32,2,success
245,SMK_Exchange_Flow,-,-,-,0,skipped_assumed_exists
245,deriveECUKey_HMAC_SHA256,25511,11,32,2,success
246,SMK_Exchange_Flow,-,-,-,0,skipped_assumed_exists
246,deriveECUKey_HMAC_SHA256,25611,11,32,2,success
247,SMK_Exchange_Flow,-,-,-,0,skipped_assumed_exists
247,deriveECUKey_HMAC_SHA256,25711,11,32,2,success
248,SMK_Exchange_Flow,-,-,-,0,skipped_assumed_exists
248,deriveECUKey_HMAC_SHA256,25811,11,32,2,success
249,SMK_Exchange_Flow,-,-,-,0,skipped_assumed_exists
249,deriveECUKey_HMAC_SHA256,25911,11,32,2,success
250,SMK_Exchange_Flow,-,-,-,0,skipped_assumed_exists
250,deriveECUKey_HMAC_SHA256,26011,11,32,2,success
251,SMK_Exchange_Flow,-,-,-,0,skipped_assumed_exists
251,deriveECUKey_HMAC_SHA256,26111,11,32,2,success
252,SMK_Exchange_Flow,-,-,-,0,skipped_assumed_exists
252,deriveECUKey_HMAC_SHA256,26211,11,32,2,success
253,SMK_Exchange_Flow,-,-,-,0,skipped_assumed_exists
253,deriveECUKey_HMAC_SHA256,26311,11,32,2,success
254,SMK_Exchange_Flow,-,-,-,0,skipped_assumed_exists
254,deriveECUKey_HMAC_SHA256,26411,11,32,2,success
255,SMK_Exchange_Flow,-,-,-,0,skipped_assumed_exists
255,deriveECUKey_HMAC_SHA256,26511,11,32,2,success
256,SMK_Exchange_Flow,-,-,-,0,skipped_assumed_exists
256,deriveECUKey_HMAC_SHA256,26611,11,32,2,success
257,SMK_Exchange_Flow,-,-,-,0,skipped_assumed_exists
257,deriveECUKey_HMAC_SHA256,26711,11,32,2,success
258,SMK_Exchange_Flow,-,-,-,0,skipped_assumed_exists
258,deriveECUKey_HMAC_SHA256,26811,11,32,2,success
259,SMK_Exchange_Flow,-,-,-,0,skipped_assumed_exists
259,deriveECUKey_HMAC_SHA256,26911,11,32,2,success
260,SMK_Exchange_Flow,-,-,-,0,skipped_assumed_exists
260,deriveECUKey_HMAC_SHA256,27011,11,32,2,success
261,SMK_Exchange_Flow,-,-,-,0,skipped_assumed_exists
261,deriveECUKey_HMAC_SHA256,27111,11,32,2,success
262,SMK_Exchange_Flow,-,-,-,0,skipped_assumed_exists
262,deriveECUKey_HMAC_SHA256,27211,11,32,2,success
263,SMK_Exchange_Flow,-,-,-,0,skipped_assumed_exists
263,deriveECUKey_HMAC_SHA256,27311,11,32,2,success
264,SMK_Exchange_Flow,-,-,-,0,skipped_assumed_exists
264,deriveECUKey_HMAC_SHA256,27411,11,32,2,success
265,SMK_Exchange_Flow,-,-,-,0,skipped_assumed_exists
265,deriveECUKey_HMAC_SHA256,27511,11,32,2,success
266,SMK_Exchange_Flow,-,-,-,0,skipped_assumed_exists
266,deriveECUKey_HMAC_SHA256,27611,11,32,2,success
267,SMK_Exchange_Flow,-,-,-,0,skipped_assumed_exists
267,deriveECUKey_HMAC_SHA256,27711,11,32,2,success
268,SMK_Exchange_Flow,-,-,-,0,skipped_assumed_exists
268,deriveECUKey_HMAC_SHA256,27811,11,32,2,success
269,SMK_Exchange_Flow,-,-,-,0,skipped_assumed_exists
269,deriveECUKey_HMAC_SHA256,27911,11,32,2,success
270,SMK_Exchange_Flow,-,-,-,0,skipped_assumed_exists
270,deriveECUKey_HMAC_SHA256,28011,11,32,2,success
271,SMK_Exchange_Flow,-,-,-,0,skipped_assumed_exists
271,deriveECUKey_HMAC_SHA256,28111,11,32,2,success
272,SMK_Exchange_Flow,-,-,-,0,skipped_assumed_exists
272,deriveECUKey_HMAC_SHA256,28211,11,32,2,success
273,SMK_Exchange_Flow,-,-,-,0,skipped_assumed_exists
273,deriveECUKey_HMAC_SHA256,28311,11,32,2,success
274,SMK_Exchange_Flow,-,-,-,0,skipped_assumed_exists
274,deriveECUKey_HMAC_SHA256,28411,11,32,2,success
275,SMK_Exchange_Flow,-,-,-,0,skipped_assumed_exists
275,deriveECUKey_HMAC_SHA256,28511,11,32,2,success
276,SMK_Exchange_Flow,-,-,-,0,skipped_assumed_exists
276,deriveECUKey_HMAC_SHA256,28611,11,32,2,success
277,SMK_Exchange_Flow,-,-,-,0,skipped_assumed_exists
277,deriveECUKey_HMAC_SHA256,28711,11,32,2,success
278,SMK_Exchange_Flow,-,-,-,0,skipped_assumed_exists
278,deriveECUKey_HMAC_SHA256,28811,11,32,2,success
279,SMK_Exchange_Flow,-,-,-,0,skipped_assumed_exists
279,deriveECUKey_HMAC_SHA256,28911,11,32,2,success
280,SMK_Exchange_Flow,-,-,-,0,skipped_assumed_exists
280,deriveECUKey_HMAC_SHA256,29011,11,32,2,success
281,SMK_Exchange_Flow,-,-,-,0,skipped_assumed_exists
281,deriveECUKey_HMAC_SHA256,29111,11,32,2,success
282,SMK_Exchange_Flow,-,-,-,0,skipped_assumed_exists
282,deriveECUKey_HMAC_SHA256,29211,11,32,2,success
283,SMK_Exchange_Flow,-,-,-,0,skipped_assumed_exists
283,deriveECUKey_HMAC_SHA256,29311,11,32,2,success
284,SMK_Exchange_Flow,-,-,-,0,skipped_assumed_exists
284,deriveECUKey_HMAC_SHA256,29411,11,32,2,success
285,SMK_Exchange_Flow,-,-,-,0,skipped_assumed_exists
285,deriveECUKey_HMAC_SHA256,29511,11,32,2,success
286,SMK_Exchange_Flow,-,-,-,0,skipped_assumed_exists
286,deriveECUKey_HMAC_SHA256,29611,11,32,2,success
287,SMK_Exchange_Flow,-,-,-,0,skipped_assumed_exists
287,deriveECUKey_HMAC_SHA256,29711,11,32,2,success
288,SMK_Exchange_Flow,-,-,-,0,skipped_assumed_exists
288,deriveECUKey_HMAC_SHA256,29811,11,32,2,success
289,SMK_Exchange_Flow,-,-,-,0,skipped_assumed_exists
289,deriveECUKey_HMAC_SHA256,29911,11,32,2,success
290,SMK_Exchange_Flow,-,-,-,0,skipped_assumed_exists
290,deriveECUKey_HMAC_SHA256,30011,11,32,2,success
291,SMK_Exchange_Flow,-,-,-,0,skipped_assumed_exists
291,deriveECUKey_HMAC_SHA256,30111,11,32,2,success
292,SMK_Exchange_Flow,-,-,-,0,skipped_assumed_exists
292,deriveECUKey_HMAC_SHA256,30211,11,32,2,success
293,SMK_Exchange_Flow,-,-,-,0,skipped_assumed_exists
293,deriveECUKey_HMAC_SHA256,30311,11,32,2,success
294,SMK_Exchange_Flow,-,-,-,0,skipped_assumed_exists
294,deriveECUKey_HMAC_SHA256,30411,11,32,2,success
295,SMK_Exchange_Flow,-,-,-,0,skipped_assumed_exists
295,deriveECUKey_HMAC_SHA256,30511,11,32,2,success
296,SMK_Exchange_Flow,-,-,-,0,skipped_assumed_exists
296,deriveECUKey_HMAC_SHA256,30611,11,32,2,success
297,SMK_Exchange_Flow,-,-,-,0,skipped_assumed_exists
297,deriveECUKey_HMAC_SHA256,30711,11,32,2,success
298,SMK_Exchange_Flow,-,-,-,0,skipped_assumed_exists
298,deriveECUKey_HMAC_SHA256,30811,11,32,2,success
299,SMK_Exchange_Flow,-,-,-,0,skipped_assumed_exists
299,deriveECUKey_HMAC_SHA256,30911,11,32,2,success
300,SMK_Exchange_Flow,-,-,-,0,skipped_assumed_exists
300,deriveECUKey_HMAC_SHA256,31011,11,32,2,success
301,SMK_Exchange_Flow,-,-,-,0,skipped_assumed_exists
301,deriveECUKey_HMAC_SHA256,31111,11,32,2,success
302,SMK_Exchange_Flow,-,-,-,0,skipped_assumed_exists
302,deriveECUKey_HMAC_SHA256,31211,11,32,2,success
303,SMK_Exchange_Flow,-,-,-,0,skipped_assumed_exists
303,deriveECUKey_HMAC_SHA256,31311,11,32,2,success
304,SMK_Exchange_Flow,-,-,-,0,skipped_assumed_exists
304,deriveECUKey_HMAC_SHA256,31411,11,32,2,success
305,SMK_Exchange_Flow,-,-,-,0,skipped_assumed_exists
305,deriveECUKey_HMAC_SHA256,31511,11,32,2,success
306,SMK_Exchange_Flow,-,-,-,0,skipped_assumed_exists
306,deriveECUKey_HMAC_SHA256,31611,11,32,2,success
307,SMK_Exchange_Flow,-,-,-,0,skipped_assumed_exists
307,deriveECUKey_HMAC_SHA256,31711,11,32,2,success
308,SMK_Exchange_Flow,-,-,-,0,skipped_assumed_exists
308,deriveECUKey_HMAC_SHA256,31811,11,32,2,success
309,SMK_Exchange_Flow,-,-,-,0,skipped_assumed_exists
309,deriveECUKey_HMAC_SHA256,31911,11,32,2,success
310,SMK_Exchange_Flow,-,-,-,0,skipped_assumed_exists
310,deriveECUKey_HMAC_SHA256,32011,11,32,2,success
311,SMK_Exchange_Flow,-,-,-,0,skipped_assumed_exists
311,deriveECUKey_HMAC_SHA256,32111,11,32,2,success
312,SMK_Exchange_Flow,-,-,-,0,skipped_assumed_exists
312,deriveECUKey_HMAC_SHA256,32211,11,32,2,success
313,SMK_Exchange_Flow,-,-,-,0,skipped_assumed_exists
313,deriveECUKey_HMAC_SHA256,32311,11,32,2,success
314,SMK_Exchange_Flow,-,-,-,0,skipped_assumed_exists
314,deriveECUKey_HMAC_SHA256,32411,11,32,2,success
315,SMK_Exchange_Flow,-,-,-,0,skipped_assumed_exists
315,deriveECUKey_HMAC_SHA256,32511,11,32,2,success
316,SMK_Exchange_Flow,-,-,-,0,skipped_assumed_exists
316,deriveECUKey_HMAC_SHA256,32611,11,32,2,success
317,SMK_Exchange_Flow,-,-,-,0,skipped_assumed_exists
317,deriveECUKey_HMAC_SHA256,32711,11,32,2,success
318,SMK_Exchange_Flow,-,-,-,0,skipped_assumed_exists
318,deriveECUKey_HMAC_SHA256,32811,11,32,2,success
319,SMK_Exchange_Flow,-,-,-,0,skipped_assumed_exists
319,deriveECUKey_HMAC_SHA256,32911,11,32,2,success
320,SMK_Exchange_Flow,-,-,-,0,skipped_assumed_exists
320,deriveECUKey_HMAC_SHA256,33011,11,32,2,success
321,SMK_Exchange_Flow,-,-,-,0,skipped_assumed_exists
321,deriveECUKey_HMAC_SHA256,33111,11,32,2,success
322,SMK_Exchange_Flow,-,-,-,0,skipped_assumed_exists
322,deriveECUKey_HMAC_SHA256,33211,11,32,2,success
323,SMK_Exchange_Flow,-,-,-,0,skipped_assumed_exists
323,deriveECUKey_HMAC_SHA256,33311,11,32,2,success
324,SMK_Exchange_Flow,-,-,-,0,skipped_assumed_exists
324,deriveECUKey_HMAC_SHA256,33411,11,32,2,success
325,SMK_Exchange_Flow,-,-,-,0,skipped_assumed_exists
325,deriveECUKey_HMAC_SHA256,33511,11,32,2,success
326,SMK_Exchange_Flow,-,-,-,0,skipped_assumed_exists
326,deriveECUKey_HMAC_SHA256,33611,11,32,2,success
327,SMK_Exchange_Flow,-,-,-,0,skipped_assumed_exists
327,deriveECUKey_HMAC_SHA256,33711,11,32,2,success
328,SMK_Exchange_Flow,-,-,-,0,skipped_assumed_exists
328,deriveECUKey_HMAC_SHA256,33811,11,32,2,success
329,SMK_Exchange_Flow,-,-,-,0,skipped_assumed_exists
329,deriveECUKey_HMAC_SHA256,33911,11,32,2,success
330,SMK_Exchange_Flow,-,-,-,0,skipped_assumed_exists
330,deriveECUKey_HMAC_SHA256,34011,11,32,2,success
331,SMK_Exchange_Flow,-,-,-,0,skipped_assumed_exists
331,deriveECUKey_HMAC_SHA256,34111,11,32,2,success
332,SMK_Exchange_Flow,-,-,-,0,skipped_assumed_exists
332,deriveECUKey_HMAC_SHA256,34211,11,32,2,success
333,SMK_Exchange_Flow,-,-,-,0,skipped_assumed_exists
333,deriveECUKey_HMAC_SHA256,34311,11,32,2,success
334,SMK_Exchange_Flow,-,-,-,0,skipped_assumed_exists
334,deriveECUKey_HMAC_SHA256,34411,11,32,2,success
335,SMK_Exchange_Flow,-,-,-,0,skipped_assumed_exists
335,deriveECUKey_HMAC_SHA256,34511,11,32,2,success
336,SMK_Exchange_Flow,-,-,-,0,skipped_assumed_exists
336,deriveECUKey_HMAC_SHA256,34611,11,32,2,success
337,SMK_Exchange_Flow,-,-,-,0,skipped_assumed_exists
337,deriveECUKey_HMAC_SHA256,34711,11,32,2,success
338,SMK_Exchange_Flow,-,-,-,0,skipped_assumed_exists
338,deriveECUKey_HMAC_SHA256,34811,11,32,2,success
339,SMK_Exchange_Flow,-,-,-,0,skipped_assumed_exists
339,deriveECUKey_HMAC_SHA256,34911,11,32,2,success
340,SMK_Exchange_Flow,-,-,-,0,skipped_assumed_exists
340,deriveECUKey_HMAC_SHA256,35011,11,32,2,success
341,SMK_Exchange_Flow,-,-,-,0,skipped_assumed_exists
341,deriveECUKey_HMAC_SHA256,35111,11,32,2,success
342,SMK_Exchange_Flow,-,-,-,0,skipped_assumed_exists
342,deriveECUKey_HMAC_SHA256,35211,11,32,2,success
343,SMK_Exchange_Flow,-,-,-,0,skipped_assumed_exists
343,deriveECUKey_HMAC_SHA256,35311,11,32,2,success
344,SMK_Exchange_Flow,-,-,-,0,skipped_assumed_exists
344,deriveECUKey_HMAC_SHA256,35411,11,32,2,success
345,SMK_Exchange_Flow,-,-,-,0,skipped_assumed_exists
345,deriveECUKey_HMAC_SHA256,35511,11,32,2,success
346,SMK_Exchange_Flow,-,-,-,0,skipped_assumed_exists
346,deriveECUKey_HMAC_SHA256,35611,11,32,2,success
347,SMK_Exchange_Flow,-,-,-,0,skipped_assumed_exists
347,deriveECUKey_HMAC_SHA256,35711,11,32,2,success
348,SMK_Exchange_Flow,-,-,-,0,skipped_assumed_exists
348,deriveECUKey_HMAC_SHA256,35811,11,32,2,success
349,SMK_Exchange_Flow,-,-,-,0,skipped_assumed_exists
349,deriveECUKey_HMAC_SHA256,35911,11,32,2,success
350,SMK_Exchange_Flow,-,-,-,0,skipped_assumed_exists
350,deriveECUKey_HMAC_SHA256,36011,11,32,2,success
351,SMK_Exchange_Flow,-,-,-,0,skipped_assumed_exists
351,deriveECUKey_HMAC_SHA256,36111,11,32,2,success
352,SMK_Exchange_Flow,-,-,-,0,skipped_assumed_exists
352,deriveECUKey_HMAC_SHA256,36211,11,32,2,success
353,SMK_Exchange_Flow,-,-,-,0,skipped_assumed_exists
353,deriveECUKey_HMAC_SHA256,36311,11,32,2,success
354,SMK_Exchange_Flow,-,-,-,0,skipped_assumed_exists
354,deriveECUKey_HMAC_SHA256,36411,11,32,2,success
355,SMK_Exchange_Flow,-,-,-,0,skipped_assumed_exists
355,deriveECUKey_HMAC_SHA256,36511,11,32,2,success
356,SMK_Exchange_Flow,-,-,-,0,skipped_assumed_exists
356,deriveECUKey_HMAC_SHA256,36611,11,32,2,success
357,SMK_Exchange_Flow,-,-,-,0,skipped_assumed_exists
357,deriveECUKey_HMAC_SHA256,36711,11,32,2,success
358,SMK_Exchange_Flow,-,-,-,0,skipped_assumed_exists
358,deriveECUKey_HMAC_SHA256,36811,11,32,2,success
359,SMK_Exchange_Flow,-,-,-,0,skipped_assumed_exists
359,deriveECUKey_HMAC_SHA256,36911,11,32,2,success
360,SMK_Exchange_Flow,-,-,-,0,skipped_assumed_exists
360,deriveECUKey_HMAC_SHA256,37011,11,32,2,success
361,SMK_Exchange_Flow,-,-,-,0,skipped_assumed_exists
361,deriveECUKey_HMAC_SHA256,37111,11,32,2,success
362,SMK_Exchange_Flow,-,-,-,0,skipped_assumed_exists
362,deriveECUKey_HMAC_SHA256,37211,11,32,2,success
363,SMK_Exchange_Flow,-,-,-,0,skipped_assumed_exists
363,deriveECUKey_HMAC_SHA256,37311,11,32,2,success
364,SMK_Exchange_Flow,-,-,-,0,skipped_assumed_exists
364,deriveECUKey_HMAC_SHA256,37411,11,32,2,success
365,SMK_Exchange_Flow,-,-,-,0,skipped_assumed_exists
365,deriveECUKey_HMAC_SHA256,37511,11,32,2,success
366,SMK_Exchange_Flow,-,-,-,0,skipped_assumed_exists
366,deriveECUKey_HMAC_SHA256,37611,11,32,2,success
367,SMK_Exchange_Flow,-,-,-,0,skipped_assumed_exists
367,deriveECUKey_HMAC_SHA256,37711,11,32,2,success
368,SMK_Exchange_Flow,-,-,-,0,skipped_assumed_exists
368,deriveECUKey_HMAC_SHA256,37811,11,32,2,success
369,SMK_Exchange_Flow,-,-,-,0,skipped_assumed_exists
369,deriveECUKey_HMAC_SHA256,37911,11,32,2,success
370,SMK_Exchange_Flow,-,-,-,0,skipped_assumed_exists
370,deriveECUKey_HMAC_SHA256,38011,11,32,2,success
371,SMK_Exchange_Flow,-,-,-,0,skipped_assumed_exists
371,deriveECUKey_HMAC_SHA256,38111,11,32,2,success
372,SMK_Exchange_Flow,-,-,-,0,skipped_assumed_exists
372,deriveECUKey_HMAC_SHA256,38211,11,32,2,success
373,SMK_Exchange_Flow,-,-,-,0,skipped_assumed_exists
373,deriveECUKey_HMAC_SHA256,38311,11,32,2,success
374,SMK_Exchange_Flow,-,-,-,0,skipped_assumed_exists
374,deriveECUKey_HMAC_SHA256,38411,11,32,2,success
375,SMK_Exchange_Flow,-,-,-,0,skipped_assumed_exists
375,deriveECUKey_HMAC_SHA256,38511,11,32,2,success
376,SMK_Exchange_Flow,-,-,-,0,skipped_assumed_exists
376,deriveECUKey_HMAC_SHA256,38611,11,32,2,success
377,SMK_Exchange_Flow,-,-,-,0,skipped_assumed_exists
377,deriveECUKey_HMAC_SHA256,38711,11,32,2,success
378,SMK_Exchange_Flow,-,-,-,0,skipped_assumed_exists
378,deriveECUKey_HMAC_SHA256,38811,11,32,2,success
379,SMK_Exchange_Flow,-,-,-,0,skipped_assumed_exists
379,deriveECUKey_HMAC_SHA256,38911,11,32,2,success
380,SMK_Exchange_Flow,-,-,-,0,skipped_assumed_exists
380,deriveECUKey_HMAC_SHA256,39011,11,32,2,success
381,SMK_Exchange_Flow,-,-,-,0,skipped_assumed_exists
381,deriveECUKey_HMAC_SHA256,39111,11,32,2,success
382,SMK_Exchange_Flow,-,-,-,0,skipped_assumed_exists
382,deriveECUKey_HMAC_SHA256,39211,11,32,2,success
383,SMK_Exchange_Flow,-,-,-,0,skipped_assumed_exists
383,deriveECUKey_HMAC_SHA256,39311,11,32,2,success
384,SMK_Exchange_Flow,-,-,-,0,skipped_assumed_exists
384,deriveECUKey_HMAC_SHA256,39411,11,32,2,success
385,SMK_Exchange_Flow,-,-,-,0,skipped_assumed_exists
385,deriveECUKey_HMAC_SHA256,39511,11,32,2,success
386,SMK_Exchange_Flow,-,-,-,0,skipped_assumed_exists
386,deriveECUKey_HMAC_SHA256,39611,11,32,2,success
387,SMK_Exchange_Flow,-,-,-,0,skipped_assumed_exists
387,deriveECUKey_HMAC_SHA256,39711,11,32,2,success
388,SMK_Exchange_Flow,-,-,-,0,skipped_assumed_exists
388,deriveECUKey_HMAC_SHA256,39811,11,32,2,success
389,SMK_Exchange_Flow,-,-,-,0,skipped_assumed_exists
389,deriveECUKey_HMAC_SHA256,39911,11,32,2,success
390,SMK_Exchange_Flow,-,-,-,0,skipped_assumed_exists
390,deriveECUKey_HMAC_SHA256,40011,11,32,2,success
391,SMK_Exchange_Flow,-,-,-,0,skipped_assumed_exists
391,deriveECUKey_HMAC_SHA256,40111,11,32,2,success
392,SMK_Exchange_Flow,-,-,-,0,skipped_assumed_exists
392,deriveECUKey_HMAC_SHA256,40211,11,32,2,success
393,SMK_Exchange_Flow,-,-,-,0,skipped_assumed_exists
393,deriveECUKey_HMAC_SHA256,40311,11,32,2,success
394,SMK_Exchange_Flow,-,-,-,0,skipped_assumed_exists
394,deriveECUKey_HMAC_SHA256,40411,11,32,2,success
395,SMK_Exchange_Flow,-,-,-,0,skipped_assumed_exists
395,deriveECUKey_HMAC_SHA256,40511,11,32,2,success
396,SMK_Exchange_Flow,-,-,-,0,skipped_assumed_exists
396,deriveECUKey_HMAC_SHA256,40611,11,32,2,success
397,SMK_Exchange_Flow,-,-,-,0,skipped_assumed_exists
397,deriveECUKey_HMAC_SHA256,40711,11,32,2,success
398,SMK_Exchange_Flow,-,-,-,0,skipped_assumed_exists
398,deriveECUKey_HMAC_SHA256,40811,11,32,2,success
399,SMK_Exchange_Flow,-,-,-,0,skipped_assumed_exists
399,deriveECUKey_HMAC_SHA256,40911,11,32,2,success
400,SMK_Exchange_Flow,-,-,-,0,skipped_assumed_exists
400,deriveECUKey_HMAC_SHA256,41011,11,32,2,success
401,SMK_Exchange_Flow,-,-,-,0,skipped_assumed_exists
401,deriveECUKey_HMAC_SHA256,41111,11,32,2,success
402,SMK_Exchange_Flow,-,-,-,0,skipped_assumed_exists
402,deriveECUKey_HMAC_SHA256,41211,11,32,2,success
403,SMK_Exchange_Flow,-,-,-,0,skipped_assumed_exists
403,deriveECUKey_HMAC_SHA256,41311,11,32,2,success
404,SMK_Exchange_Flow,-,-,-,0,skipped_assumed_exists
404,deriveECUKey_HMAC_SHA256,41411,11,32,2,success
405,SMK_Exchange_Flow,-,-,-,0,skipped_assumed_exists
405,deriveECUKey_HMAC_SHA256,41511,11,32,2,success
406,SMK_Exchange_Flow,-,-,-,0,skipped_assumed_exists
406,deriveECUKey_HMAC_SHA256,41611,11,32,2,success
407,SMK_Exchange_Flow,-,-,-,0,skipped_assumed_exists
407,deriveECUKey_HMAC_SHA256,41711,11,32,2,success
408,SMK_Exchange_Flow,-,-,-,0,skipped_assumed_exists
408,deriveECUKey_HMAC_SHA256,41811,11,32,2,success
409,SMK_Exchange_Flow,-,-,-,0,skipped_assumed_exists
409,deriveECUKey_HMAC_SHA256,41911,11,32,2,success
410,SMK_Exchange_Flow,-,-,-,0,skipped_assumed_exists
410,deriveECUKey_HMAC_SHA256,42011,11,32,2,success
411,SMK_Exchange_Flow,-,-,-,0,skipped_assumed_exists
411,deriveECUKey_HMAC_SHA256,42111,11,32,2,success
412,SMK_Exchange_Flow,-,-,-,0,skipped_assumed_exists
412,deriveECUKey_HMAC_SHA256,42211,11,32,2,success
413,SMK_Exchange_Flow,-,-,-,0,skipped_assumed_exists
413,deriveECUKey_HMAC_SHA256,42311,11,32,2,success
414,SMK_Exchange_Flow,-,-,-,0,skipped_assumed_exists
414,deriveECUKey_HMAC_SHA256,42411,11,32,2,success
415,SMK_Exchange_Flow,-,-,-,0,skipped_assumed_exists
415,deriveECUKey_HMAC_SHA256,42511,11,32,2,success
416,SMK_Exchange_Flow,-,-,-,0,skipped_assumed_exists
416,deriveECUKey_HMAC_SHA256,42611,11,32,2,success
417,SMK_Exchange_Flow,-,-,-,0,skipped_assumed_exists
417,deriveECUKey_HMAC_SHA256,42711,11,32,2,success
418,SMK_Exchange_Flow,-,-,-,0,skipped_assumed_exists
418,deriveECUKey_HMAC_SHA256,42811,11,32,2,success
419,SMK_Exchange_Flow,-,-,-,0,skipped_assumed_exists
419,deriveECUKey_HMAC_SHA256,42911,11,32,2,success
420,SMK_Exchange_Flow,-,-,-,0,skipped_assumed_exists
420,deriveECUKey_HMAC_SHA256,43011,11,32,2,success
421,SMK_Exchange_Flow,-,-,-,0,skipped_assumed_exists
421,deriveECUKey_HMAC_SHA256,43111,11,32,2,success
422,SMK_Exchange_Flow,-,-,-,0,skipped_assumed_exists
422,deriveECUKey_HMAC_SHA256,43211,11,32,2,success
423,SMK_Exchange_Flow,-,-,-,0,skipped_assumed_exists
423,deriveECUKey_HMAC_SHA256,43311,11,32,2,success
424,SMK_Exchange_Flow,-,-,-,0,skipped_assumed_exists
424,deriveECUKey_HMAC_SHA256,43411,11,32,2,success
425,SMK_Exchange_Flow,-,-,-,0,skipped_assumed_exists
425,deriveECUKey_HMAC_SHA256,43511,11,32,2,success
426,SMK_Exchange_Flow,-,-,-,0,skipped_assumed_exists
426,deriveECUKey_HMAC_SHA256,43611,11,32,2,success
427,SMK_Exchange_Flow,-,-,-,0,skipped_assumed_exists
427,deriveECUKey_HMAC_SHA256,43711,11,32,2,success
428,SMK_Exchange_Flow,-,-,-,0,skipped_assumed_exists
428,deriveECUKey_HMAC_SHA256,43811,11,32,2,success
429,SMK_Exchange_Flow,-,-,-,0,skipped_assumed_exists
429,deriveECUKey_HMAC_SHA256,43911,11,32,2,success
430,SMK_Exchange_Flow,-,-,-,0,skipped_assumed_exists
430,deriveECUKey_HMAC_SHA256,44011,11,32,2,success
431,SMK_Exchange_Flow,-,-,-,0,skipped_assumed_exists
431,deriveECUKey_HMAC_SHA256,44111,11,32,2,success
432,SMK_Exchange_Flow,-,-,-,0,skipped_assumed_exists
432,deriveECUKey_HMAC_SHA256,44211,11,32,2,success
433,SMK_Exchange_Flow,-,-,-,0,skipped_assumed_exists
433,deriveECUKey_HMAC_SHA256,44311,11,32,2,success
434,SMK_Exchange_Flow,-,-,-,0,skipped_assumed_exists
434,deriveECUKey_HMAC_SHA256,44411,11,32,2,success
435,SMK_Exchange_Flow,-,-,-,0,skipped_assumed_exists
435,deriveECUKey_HMAC_SHA256,44511,11,32,2,success
436,SMK_Exchange_Flow,-,-,-,0,skipped_assumed_exists
436,deriveECUKey_HMAC_SHA256,44611,11,32,2,success
437,SMK_Exchange_Flow,-,-,-,0,skipped_assumed_exists
437,deriveECUKey_HMAC_SHA256,44711,11,32,2,success
438,SMK_Exchange_Flow,-,-,-,0,skipped_assumed_exists
438,deriveECUKey_HMAC_SHA256,44811,11,32,2,success
439,SMK_Exchange_Flow,-,-,-,0,skipped_assumed_exists
439,deriveECUKey_HMAC_SHA256,44911,11,32,2,success
440,SMK_Exchange_Flow,-,-,-,0,skipped_assumed_exists
440,deriveECUKey_HMAC_SHA256,45011,11,32,2,success
441,SMK_Exchange_Flow,-,-,-,0,skipped_assumed_exists
441,deriveECUKey_HMAC_SHA256,45111,11,32,2,success
442,SMK_Exchange_Flow,-,-,-,0,skipped_assumed_exists
442,deriveECUKey_HMAC_SHA256,45211,11,32,2,success
443,SMK_Exchange_Flow,-,-,-,0,skipped_assumed_exists
443,deriveECUKey_HMAC_SHA256,45311,11,32,2,success
444,SMK_Exchange_Flow,-,-,-,0,skipped_assumed_exists
444,deriveECUKey_HMAC_SHA256,45411,11,32,2,success
445,SMK_Exchange_Flow,-,-,-,0,skipped_assumed_exists
445,deriveECUKey_HMAC_SHA256,45511,11,32,2,success
446,SMK_Exchange_Flow,-,-,-,0,skipped_assumed_exists
446,deriveECUKey_HMAC_SHA256,45611,11,32,2,success
447,SMK_Exchange_Flow,-,-,-,0,skipped_assumed_exists
447,deriveECUKey_HMAC_SHA256,45711,11,32,2,success
448,SMK_Exchange_Flow,-,-,-,0,skipped_assumed_exists
448,deriveECUKey_HMAC_SHA256,45811,11,32,2,success
449,SMK_Exchange_Flow,-,-,-,0,skipped_assumed_exists
449,deriveECUKey_HMAC_SHA256,45911,11,32,2,success
450,SMK_Exchange_Flow,-,-,-,0,skipped_assumed_exists
450,deriveECUKey_HMAC_SHA256,46011,11,32,2,success
451,SMK_Exchange_Flow,-,-,-,0,skipped_assumed_exists
451,deriveECUKey_HMAC_SHA256,46111,11,32,2,success
452,SMK_Exchange_Flow,-,-,-,0,skipped_assumed_exists
452,deriveECUKey_HMAC_SHA256,46211,11,32,2,success
453,SMK_Exchange_Flow,-,-,-,0,skipped_assumed_exists
453,deriveECUKey_HMAC_SHA256,46311,11,32,2,success
454,SMK_Exchange_Flow,-,-,-,0,skipped_assumed_exists
454,deriveECUKey_HMAC_SHA256,46411,11,32,2,success
455,SMK_Exchange_Flow,-,-,-,0,skipped_assumed_exists
455,deriveECUKey_HMAC_SHA256,46511,11,32,2,success
456,SMK_Exchange_Flow,-,-,-,0,skipped_assumed_exists
456,deriveECUKey_HMAC_SHA256,46611,11,32,2,success
457,SMK_Exchange_Flow,-,-,-,0,skipped_assumed_exists
457,deriveECUKey_HMAC_SHA256,46711,11,32,2,success
458,SMK_Exchange_Flow,-,-,-,0,skipped_assumed_exists
458,deriveECUKey_HMAC_SHA256,46811,11,32,2,success
459,SMK_Exchange_Flow,-,-,-,0,skipped_assumed_exists
459,deriveECUKey_HMAC_SHA256,46911,11,32,2,success
460,SMK_Exchange_Flow,-,-,-,0,skipped_assumed_exists
460,deriveECUKey_HMAC_SHA256,47011,11,32,2,success
461,SMK_Exchange_Flow,-,-,-,0,skipped_assumed_exists
461,deriveECUKey_HMAC_SHA256,47111,11,32,2,success
462,SMK_Exchange_Flow,-,-,-,0,skipped_assumed_exists
462,deriveECUKey_HMAC_SHA256,47211,11,32,2,success
463,SMK_Exchange_Flow,-,-,-,0,skipped_assumed_exists
463,deriveECUKey_HMAC_SHA256,47311,11,32,2,success
464,SMK_Exchange_Flow,-,-,-,0,skipped_assumed_exists
464,deriveECUKey_HMAC_SHA256,47411,11,32,2,success
465,SMK_Exchange_Flow,-,-,-,0,skipped_assumed_exists
465,deriveECUKey_HMAC_SHA256,47511,11,32,2,success
466,SMK_Exchange_Flow,-,-,-,0,skipped_assumed_exists
466,deriveECUKey_HMAC_SHA256,47611,11,32,2,success
467,SMK_Exchange_Flow,-,-,-,0,skipped_assumed_exists
467,deriveECUKey_HMAC_SHA256,47711,11,32,2,success
468,SMK_Exchange_Flow,-,-,-,0,skipped_assumed_exists
468,deriveECUKey_HMAC_SHA256,47811,11,32,2,success
469,SMK_Exchange_Flow,-,-,-,0,skipped_assumed_exists
469,deriveECUKey_HMAC_SHA256,47911,11,32,2,success
470,SMK_Exchange_Flow,-,-,-,0,skipped_assumed_exists
470,deriveECUKey_HMAC_SHA256,48011,11,32,2,success
471,SMK_Exchange_Flow,-,-,-,0,skipped_assumed_exists
471,deriveECUKey_HMAC_SHA256,48111,11,32,2,success
472,SMK_Exchange_Flow,-,-,-,0,skipped_assumed_exists
472,deriveECUKey_HMAC_SHA256,48211,11,32,2,success
473,SMK_Exchange_Flow,-,-,-,0,skipped_assumed_exists
473,deriveECUKey_HMAC_SHA256,48311,11,32,2,success
474,SMK_Exchange_Flow,-,-,-,0,skipped_assumed_exists
474,deriveECUKey_HMAC_SHA256,48411,11,32,2,success
475,SMK_Exchange_Flow,-,-,-,0,skipped_assumed_exists
475,deriveECUKey_HMAC_SHA256,48511,11,32,2,success
476,SMK_Exchange_Flow,-,-,-,0,skipped_assumed_exists
476,deriveECUKey_HMAC_SHA256,48611,11,32,2,success
477,SMK_Exchange_Flow,-,-,-,0,skipped_assumed_exists
477,deriveECUKey_HMAC_SHA256,48711,11,32,2,success
478,SMK_Exchange_Flow,-,-,-,0,skipped_assumed_exists
478,deriveECUKey_HMAC_SHA256,48811,11,32,2,success
479,SMK_Exchange_Flow,-,-,-,0,skipped_assumed_exists
479,deriveECUKey_HMAC_SHA256,48911,11,32,2,success
480,SMK_Exchange_Flow,-,-,-,0,skipped_assumed_exists
480,deriveECUKey_HMAC_SHA256,49011,11,32,2,success
481,SMK_Exchange_Flow,-,-,-,0,skipped_assumed_exists
481,deriveECUKey_HMAC_SHA256,49111,11,32,2,success
482,SMK_Exchange_Flow,-,-,-,0,skipped_assumed_exists
482,deriveECUKey_HMAC_SHA256,49211,11,32,2,success
483,SMK_Exchange_Flow,-,-,-,0,skipped_assumed_exists
483,deriveECUKey_HMAC_SHA256,49311,11,32,2,success
484,SMK_Exchange_Flow,-,-,-,0,skipped_assumed_exists
484,deriveECUKey_HMAC_SHA256,49411,11,32,2,success
485,SMK_Exchange_Flow,-,-,-,0,skipped_assumed_exists
485,deriveECUKey_HMAC_SHA256,49511,11,32,2,success
486,SMK_Exchange_Flow,-,-,-,0,skipped_assumed_exists
486,deriveECUKey_HMAC_SHA256,49611,11,32,2,success
487,SMK_Exchange_Flow,-,-,-,0,skipped_assumed_exists
487,deriveECUKey_HMAC_SHA256,49711,11,32,2,success
488,SMK_Exchange_Flow,-,-,-,0,skipped_assumed_exists
488,deriveECUKey_HMAC_SHA256,49811,11,32,2,success
489,SMK_Exchange_Flow,-,-,-,0,skipped_assumed_exists
489,deriveECUKey_HMAC_SHA256,49911,11,32,2,success
490,SMK_Exchange_Flow,-,-,-,0,skipped_assumed_exists
490,deriveECUKey_HMAC_SHA256,50011,11,32,2,success
491,SMK_Exchange_Flow,-,-,-,0,skipped_assumed_exists
491,deriveECUKey_HMAC_SHA256,50111,11,32,2,success
492,SMK_Exchange_Flow,-,-,-,0,skipped_assumed_exists
492,deriveECUKey_HMAC_SHA256,50211,11,32,2,success
493,SMK_Exchange_Flow,-,-,-,0,skipped_assumed_exists
493,deriveECUKey_HMAC_SHA256,50311,11,32,2,success
494,SMK_Exchange_Flow,-,-,-,0,skipped_assumed_exists
494,deriveECUKey_HMAC_SHA256,50411,11,32,2,success
495,SMK_Exchange_Flow,-,-,-,0,skipped_assumed_exists
495,deriveECUKey_HMAC_SHA256,50511,11,32,2,success
496,SMK_Exchange_Flow,-,-,-,0,skipped_assumed_exists
496,deriveECUKey_HMAC_SHA256,50611,11,32,2,success
497,SMK_Exchange_Flow,-,-,-,0,skipped_assumed_exists
497,deriveECUKey_HMAC_SHA256,50711,11,32,2,success
498,SMK_Exchange_Flow,-,-,-,0,skipped_assumed_exists
498,deriveECUKey_HMAC_SHA256,50811,11,32,2,success
499,SMK_Exchange_Flow,-,-,-,0,skipped_assumed_exists
499,deriveECUKey_HMAC_SHA256,50911,11,32,2,success
500,SMK_Exchange_Flow,-,-,-,0,skipped_assumed_exists
500,deriveECUKey_HMAC_SHA256,51011,11,32,2,success
501,SMK_Exchange_Flow,-,-,-,0,skipped_assumed_exists
501,deriveECUKey_HMAC_SHA256,51111,11,32,2,success
502,SMK_Exchange_Flow,-,-,-,0,skipped_assumed_exists
502,deriveECUKey_HMAC_SHA256,51211,11,32,2,success
503,SMK_Exchange_Flow,-,-,-,0,skipped_assumed_exists
503,deriveECUKey_HMAC_SHA256,51311,11,32,2,success
504,SMK_Exchange_Flow,-,-,-,0,skipped_assumed_exists
504,deriveECUKey_HMAC_SHA256,51411,11,32,2,success
505,SMK_Exchange_Flow,-,-,-,0,skipped_assumed_exists
505,deriveECUKey_HMAC_SHA256,51511,11,32,2,success
506,SMK_Exchange_Flow,-,-,-,0,skipped_assumed_exists
506,deriveECUKey_HMAC_SHA256,51611,11,32,2,success
507,SMK_Exchange_Flow,-,-,-,0,skipped_assumed_exists
507,deriveECUKey_HMAC_SHA256,51711,11,32,2,success
508,SMK_Exchange_Flow,-,-,-,0,skipped_assumed_exists
508,deriveECUKey_HMAC_SHA256,51811,11,32,2,success
509,SMK_Exchange_Flow,-,-,-,0,skipped_assumed_exists
509,deriveECUKey_HMAC_SHA256,51911,11,32,2,success
510,SMK_Exchange_Flow,-,-,-,0,skipped_assumed_exists
510,deriveECUKey_HMAC_SHA256,52011,11,32,2,success
511,SMK_Exchange_Flow,-,-,-,0,skipped_assumed_exists
511,deriveECUKey_HMAC_SHA256,52111,11,32,2,success
512,SMK_Exchange_Flow,-,-,-,0,skipped_assumed_exists
512,deriveECUKey_HMAC_SHA256,52211,11,32,2,success
513,SMK_Exchange_Flow,-,-,-,0,skipped_assumed_exists
513,deriveECUKey_HMAC_SHA256,52311,11,32,2,success
514,SMK_Exchange_Flow,-,-,-,0,skipped_assumed_exists
514,deriveECUKey_HMAC_SHA256,52411,11,32,2,success
515,SMK_Exchange_Flow,-,-,-,0,skipped_assumed_exists
515,deriveECUKey_HMAC_SHA256,52511,11,32,2,success
516,SMK_Exchange_Flow,-,-,-,0,skipped_assumed_exists
516,deriveECUKey_HMAC_SHA256,52611,11,32,2,success
517,SMK_Exchange_Flow,-,-,-,0,skipped_assumed_exists
517,deriveECUKey_HMAC_SHA256,52711,11,32,2,success
518,SMK_Exchange_Flow,-,-,-,0,skipped_assumed_exists
518,deriveECUKey_HMAC_SHA256,52811,11,32,2,success
519,SMK_Exchange_Flow,-,-,-,0,skipped_assumed_exists
519,deriveECUKey_HMAC_SHA256,52911,11,32,2,success
520,SMK_Exchange_Flow,-,-,-,0,skipped_assumed_exists
520,deriveECUKey_HMAC_SHA256,53011,11,32,2,success
521,SMK_Exchange_Flow,-,-,-,0,skipped_assumed_exists
521,deriveECUKey_HMAC_SHA256,53111,11,32,2,success
522,SMK_Exchange_Flow,-,-,-,0,skipped_assumed_exists
522,deriveECUKey_HMAC_SHA256,53211,11,32,2,success
523,SMK_Exchange_Flow,-,-,-,0,skipped_assumed_exists
523,deriveECUKey_HMAC_SHA256,53311,11,32,2,success
524,SMK_Exchange_Flow,-,-,-,0,skipped_assumed_exists
524,deriveECUKey_HMAC_SHA256,53411,11,32,2,success
525,SMK_Exchange_Flow,-,-,-,0,skipped_assumed_exists
525,deriveECUKey_HMAC_SHA256,53511,11,32,2,success
526,SMK_Exchange_Flow,-,-,-,0,skipped_assumed_exists
526,deriveECUKey_HMAC_SHA256,53611,11,32,2,success
527,SMK_Exchange_Flow,-,-,-,0,skipped_assumed_exists
527,deriveECUKey_HMAC_SHA256,53711,11,32,2,success
528,SMK_Exchange_Flow,-,-,-,0,skipped_assumed_exists
528,deriveECUKey_HMAC_SHA256,53811,11,32,2,success
529,SMK_Exchange_Flow,-,-,-,0,skipped_assumed_exists
529,deriveECUKey_HMAC_SHA256,53911,11,32,2,success
530,SMK_Exchange_Flow,-,-,-,0,skipped_assumed_exists
530,deriveECUKey_HMAC_SHA256,54011,11,32,2,success
531,SMK_Exchange_Flow,-,-,-,0,skipped_assumed_exists
531,deriveECUKey_HMAC_SHA256,54111,11,32,2,success
532,SMK_Exchange_Flow,-,-,-,0,skipped_assumed_exists
532,deriveECUKey_HMAC_SHA256,54211,11,32,2,success
533,SMK_Exchange_Flow,-,-,-,0,skipped_assumed_exists
533,deriveECUKey_HMAC_SHA256,54311,11,32,2,success
534,SMK_Exchange_Flow,-,-,-,0,skipped_assumed_exists
534,deriveECUKey_HMAC_SHA256,54411,11,32,2,success
535,SMK_Exchange_Flow,-,-,-,0,skipped_assumed_exists
535,deriveECUKey_HMAC_SHA256,54511,11,32,2,success
536,SMK_Exchange_Flow,-,-,-,0,skipped_assumed_exists
536,deriveECUKey_HMAC_SHA256,54611,11,32,2,success
537,SMK_Exchange_Flow,-,-,-,0,skipped_assumed_exists
537,deriveECUKey_HMAC_SHA256,54711,11,32,2,success
538,SMK_Exchange_Flow,-,-,-,0,skipped_assumed_exists
538,deriveECUKey_HMAC_SHA256,54811,11,32,2,success
539,SMK_Exchange_Flow,-,-,-,0,skipped_assumed_exists
539,deriveECUKey_HMAC_SHA256,54911,11,32,2,success
540,SMK_Exchange_Flow,-,-,-,0,skipped_assumed_exists
540,deriveECUKey_HMAC_SHA256,55011,11,32,2,success
541,SMK_Exchange_Flow,-,-,-,0,skipped_assumed_exists
541,deriveECUKey_HMAC_SHA256,55111,11,32,2,success
542,SMK_Exchange_Flow,-,-,-,0,skipped_assumed_exists
542,deriveECUKey_HMAC_SHA256,55211,11,32,2,success
543,SMK_Exchange_Flow,-,-,-,0,skipped_assumed_exists
543,deriveECUKey_HMAC_SHA256,55311,11,32,2,success
544,SMK_Exchange_Flow,-,-,-,0,skipped_assumed_exists
544,deriveECUKey_HMAC_SHA256,55411,11,32,2,success
545,SMK_Exchange_Flow,-,-,-,0,skipped_assumed_exists
545,deriveECUKey_HMAC_SHA256,55511,11,32,2,success
546,SMK_Exchange_Flow,-,-,-,0,skipped_assumed_exists
546,deriveECUKey_HMAC_SHA256,55611,11,32,2,success
547,SMK_Exchange_Flow,-,-,-,0,skipped_assumed_exists
547,deriveECUKey_HMAC_SHA256,55711,11,32,2,success
548,SMK_Exchange_Flow,-,-,-,0,skipped_assumed_exists
548,deriveECUKey_HMAC_SHA256,55811,11,32,2,success
549,SMK_Exchange_Flow,-,-,-,0,skipped_assumed_exists
549,deriveECUKey_HMAC_SHA256,55911,11,32,2,success
550,SMK_Exchange_Flow,-,-,-,0,skipped_assumed_exists
550,deriveECUKey_HMAC_SHA256,56011,11,32,2,success
551,SMK_Exchange_Flow,-,-,-,0,skipped_assumed_exists
551,deriveECUKey_HMAC_SHA256,56111,11,32,2,success
552,SMK_Exchange_Flow,-,-,-,0,skipped_assumed_exists
552,deriveECUKey_HMAC_SHA256,56211,11,32,2,success
553,SMK_Exchange_Flow,-,-,-,0,skipped_assumed_exists
553,deriveECUKey_HMAC_SHA256,56311,11,32,2,success
554,SMK_Exchange_Flow,-,-,-,0,skipped_assumed_exists
554,deriveECUKey_HMAC_SHA256,56411,11,32,2,success
555,SMK_Exchange_Flow,-,-,-,0,skipped_assumed_exists
555,deriveECUKey_HMAC_SHA256,56511,11,32,2,success
556,SMK_Exchange_Flow,-,-,-,0,skipped_assumed_exists
556,deriveECUKey_HMAC_SHA256,56611,11,32,2,success
557,SMK_Exchange_Flow,-,-,-,0,skipped_assumed_exists
557,deriveECUKey_HMAC_SHA256,56711,11,32,2,success
558,SMK_Exchange_Flow,-,-,-,0,skipped_assumed_exists
558,deriveECUKey_HMAC_SHA256,56811,11,32,2,success
559,SMK_Exchange_Flow,-,-,-,0,skipped_assumed_exists
559,deriveECUKey_HMAC_SHA256,56911,11,32,2,success
560,SMK_Exchange_Flow,-,-,-,0,skipped_assumed_exists
560,deriveECUKey_HMAC_SHA256,57011,11,32,2,success
561,SMK_Exchange_Flow,-,-,-,0,skipped_assumed_exists
561,deriveECUKey_HMAC_SHA256,57111,11,32,2,success
562,SMK_Exchange_Flow,-,-,-,0,skipped_assumed_exists
562,deriveECUKey_HMAC_SHA256,57211,11,32,2,success
563,SMK_Exchange_Flow,-,-,-,0,skipped_assumed_exists
563,deriveECUKey_HMAC_SHA256,57311,11,32,2,success
564,SMK_Exchange_Flow,-,-,-,0,skipped_assumed_exists
564,deriveECUKey_HMAC_SHA256,57411,11,32,2,success
565,SMK_Exchange_Flow,-,-,-,0,skipped_assumed_exists
565,deriveECUKey_HMAC_SHA256,57511,11,32,2,success
566,SMK_Exchange_Flow,-,-,-,0,skipped_assumed_exists
566,deriveECUKey_HMAC_SHA256,57611,11,32,2,success
567,SMK_Exchange_Flow,-,-,-,0,skipped_assumed_exists
567,deriveECUKey_HMAC_SHA256,57711,11,32,2,success
568,SMK_Exchange_Flow,-,-,-,0,skipped_assumed_exists
568,deriveECUKey_HMAC_SHA256,57811,11,32,2,success
569,SMK_Exchange_Flow,-,-,-,0,skipped_assumed_exists
569,deriveECUKey_HMAC_SHA256,57911,11,32,2,success
570,SMK_Exchange_Flow,-,-,-,0,skipped_assumed_exists
570,deriveECUKey_HMAC_SHA256,58011,11,32,2,success
571,SMK_Exchange_Flow,-,-,-,0,skipped_assumed_exists
571,deriveECUKey_HMAC_SHA256,58111,11,32,2,success
572,SMK_Exchange_Flow,-,-,-,0,skipped_assumed_exists
572,deriveECUKey_HMAC_SHA256,58211,11,32,2,success
573,SMK_Exchange_Flow,-,-,-,0,skipped_assumed_exists
573,deriveECUKey_HMAC_SHA256,58311,11,32,2,success
574,SMK_Exchange_Flow,-,-,-,0,skipped_assumed_exists
574,deriveECUKey_HMAC_SHA256,58411,11,32,2,success
575,SMK_Exchange_Flow,-,-,-,0,skipped_assumed_exists
575,deriveECUKey_HMAC_SHA256,58511,11,32,2,success
576,SMK_Exchange_Flow,-,-,-,0,skipped_assumed_exists
576,deriveECUKey_HMAC_SHA256,58611,11,32,2,success
577,SMK_Exchange_Flow,-,-,-,0,skipped_assumed_exists
577,deriveECUKey_HMAC_SHA256,58711,11,32,2,success
578,SMK_Exchange_Flow,-,-,-,0,skipped_assumed_exists
578,deriveECUKey_HMAC_SHA256,58811,11,32,2,success
579,SMK_Exchange_Flow,-,-,-,0,skipped_assumed_exists
579,deriveECUKey_HMAC_SHA256,58911,11,32,2,success
580,SMK_Exchange_Flow,-,-,-,0,skipped_assumed_exists
580,deriveECUKey_HMAC_SHA256,59011,11,32,2,success
581,SMK_Exchange_Flow,-,-,-,0,skipped_assumed_exists
581,deriveECUKey_HMAC_SHA256,59111,11,32,2,success
582,SMK_Exchange_Flow,-,-,-,0,skipped_assumed_exists
582,deriveECUKey_HMAC_SHA256,59211,11,32,2,success
583,SMK_Exchange_Flow,-,-,-,0,skipped_assumed_exists
583,deriveECUKey_HMAC_SHA256,59311,11,32,2,success
584,SMK_Exchange_Flow,-,-,-,0,skipped_assumed_exists
584,deriveECUKey_HMAC_SHA256,59411,11,32,2,success
585,SMK_Exchange_Flow,-,-,-,0,skipped_assumed_exists
585,deriveECUKey_HMAC_SHA256,59511,11,32,2,success
586,SMK_Exchange_Flow,-,-,-,0,skipped_assumed_exists
586,deriveECUKey_HMAC_SHA256,59611,11,32,2,success
587,SMK_Exchange_Flow,-,-,-,0,skipped_assumed_exists
587,deriveECUKey_HMAC_SHA256,59711,11,32,2,success
588,SMK_Exchange_Flow,-,-,-,0,skipped_assumed_exists
588,deriveECUKey_HMAC_SHA256,59811,11,32,2,success
589,SMK_Exchange_Flow,-,-,-,0,skipped_assumed_exists
589,deriveECUKey_HMAC_SHA256,59911,11,32,2,success
590,SMK_Exchange_Flow,-,-,-,0,skipped_assumed_exists
590,deriveECUKey_HMAC_SHA256,60011,11,32,2,success
591,SMK_Exchange_Flow,-,-,-,0,skipped_assumed_exists
591,deriveECUKey_HMAC_SHA256,60111,11,32,2,success
592,SMK_Exchange_Flow,-,-,-,0,skipped_assumed_exists
592,deriveECUKey_HMAC_SHA256,60211,11,32,2,success
593,SMK_Exchange_Flow,-,-,-,0,skipped_assumed_exists
593,deriveECUKey_HMAC_SHA256,60311,11,32,2,success
594,SMK_Exchange_Flow,-,-,-,0,skipped_assumed_exists
594,deriveECUKey_HMAC_SHA256,60411,11,32,2,success
595,SMK_Exchange_Flow,-,-,-,0,skipped_assumed_exists
595,deriveECUKey_HMAC_SHA256,60511,11,32,2,success
596,SMK_Exchange_Flow,-,-,-,0,skipped_assumed_exists
596,deriveECUKey_HMAC_SHA256,60611,11,32,2,success
597,SMK_Exchange_Flow,-,-,-,0,skipped_assumed_exists
597,deriveECUKey_HMAC_SHA256,60711,11,32,2,success
598,SMK_Exchange_Flow,-,-,-,0,skipped_assumed_exists
598,deriveECUKey_HMAC_SHA256,60811,11,32,2,success
599,SMK_Exchange_Flow,-,-,-,0,skipped_assumed_exists
599,deriveECUKey_HMAC_SHA256,60911,11,32,2,success
600,SMK_Exchange_Flow,-,-,-,0,skipped_assumed_exists
600,deriveECUKey_HMAC_SHA256,61011,11,32,2,success
601,SMK_Exchange_Flow,-,-,-,0,skipped_assumed_exists
601,deriveECUKey_HMAC_SHA256,61111,11,32,2,success
602,SMK_Exchange_Flow,-,-,-,0,skipped_assumed_exists
602,deriveECUKey_HMAC_SHA256,61211,11,32,2,success
603,SMK_Exchange_Flow,-,-,-,0,skipped_assumed_exists
603,deriveECUKey_HMAC_SHA256,61311,11,32,2,success
604,SMK_Exchange_Flow,-,-,-,0,skipped_assumed_exists
604,deriveECUKey_HMAC_SHA256,61411,11,32,2,success
605,SMK_Exchange_Flow,-,-,-,0,skipped_assumed_exists
605,deriveECUKey_HMAC_SHA256,61511,11,32,2,success
606,SMK_Exchange_Flow,-,-,-,0,skipped_assumed_exists
606,deriveECUKey_HMAC_SHA256,61611,11,32,2,success
607,SMK_Exchange_Flow,-,-,-,0,skipped_assumed_exists
607,deriveECUKey_HMAC_SHA256,61711,11,32,2,success
608,SMK_Exchange_Flow,-,-,-,0,skipped_assumed_exists
608,deriveECUKey_HMAC_SHA256,61811,11,32,2,success
609,SMK_Exchange_Flow,-,-,-,0,skipped_assumed_exists
609,deriveECUKey_HMAC_SHA256,61911,11,32,2,success
610,SMK_Exchange_Flow,-,-,-,0,skipped_assumed_exists
610,deriveECUKey_HMAC_SHA256,62011,11,32,2,success
611,SMK_Exchange_Flow,-,-,-,0,skipped_assumed_exists
611,deriveECUKey_HMAC_SHA256,62111,11,32,2,success
612,SMK_Exchange_Flow,-,-,-,0,skipped_assumed_exists
612,deriveECUKey_HMAC_SHA256,62211,11,32,2,success
613,SMK_Exchange_Flow,-,-,-,0,skipped_assumed_exists
613,deriveECUKey_HMAC_SHA256,62311,11,32,2,success
614,SMK_Exchange_Flow,-,-,-,0,skipped_assumed_exists
614,deriveECUKey_HMAC_SHA256,62411,11,32,2,success
615,SMK_Exchange_Flow,-,-,-,0,skipped_assumed_exists
615,deriveECUKey_HMAC_SHA256,62511,11,32,2,success
616,SMK_Exchange_Flow,-,-,-,0,skipped_assumed_exists
616,deriveECUKey_HMAC_SHA256,62611,11,32,2,success
617,SMK_Exchange_Flow,-,-,-,0,skipped_assumed_exists
617,deriveECUKey_HMAC_SHA256,62711,11,32,2,success
618,SMK_Exchange_Flow,-,-,-,0,skipped_assumed_exists
618,deriveECUKey_HMAC_SHA256,62811,11,32,2,success
619,SMK_Exchange_Flow,-,-,-,0,skipped_assumed_exists
619,deriveECUKey_HMAC_SHA256,62911,11,32,2,success
620,SMK_Exchange_Flow,-,-,-,0,skipped_assumed_exists
620,deriveECUKey_HMAC_SHA256,63011,11,32,2,success
621,SMK_Exchange_Flow,-,-,-,0,skipped_assumed_exists
621,deriveECUKey_HMAC_SHA256,63111,11,32,2,success
622,SMK_Exchange_Flow,-,-,-,0,skipped_assumed_exists
622,deriveECUKey_HMAC_SHA256,63211,11,32,2,success
623,SMK_Exchange_Flow,-,-,-,0,skipped_assumed_exists
623,deriveECUKey_HMAC_SHA256,63311,11,32,2,success
624,SMK_Exchange_Flow,-,-,-,0,skipped_assumed_exists
624,deriveECUKey_HMAC_SHA256,63411,11,32,2,success
625,SMK_Exchange_Flow,-,-,-,0,skipped_assumed_exists
625,deriveECUKey_HMAC_SHA256,63511,11,32,2,success
626,SMK_Exchange_Flow,-,-,-,0,skipped_assumed_exists
626,deriveECUKey_HMAC_SHA256,63611,11,32,2,success
627,SMK_Exchange_Flow,-,-,-,0,skipped_assumed_exists
627,deriveECUKey_HMAC_SHA256,63711,11,32,2,success
628,SMK_Exchange_Flow,-,-,-,0,skipped_assumed_exists
628,deriveECUKey_HMAC_SHA256,63811,11,32,2,success
629,SMK_Exchange_Flow,-,-,-,0,skipped_assumed_exists
629,deriveECUKey_HMAC_SHA256,63911,11,32,2,success
630,SMK_Exchange_Flow,-,-,-,0,skipped_assumed_exists
630,deriveECUKey_HMAC_SHA256,64011,11,32,2,success
631,SMK_Exchange_Flow,-,-,-,0,skipped_assumed_exists
631,deriveECUKey_HMAC_SHA256,64111,11,32,2,success
632,SMK_Exchange_Flow,-,-,-,0,skipped_assumed_exists
632,deriveECUKey_HMAC_SHA256,64211,11,32,2,success
633,SMK_Exchange_Flow,-,-,-,0,skipped_assumed_exists
633,deriveECUKey_HMAC_SHA256,64311,11,32,2,success
634,SMK_Exchange_Flow,-,-,-,0,skipped_assumed_exists
634,deriveECUKey_HMAC_SHA256,64411,11,32,2,success
635,SMK_Exchange_Flow,-,-,-,0,skipped_assumed_exists
635,deriveECUKey_HMAC_SHA256,64511,11,32,2,success
636,SMK_Exchange_Flow,-,-,-,0,skipped_assumed_exists
636,deriveECUKey_HMAC_SHA256,64611,11,32,2,success
637,SMK_Exchange_Flow,-,-,-,0,skipped_assumed_exists
637,deriveECUKey_HMAC_SHA256,64711,11,32,2,success
638,SMK_Exchange_Flow,-,-,-,0,skipped_assumed_exists
638,deriveECUKey_HMAC_SHA256,64811,11,32,2,success
639,SMK_Exchange_Flow,-,-,-,0,skipped_assumed_exists
639,deriveECUKey_HMAC_SHA256,64911,11,32,2,success
640,SMK_Exchange_Flow,-,-,-,0,skipped_assumed_exists
640,deriveECUKey_HMAC_SHA256,65011,11,32,2,success
641,SMK_Exchange_Flow,-,-,-,0,skipped_assumed_exists
641,deriveECUKey_HMAC_SHA256,65111,11,32,2,success
642,SMK_Exchange_Flow,-,-,-,0,skipped_assumed_exists
642,deriveECUKey_HMAC_SHA256,65211,11,32,2,success
643,SMK_Exchange_Flow,-,-,-,0,skipped_assumed_exists
643,deriveECUKey_HMAC_SHA256,65311,11,32,2,success
644,SMK_Exchange_Flow,-,-,-,0,skipped_assumed_exists
644,deriveECUKey_HMAC_SHA256,65411,11,32,2,success
645,SMK_Exchange_Flow,-,-,-,0,skipped_assumed_exists
645,deriveECUKey_HMAC_SHA256,65511,11,32,2,success
646,SMK_Exchange_Flow,-,-,-,0,skipped_assumed_exists
646,deriveECUKey_HMAC_SHA256,65611,11,32,2,success
647,SMK_Exchange_Flow,-,-,-,0,skipped_assumed_exists
647,deriveECUKey_HMAC_SHA256,65711,11,32,2,success
648,SMK_Exchange_Flow,-,-,-,0,skipped_assumed_exists
648,deriveECUKey_HMAC_SHA256,65811,11,32,2,success
649,SMK_Exchange_Flow,-,-,-,0,skipped_assumed_exists
649,deriveECUKey_HMAC_SHA256,65911,11,32,2,success
650,SMK_Exchange_Flow,-,-,-,0,skipped_assumed_exists
650,deriveECUKey_HMAC_SHA256,66011,11,32,2,success
651,SMK_Exchange_Flow,-,-,-,0,skipped_assumed_exists
651,deriveECUKey_HMAC_SHA256,66111,11,32,2,success
652,SMK_Exchange_Flow,-,-,-,0,skipped_assumed_exists
652,deriveECUKey_HMAC_SHA256,66211,11,32,2,success
653,SMK_Exchange_Flow,-,-,-,0,skipped_assumed_exists
653,deriveECUKey_HMAC_SHA256,66311,11,32,2,success
654,SMK_Exchange_Flow,-,-,-,0,skipped_assumed_exists
654,deriveECUKey_HMAC_SHA256,66411,11,32,2,success
655,SMK_Exchange_Flow,-,-,-,0,skipped_assumed_exists
655,deriveECUKey_HMAC_SHA256,66511,11,32,2,success
656,SMK_Exchange_Flow,-,-,-,0,skipped_assumed_exists
656,deriveECUKey_HMAC_SHA256,66611,11,32,2,success
657,SMK_Exchange_Flow,-,-,-,0,skipped_assumed_exists
657,deriveECUKey_HMAC_SHA256,66711,11,32,2,success
658,SMK_Exchange_Flow,-,-,-,0,skipped_assumed_exists
658,deriveECUKey_HMAC_SHA256,66811,11,32,2,success
659,SMK_Exchange_Flow,-,-,-,0,skipped_assumed_exists
659,deriveECUKey_HMAC_SHA256,66911,11,32,2,success
660,SMK_Exchange_Flow,-,-,-,0,skipped_assumed_exists
660,deriveECUKey_HMAC_SHA256,67011,11,32,2,success
661,SMK_Exchange_Flow,-,-,-,0,skipped_assumed_exists
661,deriveECUKey_HMAC_SHA256,67111,11,32,2,success
662,SMK_Exchange_Flow,-,-,-,0,skipped_assumed_exists
662,deriveECUKey_HMAC_SHA256,67211,11,32,2,success
663,SMK_Exchange_Flow,-,-,-,0,skipped_assumed_exists
663,deriveECUKey_HMAC_SHA256,67311,11,32,2,success
664,SMK_Exchange_Flow,-,-,-,0,skipped_assumed_exists
664,deriveECUKey_HMAC_SHA256,67411,11,32,2,success
665,SMK_Exchange_Flow,-,-,-,0,skipped_assumed_exists
665,deriveECUKey_HMAC_SHA256,67511,11,32,2,success
666,SMK_Exchange_Flow,-,-,-,0,skipped_assumed_exists
666,deriveECUKey_HMAC_SHA256,67611,11,32,2,success
667,SMK_Exchange_Flow,-,-,-,0,skipped_assumed_exists
667,deriveECUKey_HMAC_SHA256,67711,11,32,2,success
668,SMK_Exchange_Flow,-,-,-,0,skipped_assumed_exists
668,deriveECUKey_HMAC_SHA256,67811,11,32,2,success
669,SMK_Exchange_Flow,-,-,-,0,skipped_assumed_exists
669,deriveECUKey_HMAC_SHA256,67911,11,32,2,success
670,SMK_Exchange_Flow,-,-,-,0,skipped_assumed_exists
670,deriveECUKey_HMAC_SHA256,68011,11,32,2,success
671,SMK_Exchange_Flow,-,-,-,0,skipped_assumed_exists
671,deriveECUKey_HMAC_SHA256,68111,11,32,2,success
672,SMK_Exchange_Flow,-,-,-,0,skipped_assumed_exists
672,deriveECUKey_HMAC_SHA256,68211,11,32,2,success
673,SMK_Exchange_Flow,-,-,-,0,skipped_assumed_exists
673,deriveECUKey_HMAC_SHA256,68311,11,32,2,success
674,SMK_Exchange_Flow,-,-,-,0,skipped_assumed_exists
674,deriveECUKey_HMAC_SHA256,68411,11,32,2,success
675,SMK_Exchange_Flow,-,-,-,0,skipped_assumed_exists
675,deriveECUKey_HMAC_SHA256,68511,11,32,2,success
676,SMK_Exchange_Flow,-,-,-,0,skipped_assumed_exists
676,deriveECUKey_HMAC_SHA256,68611,11,32,2,success
677,SMK_Exchange_Flow,-,-,-,0,skipped_assumed_exists
677,deriveECUKey_HMAC_SHA256,68711,11,32,2,success
678,SMK_Exchange_Flow,-,-,-,0,skipped_assumed_exists
678,deriveECUKey_HMAC_SHA256,68811,11,32,2,success
679,SMK_Exchange_Flow,-,-,-,0,skipped_assumed_exists
679,deriveECUKey_HMAC_SHA256,68911,11,32,2,success
680,SMK_Exchange_Flow,-,-,-,0,skipped_assumed_exists
680,deriveECUKey_HMAC_SHA256,69011,11,32,2,success
681,SMK_Exchange_Flow,-,-,-,0,skipped_assumed_exists
681,deriveECUKey_HMAC_SHA256,69111,11,32,2,success
682,SMK_Exchange_Flow,-,-,-,0,skipped_assumed_exists
682,deriveECUKey_HMAC_SHA256,69211,11,32,2,success
683,SMK_Exchange_Flow,-,-,-,0,skipped_assumed_exists
683,deriveECUKey_HMAC_SHA256,69311,11,32,2,success
684,SMK_Exchange_Flow,-,-,-,0,skipped_assumed_exists
684,deriveECUKey_HMAC_SHA256,69411,11,32,2,success
685,SMK_Exchange_Flow,-,-,-,0,skipped_assumed_exists
685,deriveECUKey_HMAC_SHA256,69511,11,32,2,success
686,SMK_Exchange_Flow,-,-,-,0,skipped_assumed_exists
686,deriveECUKey_HMAC_SHA256,69611,11,32,2,success
687,SMK_Exchange_Flow,-,-,-,0,skipped_assumed_exists
687,deriveECUKey_HMAC_SHA256,69711,11,32,2,success
688,SMK_Exchange_Flow,-,-,-,0,skipped_assumed_exists
688,deriveECUKey_HMAC_SHA256,69811,11,32,2,success
689,SMK_Exchange_Flow,-,-,-,0,skipped_assumed_exists
689,deriveECUKey_HMAC_SHA256,69911,11,32,2,success
690,SMK_Exchange_Flow,-,-,-,0,skipped_assumed_exists
690,deriveECUKey_HMAC_SHA256,70011,11,32,2,success
691,SMK_Exchange_Flow,-,-,-,0,skipped_assumed_exists
691,deriveECUKey_HMAC_SHA256,70111,11,32,2,success
692,SMK_Exchange_Flow,-,-,-,0,skipped_assumed_exists
692,deriveECUKey_HMAC_SHA256,70211,11,32,2,success
693,SMK_Exchange_Flow,-,-,-,0,skipped_assumed_exists
693,deriveECUKey_HMAC_SHA256,70311,11,32,2,success
694,SMK_Exchange_Flow,-,-,-,0,skipped_assumed_exists
694,deriveECUKey_HMAC_SHA256,70411,11,32,2,success
695,SMK_Exchange_Flow,-,-,-,0,skipped_assumed_exists
695,deriveECUKey_HMAC_SHA256,70511,11,32,2,success
696,SMK_Exchange_Flow,-,-,-,0,skipped_assumed_exists
696,deriveECUKey_HMAC_SHA256,70611,11,32,2,success
697,SMK_Exchange_Flow,-,-,-,0,skipped_assumed_exists
697,deriveECUKey_HMAC_SHA256,70711,11,32,2,success
698,SMK_Exchange_Flow,-,-,-,0,skipped_assumed_exists
698,deriveECUKey_HMAC_SHA256,70811,11,32,2,success
699,SMK_Exchange_Flow,-,-,-,0,skipped_assumed_exists
699,deriveECUKey_HMAC_SHA256,70911,11,32,2,success
700,SMK_Exchange_Flow,-,-,-,0,skipped_assumed_exists
700,deriveECUKey_HMAC_SHA256,71011,11,32,2,success
701,SMK_Exchange_Flow,-,-,-,0,skipped_assumed_exists
701,deriveECUKey_HMAC_SHA256,71111,11,32,2,success
702,SMK_Exchange_Flow,-,-,-,0,skipped_assumed_exists
702,deriveECUKey_HMAC_SHA256,71211,11,32,2,success
703,SMK_Exchange_Flow,-,-,-,0,skipped_assumed_exists
703,deriveECUKey_HMAC_SHA256,71311,11,32,2,success
704,SMK_Exchange_Flow,-,-,-,0,skipped_assumed_exists
704,deriveECUKey_HMAC_SHA256,71411,11,32,2,success
705,SMK_Exchange_Flow,-,-,-,0,skipped_assumed_exists
705,deriveECUKey_HMAC_SHA256,71511,11,32,2,success
706,SMK_Exchange_Flow,-,-,-,0,skipped_assumed_exists
706,deriveECUKey_HMAC_SHA256,71611,11,32,2,success
707,SMK_Exchange_Flow,-,-,-,0,skipped_assumed_exists
707,deriveECUKey_HMAC_SHA256,71711,11,32,2,success
708,SMK_Exchange_Flow,-,-,-,0,skipped_assumed_exists
708,deriveECUKey_HMAC_SHA256,71811,11,32,2,success
709,SMK_Exchange_Flow,-,-,-,0,skipped_assumed_exists
709,deriveECUKey_HMAC_SHA256,71911,11,32,2,success
710,SMK_Exchange_Flow,-,-,-,0,skipped_assumed_exists
710,deriveECUKey_HMAC_SHA256,72011,11,32,2,success
711,SMK_Exchange_Flow,-,-,-,0,skipped_assumed_exists
711,deriveECUKey_HMAC_SHA256,72111,11,32,2,success
712,SMK_Exchange_Flow,-,-,-,0,skipped_assumed_exists
712,deriveECUKey_HMAC_SHA256,72211,11,32,2,success
713,SMK_Exchange_Flow,-,-,-,0,skipped_assumed_exists
713,deriveECUKey_HMAC_SHA256,72311,11,32,2,success
714,SMK_Exchange_Flow,-,-,-,0,skipped_assumed_exists
714,deriveECUKey_HMAC_SHA256,72411,11,32,2,success
715,SMK_Exchange_Flow,-,-,-,0,skipped_assumed_exists
715,deriveECUKey_HMAC_SHA256,72511,11,32,2,success
716,SMK_Exchange_Flow,-,-,-,0,skipped_assumed_exists
716,deriveECUKey_HMAC_SHA256,72611,11,32,2,success
717,SMK_Exchange_Flow,-,-,-,0,skipped_assumed_exists
717,deriveECUKey_HMAC_SHA256,72711,11,32,2,success
718,SMK_Exchange_Flow,-,-,-,0,skipped_assumed_exists
718,deriveECUKey_HMAC_SHA256,72811,11,32,2,success
719,SMK_Exchange_Flow,-,-,-,0,skipped_assumed_exists
719,deriveECUKey_HMAC_SHA256,72911,11,32,2,success
720,SMK_Exchange_Flow,-,-,-,0,skipped_assumed_exists
720,deriveECUKey_HMAC_SHA256,73011,11,32,2,success
721,SMK_Exchange_Flow,-,-,-,0,skipped_assumed_exists
721,deriveECUKey_HMAC_SHA256,73111,11,32,2,success
722,SMK_Exchange_Flow,-,-,-,0,skipped_assumed_exists
722,deriveECUKey_HMAC_SHA256,73211,11,32,2,success
723,SMK_Exchange_Flow,-,-,-,0,skipped_assumed_exists
723,deriveECUKey_HMAC_SHA256,73311,11,32,2,success
724,SMK_Exchange_Flow,-,-,-,0,skipped_assumed_exists
724,deriveECUKey_HMAC_SHA256,73411,11,32,2,success
725,SMK_Exchange_Flow,-,-,-,0,skipped_assumed_exists
725,deriveECUKey_HMAC_SHA256,73511,11,32,2,success
726,SMK_Exchange_Flow,-,-,-,0,skipped_assumed_exists
726,deriveECUKey_HMAC_SHA256,73611,11,32,2,success
727,SMK_Exchange_Flow,-,-,-,0,skipped_assumed_exists
727,deriveECUKey_HMAC_SHA256,73711,11,32,2,success
728,SMK_Exchange_Flow,-,-,-,0,skipped_assumed_exists
728,deriveECUKey_HMAC_SHA256,73811,11,32,2,success
729,SMK_Exchange_Flow,-,-,-,0,skipped_assumed_exists
729,deriveECUKey_HMAC_SHA256,73911,11,32,2,success
730,SMK_Exchange_Flow,-,-,-,0,skipped_assumed_exists
730,deriveECUKey_HMAC_SHA256,74011,11,32,2,success
731,SMK_Exchange_Flow,-,-,-,0,skipped_assumed_exists
731,deriveECUKey_HMAC_SHA256,74111,11,32,2,success
732,SMK_Exchange_Flow,-,-,-,0,skipped_assumed_exists
732,deriveECUKey_HMAC_SHA256,74211,11,32,2,success
733,SMK_Exchange_Flow,-,-,-,0,skipped_assumed_exists
733,deriveECUKey_HMAC_SHA256,74311,11,32,2,success
734,SMK_Exchange_Flow,-,-,-,0,skipped_assumed_exists
734,deriveECUKey_HMAC_SHA256,74411,11,32,2,success
735,SMK_Exchange_Flow,-,-,-,0,skipped_assumed_exists
735,deriveECUKey_HMAC_SHA256,74511,11,32,2,success
736,SMK_Exchange_Flow,-,-,-,0,skipped_assumed_exists
736,deriveECUKey_HMAC_SHA256,74611,11,32,2,success
737,SMK_Exchange_Flow,-,-,-,0,skipped_assumed_exists
737,deriveECUKey_HMAC_SHA256,74711,11,32,2,success
738,SMK_Exchange_Flow,-,-,-,0,skipped_assumed_exists
738,deriveECUKey_HMAC_SHA256,74811,11,32,2,success
739,SMK_Exchange_Flow,-,-,-,0,skipped_assumed_exists
739,deriveECUKey_HMAC_SHA256,74911,11,32,2,success
740,SMK_Exchange_Flow,-,-,-,0,skipped_assumed_exists
740,deriveECUKey_HMAC_SHA256,75011,11,32,2,success
741,SMK_Exchange_Flow,-,-,-,0,skipped_assumed_exists
741,deriveECUKey_HMAC_SHA256,75111,11,32,2,success
742,SMK_Exchange_Flow,-,-,-,0,skipped_assumed_exists
742,deriveECUKey_HMAC_SHA256,75211,11,32,2,success
743,SMK_Exchange_Flow,-,-,-,0,skipped_assumed_exists
743,deriveECUKey_HMAC_SHA256,75311,11,32,2,success
744,SMK_Exchange_Flow,-,-,-,0,skipped_assumed_exists
744,deriveECUKey_HMAC_SHA256,75411,11,32,2,success
745,SMK_Exchange_Flow,-,-,-,0,skipped_assumed_exists
745,deriveECUKey_HMAC_SHA256,75511,11,32,2,success
746,SMK_Exchange_Flow,-,-,-,0,skipped_assumed_exists
746,deriveECUKey_HMAC_SHA256,75611,11,32,2,success
747,SMK_Exchange_Flow,-,-,-,0,skipped_assumed_exists
747,deriveECUKey_HMAC_SHA256,75711,11,32,2,success
748,SMK_Exchange_Flow,-,-,-,0,skipped_assumed_exists
748,deriveECUKey_HMAC_SHA256,75811,11,32,2,success
749,SMK_Exchange_Flow,-,-,-,0,skipped_assumed_exists
749,deriveECUKey_HMAC_SHA256,75911,11,32,2,success
750,SMK_Exchange_Flow,-,-,-,0,skipped_assumed_exists
750,deriveECUKey_HMAC_SHA256,76011,11,32,2,success
751,SMK_Exchange_Flow,-,-,-,0,skipped_assumed_exists
751,deriveECUKey_HMAC_SHA256,76111,11,32,2,success
752,SMK_Exchange_Flow,-,-,-,0,skipped_assumed_exists
752,deriveECUKey_HMAC_SHA256,76211,11,32,2,success
753,SMK_Exchange_Flow,-,-,-,0,skipped_assumed_exists
753,deriveECUKey_HMAC_SHA256,76311,11,32,2,success
754,SMK_Exchange_Flow,-,-,-,0,skipped_assumed_exists
754,deriveECUKey_HMAC_SHA256,76411,11,32,2,success
755,SMK_Exchange_Flow,-,-,-,0,skipped_assumed_exists
755,deriveECUKey_HMAC_SHA256,76511,11,32,2,success
756,SMK_Exchange_Flow,-,-,-,0,skipped_assumed_exists
756,deriveECUKey_HMAC_SHA256,76611,11,32,2,success
757,SMK_Exchange_Flow,-,-,-,0,skipped_assumed_exists
757,deriveECUKey_HMAC_SHA256,76711,11,32,2,success
758,SMK_Exchange_Flow,-,-,-,0,skipped_assumed_exists
758,deriveECUKey_HMAC_SHA256,76811,11,32,2,success
759,SMK_Exchange_Flow,-,-,-,0,skipped_assumed_exists
759,deriveECUKey_HMAC_SHA256,76911,11,32,2,success
760,SMK_Exchange_Flow,-,-,-,0,skipped_assumed_exists
760,deriveECUKey_HMAC_SHA256,77011,11,32,2,success
761,SMK_Exchange_Flow,-,-,-,0,skipped_assumed_exists
761,deriveECUKey_HMAC_SHA256,77111,11,32,2,success
762,SMK_Exchange_Flow,-,-,-,0,skipped_assumed_exists
762,deriveECUKey_HMAC_SHA256,77211,11,32,2,success
763,SMK_Exchange_Flow,-,-,-,0,skipped_assumed_exists
763,deriveECUKey_HMAC_SHA256,77311,11,32,2,success
764,SMK_Exchange_Flow,-,-,-,0,skipped_assumed_exists
764,deriveECUKey_HMAC_SHA256,77411,11,32,2,success
765,SMK_Exchange_Flow,-,-,-,0,skipped_assumed_exists
765,deriveECUKey_HMAC_SHA256,77511,11,32,2,success
766,SMK_Exchange_Flow,-,-,-,0,skipped_assumed_exists
766,deriveECUKey_HMAC_SHA256,77611,11,32,2,success
767,SMK_Exchange_Flow,-,-,-,0,skipped_assumed_exists
767,deriveECUKey_HMAC_SHA256,77711,11,32,2,success
768,SMK_Exchange_Flow,-,-,-,0,skipped_assumed_exists
768,deriveECUKey_HMAC_SHA256,77811,11,32,2,success
769,SMK_Exchange_Flow,-,-,-,0,skipped_assumed_exists
769,deriveECUKey_HMAC_SHA256,77911,11,32,2,success
770,SMK_Exchange_Flow,-,-,-,0,skipped_assumed_exists
770,deriveECUKey_HMAC_SHA256,78011,11,32,2,success
771,SMK_Exchange_Flow,-,-,-,0,skipped_assumed_exists
771,deriveECUKey_HMAC_SHA256,78111,11,32,2,success
772,SMK_Exchange_Flow,-,-,-,0,skipped_assumed_exists
772,deriveECUKey_HMAC_SHA256,78211,11,32,2,success
773,SMK_Exchange_Flow,-,-,-,0,skipped_assumed_exists
773,deriveECUKey_HMAC_SHA256,78311,11,32,2,success
774,SMK_Exchange_Flow,-,-,-,0,skipped_assumed_exists
774,deriveECUKey_HMAC_SHA256,78411,11,32,2,success
775,SMK_Exchange_Flow,-,-,-,0,skipped_assumed_exists
775,deriveECUKey_HMAC_SHA256,78511,11,32,2,success
776,SMK_Exchange_Flow,-,-,-,0,skipped_assumed_exists
776,deriveECUKey_HMAC_SHA256,78611,11,32,2,success
777,SMK_Exchange_Flow,-,-,-,0,skipped_assumed_exists
777,deriveECUKey_HMAC_SHA256,78711,11,32,2,success
778,SMK_Exchange_Flow,-,-,-,0,skipped_assumed_exists
778,deriveECUKey_HMAC_SHA256,78811,11,32,2,success
779,SMK_Exchange_Flow,-,-,-,0,skipped_assumed_exists
779,deriveECUKey_HMAC_SHA256,78911,11,32,2,success
780,SMK_Exchange_Flow,-,-,-,0,skipped_assumed_exists
780,deriveECUKey_HMAC_SHA256,79011,11,32,2,success
781,SMK_Exchange_Flow,-,-,-,0,skipped_assumed_exists
781,deriveECUKey_HMAC_SHA256,79111,11,32,2,success
782,SMK_Exchange_Flow,-,-,-,0,skipped_assumed_exists
782,deriveECUKey_HMAC_SHA256,79211,11,32,2,success
783,SMK_Exchange_Flow,-,-,-,0,skipped_assumed_exists
783,deriveECUKey_HMAC_SHA256,79311,11,32,2,success
784,SMK_Exchange_Flow,-,-,-,0,skipped_assumed_exists
784,deriveECUKey_HMAC_SHA256,79411,11,32,2,success
785,SMK_Exchange_Flow,-,-,-,0,skipped_assumed_exists
785,deriveECUKey_HMAC_SHA256,79511,11,32,2,success
786,SMK_Exchange_Flow,-,-,-,0,skipped_assumed_exists
786,deriveECUKey_HMAC_SHA256,79611,11,32,2,success
787,SMK_Exchange_Flow,-,-,-,0,skipped_assumed_exists
787,deriveECUKey_HMAC_SHA256,79711,11,32,2,success
788,SMK_Exchange_Flow,-,-,-,0,skipped_assumed_exists
788,deriveECUKey_HMAC_SHA256,79811,11,32,2,success
789,SMK_Exchange_Flow,-,-,-,0,skipped_assumed_exists
789,deriveECUKey_HMAC_SHA256,79911,11,32,2,success
790,SMK_Exchange_Flow,-,-,-,0,skipped_assumed_exists
790,deriveECUKey_HMAC_SHA256,80011,11,32,2,success
791,SMK_Exchange_Flow,-,-,-,0,skipped_assumed_exists
791,deriveECUKey_HMAC_SHA256,80111,11,32,2,success
792,SMK_Exchange_Flow,-,-,-,0,skipped_assumed_exists
792,deriveECUKey_HMAC_SHA256,80211,11,32,2,success
793,SMK_Exchange_Flow,-,-,-,0,skipped_assumed_exists
793,deriveECUKey_HMAC_SHA256,80311,11,32,2,success
794,SMK_Exchange_Flow,-,-,-,0,skipped_assumed_exists
794,deriveECUKey_HMAC_SHA256,80411,11,32,2,success
795,SMK_Exchange_Flow,-,-,-,0,skipped_assumed_exists
795,deriveECUKey_HMAC_SHA256,80511,11,32,2,success
796,SMK_Exchange_Flow,-,-,-,0,skipped_assumed_exists
796,deriveECUKey_HMAC_SHA256,80611,11,32,2,success
797,SMK_Exchange_Flow,-,-,-,0,skipped_assumed_exists
797,deriveECUKey_HMAC_SHA256,80711,11,32,2,success
798,SMK_Exchange_Flow,-,-,-,0,skipped_assumed_exists
798,deriveECUKey_HMAC_SHA256,80811,11,32,2,success
799,SMK_Exchange_Flow,-,-,-,0,skipped_assumed_exists
799,deriveECUKey_HMAC_SHA256,80911,11,32,2,success
800,SMK_Exchange_Flow,-,-,-,0,skipped_assumed_exists
800,deriveECUKey_HMAC_SHA256,81011,11,32,2,success
801,SMK_Exchange_Flow,-,-,-,0,skipped_assumed_exists
801,deriveECUKey_HMAC_SHA256,81111,11,32,2,success
802,SMK_Exchange_Flow,-,-,-,0,skipped_assumed_exists
802,deriveECUKey_HMAC_SHA256,81211,11,32,2,success
803,SMK_Exchange_Flow,-,-,-,0,skipped_assumed_exists
803,deriveECUKey_HMAC_SHA256,81311,11,32,2,success
804,SMK_Exchange_Flow,-,-,-,0,skipped_assumed_exists
804,deriveECUKey_HMAC_SHA256,81411,11,32,2,success
805,SMK_Exchange_Flow,-,-,-,0,skipped_assumed_exists
805,deriveECUKey_HMAC_SHA256,81511,11,32,2,success
806,SMK_Exchange_Flow,-,-,-,0,skipped_assumed_exists
806,deriveECUKey_HMAC_SHA256,81611,11,32,2,success
807,SMK_Exchange_Flow,-,-,-,0,skipped_assumed_exists
807,deriveECUKey_HMAC_SHA256,81711,11,32,2,success
808,SMK_Exchange_Flow,-,-,-,0,skipped_assumed_exists
808,deriveECUKey_HMAC_SHA256,81811,11,32,2,success
809,SMK_Exchange_Flow,-,-,-,0,skipped_assumed_exists
809,deriveECUKey_HMAC_SHA256,81911,11,32,2,success
810,SMK_Exchange_Flow,-,-,-,0,skipped_assumed_exists
810,deriveECUKey_HMAC_SHA256,82011,11,32,2,success
811,SMK_Exchange_Flow,-,-,-,0,skipped_assumed_exists
811,deriveECUKey_HMAC_SHA256,82111,11,32,2,success
812,SMK_Exchange_Flow,-,-,-,0,skipped_assumed_exists
812,deriveECUKey_HMAC_SHA256,82211,11,32,2,success
813,SMK_Exchange_Flow,-,-,-,0,skipped_assumed_exists
813,deriveECUKey_HMAC_SHA256,82311,11,32,2,success
814,SMK_Exchange_Flow,-,-,-,0,skipped_assumed_exists
814,deriveECUKey_HMAC_SHA256,82411,11,32,2,success
815,SMK_Exchange_Flow,-,-,-,0,skipped_assumed_exists
815,deriveECUKey_HMAC_SHA256,82511,11,32,2,success
816,SMK_Exchange_Flow,-,-,-,0,skipped_assumed_exists
816,deriveECUKey_HMAC_SHA256,82611,11,32,2,success
817,SMK_Exchange_Flow,-,-,-,0,skipped_assumed_exists
817,deriveECUKey_HMAC_SHA256,82711,11,32,2,success
818,SMK_Exchange_Flow,-,-,-,0,skipped_assumed_exists
818,deriveECUKey_HMAC_SHA256,82811,11,32,2,success
819,SMK_Exchange_Flow,-,-,-,0,skipped_assumed_exists
819,deriveECUKey_HMAC_SHA256,82911,11,32,2,success
820,SMK_Exchange_Flow,-,-,-,0,skipped_assumed_exists
820,deriveECUKey_HMAC_SHA256,83011,11,32,2,success
821,SMK_Exchange_Flow,-,-,-,0,skipped_assumed_exists
821,deriveECUKey_HMAC_SHA256,83111,11,32,2,success
822,SMK_Exchange_Flow,-,-,-,0,skipped_assumed_exists
822,deriveECUKey_HMAC_SHA256,83211,11,32,2,success
823,SMK_Exchange_Flow,-,-,-,0,skipped_assumed_exists
823,deriveECUKey_HMAC_SHA256,83311,11,32,2,success
824,SMK_Exchange_Flow,-,-,-,0,skipped_assumed_exists
824,deriveECUKey_HMAC_SHA256,83411,11,32,2,success
825,SMK_Exchange_Flow,-,-,-,0,skipped_assumed_exists
825,deriveECUKey_HMAC_SHA256,83511,11,32,2,success
826,SMK_Exchange_Flow,-,-,-,0,skipped_assumed_exists
826,deriveECUKey_HMAC_SHA256,83611,11,32,2,success
827,SMK_Exchange_Flow,-,-,-,0,skipped_assumed_exists
827,deriveECUKey_HMAC_SHA256,83711,11,32,2,success
828,SMK_Exchange_Flow,-,-,-,0,skipped_assumed_exists
828,deriveECUKey_HMAC_SHA256,83811,11,32,2,success
829,SMK_Exchange_Flow,-,-,-,0,skipped_assumed_exists
829,deriveECUKey_HMAC_SHA256,83911,11,32,2,success
830,SMK_Exchange_Flow,-,-,-,0,skipped_assumed_exists
830,deriveECUKey_HMAC_SHA256,84011,11,32,2,success
831,SMK_Exchange_Flow,-,-,-,0,skipped_assumed_exists
831,deriveECUKey_HMAC_SHA256,84111,11,32,2,success
832,SMK_Exchange_Flow,-,-,-,0,skipped_assumed_exists
832,deriveECUKey_HMAC_SHA256,84211,11,32,2,success
833,SMK_Exchange_Flow,-,-,-,0,skipped_assumed_exists
833,deriveECUKey_HMAC_SHA256,84311,11,32,2,success
834,SMK_Exchange_Flow,-,-,-,0,skipped_assumed_exists
834,deriveECUKey_HMAC_SHA256,84411,11,32,2,success
835,SMK_Exchange_Flow,-,-,-,0,skipped_assumed_exists
835,deriveECUKey_HMAC_SHA256,84511,11,32,2,success
836,SMK_Exchange_Flow,-,-,-,0,skipped_assumed_exists
836,deriveECUKey_HMAC_SHA256,84611,11,32,2,success
837,SMK_Exchange_Flow,-,-,-,0,skipped_assumed_exists
837,deriveECUKey_HMAC_SHA256,84711,11,32,2,success
838,SMK_Exchange_Flow,-,-,-,0,skipped_assumed_exists
838,deriveECUKey_HMAC_SHA256,84811,11,32,2,success
839,SMK_Exchange_Flow,-,-,-,0,skipped_assumed_exists
839,deriveECUKey_HMAC_SHA256,84911,11,32,2,success
840,SMK_Exchange_Flow,-,-,-,0,skipped_assumed_exists
840,deriveECUKey_HMAC_SHA256,85011,11,32,2,success
841,SMK_Exchange_Flow,-,-,-,0,skipped_assumed_exists
841,deriveECUKey_HMAC_SHA256,85111,11,32,2,success
842,SMK_Exchange_Flow,-,-,-,0,skipped_assumed_exists
842,deriveECUKey_HMAC_SHA256,85211,11,32,2,success
843,SMK_Exchange_Flow,-,-,-,0,skipped_assumed_exists
843,deriveECUKey_HMAC_SHA256,85311,11,32,2,success
844,SMK_Exchange_Flow,-,-,-,0,skipped_assumed_exists
844,deriveECUKey_HMAC_SHA256,85411,11,32,2,success
845,SMK_Exchange_Flow,-,-,-,0,skipped_assumed_exists
845,deriveECUKey_HMAC_SHA256,85511,11,32,2,success
846,SMK_Exchange_Flow,-,-,-,0,skipped_assumed_exists
846,deriveECUKey_HMAC_SHA256,85611,11,32,2,success
847,SMK_Exchange_Flow,-,-,-,0,skipped_assumed_exists
847,deriveECUKey_HMAC_SHA256,85711,11,32,2,success
848,SMK_Exchange_Flow,-,-,-,0,skipped_assumed_exists
848,deriveECUKey_HMAC_SHA256,85811,11,32,2,success
849,SMK_Exchange_Flow,-,-,-,0,skipped_assumed_exists
849,deriveECUKey_HMAC_SHA256,85911,11,32,2,success
850,SMK_Exchange_Flow,-,-,-,0,skipped_assumed_exists
850,deriveECUKey_HMAC_SHA256,86011,11,32,2,success
851,SMK_Exchange_Flow,-,-,-,0,skipped_assumed_exists
851,deriveECUKey_HMAC_SHA256,86111,11,32,2,success
852,SMK_Exchange_Flow,-,-,-,0,skipped_assumed_exists
852,deriveECUKey_HMAC_SHA256,86211,11,32,2,success
853,SMK_Exchange_Flow,-,-,-,0,skipped_assumed_exists
853,deriveECUKey_HMAC_SHA256,86311,11,32,2,success
854,SMK_Exchange_Flow,-,-,-,0,skipped_assumed_exists
854,deriveECUKey_HMAC_SHA256,86411,11,32,2,success
855,SMK_Exchange_Flow,-,-,-,0,skipped_assumed_exists
855,deriveECUKey_HMAC_SHA256,86511,11,32,2,success
856,SMK_Exchange_Flow,-,-,-,0,skipped_assumed_exists
856,deriveECUKey_HMAC_SHA256,86611,11,32,2,success
857,SMK_Exchange_Flow,-,-,-,0,skipped_assumed_exists
857,deriveECUKey_HMAC_SHA256,86711,11,32,2,success
858,SMK_Exchange_Flow,-,-,-,0,skipped_assumed_exists
858,deriveECUKey_HMAC_SHA256,86811,11,32,2,success
859,SMK_Exchange_Flow,-,-,-,0,skipped_assumed_exists
859,deriveECUKey_HMAC_SHA256,86911,11,32,2,success
860,SMK_Exchange_Flow,-,-,-,0,skipped_assumed_exists
860,deriveECUKey_HMAC_SHA256,87011,11,32,2,success
861,SMK_Exchange_Flow,-,-,-,0,skipped_assumed_exists
861,deriveECUKey_HMAC_SHA256,87111,11,32,2,success
862,SMK_Exchange_Flow,-,-,-,0,skipped_assumed_exists
862,deriveECUKey_HMAC_SHA256,87211,11,32,2,success
863,SMK_Exchange_Flow,-,-,-,0,skipped_assumed_exists
863,deriveECUKey_HMAC_SHA256,87311,11,32,2,success
864,SMK_Exchange_Flow,-,-,-,0,skipped_assumed_exists
864,deriveECUKey_HMAC_SHA256,87411,11,32,2,success
865,SMK_Exchange_Flow,-,-,-,0,skipped_assumed_exists
865,deriveECUKey_HMAC_SHA256,87511,11,32,2,success
866,SMK_Exchange_Flow,-,-,-,0,skipped_assumed_exists
866,deriveECUKey_HMAC_SHA256,87611,11,32,2,success
867,SMK_Exchange_Flow,-,-,-,0,skipped_assumed_exists
867,deriveECUKey_HMAC_SHA256,87711,11,32,2,success
868,SMK_Exchange_Flow,-,-,-,0,skipped_assumed_exists
868,deriveECUKey_HMAC_SHA256,87811,11,32,2,success
869,SMK_Exchange_Flow,-,-,-,0,skipped_assumed_exists
869,deriveECUKey_HMAC_SHA256,87911,11,32,2,success
870,SMK_Exchange_Flow,-,-,-,0,skipped_assumed_exists
870,deriveECUKey_HMAC_SHA256,88011,11,32,2,success
871,SMK_Exchange_Flow,-,-,-,0,skipped_assumed_exists
871,deriveECUKey_HMAC_SHA256,88111,11,32,2,success
872,SMK_Exchange_Flow,-,-,-,0,skipped_assumed_exists
872,deriveECUKey_HMAC_SHA256,88211,11,32,2,success
873,SMK_Exchange_Flow,-,-,-,0,skipped_assumed_exists
873,deriveECUKey_HMAC_SHA256,88311,11,32,2,success
874,SMK_Exchange_Flow,-,-,-,0,skipped_assumed_exists
874,deriveECUKey_HMAC_SHA256,88411,11,32,2,success
875,SMK_Exchange_Flow,-,-,-,0,skipped_assumed_exists
875,deriveECUKey_HMAC_SHA256,88511,11,32,2,success
876,SMK_Exchange_Flow,-,-,-,0,skipped_assumed_exists
876,deriveECUKey_HMAC_SHA256,88611,11,32,2,success
877,SMK_Exchange_Flow,-,-,-,0,skipped_assumed_exists
877,deriveECUKey_HMAC_SHA256,88711,11,32,2,success
878,SMK_Exchange_Flow,-,-,-,0,skipped_assumed_exists
878,deriveECUKey_HMAC_SHA256,88811,11,32,2,success
879,SMK_Exchange_Flow,-,-,-,0,skipped_assumed_exists
879,deriveECUKey_HMAC_SHA256,88911,11,32,2,success
880,SMK_Exchange_Flow,-,-,-,0,skipped_assumed_exists
880,deriveECUKey_HMAC_SHA256,89011,11,32,2,success
881,SMK_Exchange_Flow,-,-,-,0,skipped_assumed_exists
881,deriveECUKey_HMAC_SHA256,89111,11,32,2,success
882,SMK_Exchange_Flow,-,-,-,0,skipped_assumed_exists
882,deriveECUKey_HMAC_SHA256,89211,11,32,2,success
883,SMK_Exchange_Flow,-,-,-,0,skipped_assumed_exists
883,deriveECUKey_HMAC_SHA256,89311,11,32,2,success
884,SMK_Exchange_Flow,-,-,-,0,skipped_assumed_exists
884,deriveECUKey_HMAC_SHA256,89411,11,32,2,success
885,SMK_Exchange_Flow,-,-,-,0,skipped_assumed_exists
885,deriveECUKey_HMAC_SHA256,89511,11,32,2,success
886,SMK_Exchange_Flow,-,-,-,0,skipped_assumed_exists
886,deriveECUKey_HMAC_SHA256,89611,11,32,2,success
887,SMK_Exchange_Flow,-,-,-,0,skipped_assumed_exists
887,deriveECUKey_HMAC_SHA256,89711,11,32,2,success
888,SMK_Exchange_Flow,-,-,-,0,skipped_assumed_exists
888,deriveECUKey_HMAC_SHA256,89811,11,32,2,success
889,SMK_Exchange_Flow,-,-,-,0,skipped_assumed_exists
889,deriveECUKey_HMAC_SHA256,89911,11,32,2,success
890,SMK_Exchange_Flow,-,-,-,0,skipped_assumed_exists
890,deriveECUKey_HMAC_SHA256,90011,11,32,2,success
891,SMK_Exchange_Flow,-,-,-,0,skipped_assumed_exists
891,deriveECUKey_HMAC_SHA256,90111,11,32,2,success
892,SMK_Exchange_Flow,-,-,-,0,skipped_assumed_exists
892,deriveECUKey_HMAC_SHA256,90211,11,32,2,success
893,SMK_Exchange_Flow,-,-,-,0,skipped_assumed_exists
893,deriveECUKey_HMAC_SHA256,90311,11,32,2,success
894,SMK_Exchange_Flow,-,-,-,0,skipped_assumed_exists
894,deriveECUKey_HMAC_SHA256,90411,11,32,2,success
895,SMK_Exchange_Flow,-,-,-,0,skipped_assumed_exists
895,deriveECUKey_HMAC_SHA256,90511,11,32,2,success
896,SMK_Exchange_Flow,-,-,-,0,skipped_assumed_exists
896,deriveECUKey_HMAC_SHA256,90611,11,32,2,success
897,SMK_Exchange_Flow,-,-,-,0,skipped_assumed_exists
897,deriveECUKey_HMAC_SHA256,90711,11,32,2,success
898,SMK_Exchange_Flow,-,-,-,0,skipped_assumed_exists
898,deriveECUKey_HMAC_SHA256,90811,11,32,2,success
899,SMK_Exchange_Flow,-,-,-,0,skipped_assumed_exists
899,deriveECUKey_HMAC_SHA256,90911,11,32,2,success
900,SMK_Exchange_Flow,-,-,-,0,skipped_assumed_exists
900,deriveECUKey_HMAC_SHA256,91011,11,32,2,success
901,SMK_Exchange_Flow,-,-,-,0,skipped_assumed_exists
901,deriveECUKey_HMAC_SHA256,91111,11,32,2,success
902,SMK_Exchange_Flow,-,-,-,0,skipped_assumed_exists
902,deriveECUKey_HMAC_SHA256,91211,11,32,2,success
903,SMK_Exchange_Flow,-,-,-,0,skipped_assumed_exists
903,deriveECUKey_HMAC_SHA256,91311,11,32,2,success
904,SMK_Exchange_Flow,-,-,-,0,skipped_assumed_exists
904,deriveECUKey_HMAC_SHA256,91411,11,32,2,success
905,SMK_Exchange_Flow,-,-,-,0,skipped_assumed_exists
905,deriveECUKey_HMAC_SHA256,91511,11,32,2,success
906,SMK_Exchange_Flow,-,-,-,0,skipped_assumed_exists
906,deriveECUKey_HMAC_SHA256,91611,11,32,2,success
907,SMK_Exchange_Flow,-,-,-,0,skipped_assumed_exists
907,deriveECUKey_HMAC_SHA256,91711,11,32,2,success
908,SMK_Exchange_Flow,-,-,-,0,skipped_assumed_exists
908,deriveECUKey_HMAC_SHA256,91811,11,32,2,success
909,SMK_Exchange_Flow,-,-,-,0,skipped_assumed_exists
909,deriveECUKey_HMAC_SHA256,91911,11,32,2,success
910,SMK_Exchange_Flow,-,-,-,0,skipped_assumed_exists
910,deriveECUKey_HMAC_SHA256,92011,11,32,2,success
911,SMK_Exchange_Flow,-,-,-,0,skipped_assumed_exists
911,deriveECUKey_HMAC_SHA256,92111,11,32,2,success
912,SMK_Exchange_Flow,-,-,-,0,skipped_assumed_exists
912,deriveECUKey_HMAC_SHA256,92211,11,32,2,success
913,SMK_Exchange_Flow,-,-,-,0,skipped_assumed_exists
913,deriveECUKey_HMAC_SHA256,92311,11,32,2,success
914,SMK_Exchange_Flow,-,-,-,0,skipped_assumed_exists
914,deriveECUKey_HMAC_SHA256,92411,11,32,2,success
915,SMK_Exchange_Flow,-,-,-,0,skipped_assumed_exists
915,deriveECUKey_HMAC_SHA256,92511,11,32,2,success
916,SMK_Exchange_Flow,-,-,-,0,skipped_assumed_exists
916,deriveECUKey_HMAC_SHA256,92611,11,32,2,success
917,SMK_Exchange_Flow,-,-,-,0,skipped_assumed_exists
917,deriveECUKey_HMAC_SHA256,92711,11,32,2,success
918,SMK_Exchange_Flow,-,-,-,0,skipped_assumed_exists
918,deriveECUKey_HMAC_SHA256,92811,11,32,2,success
919,SMK_Exchange_Flow,-,-,-,0,skipped_assumed_exists
919,deriveECUKey_HMAC_SHA256,92911,11,32,2,success
920,SMK_Exchange_Flow,-,-,-,0,skipped_assumed_exists
920,deriveECUKey_HMAC_SHA256,93011,11,32,2,success
921,SMK_Exchange_Flow,-,-,-,0,skipped_assumed_exists
921,deriveECUKey_HMAC_SHA256,93111,11,32,2,success
922,SMK_Exchange_Flow,-,-,-,0,skipped_assumed_exists
922,deriveECUKey_HMAC_SHA256,93211,11,32,2,success
923,SMK_Exchange_Flow,-,-,-,0,skipped_assumed_exists
923,deriveECUKey_HMAC_SHA256,93311,11,32,2,success
924,SMK_Exchange_Flow,-,-,-,0,skipped_assumed_exists
924,deriveECUKey_HMAC_SHA256,93411,11,32,2,success
925,SMK_Exchange_Flow,-,-,-,0,skipped_assumed_exists
925,deriveECUKey_HMAC_SHA256,93511,11,32,2,success
926,SMK_Exchange_Flow,-,-,-,0,skipped_assumed_exists
926,deriveECUKey_HMAC_SHA256,93611,11,32,2,success
927,SMK_Exchange_Flow,-,-,-,0,skipped_assumed_exists
927,deriveECUKey_HMAC_SHA256,93711,11,32,2,success
928,SMK_Exchange_Flow,-,-,-,0,skipped_assumed_exists
928,deriveECUKey_HMAC_SHA256,93811,11,32,2,success
929,SMK_Exchange_Flow,-,-,-,0,skipped_assumed_exists
929,deriveECUKey_HMAC_SHA256,93911,11,32,2,success
930,SMK_Exchange_Flow,-,-,-,0,skipped_assumed_exists
930,deriveECUKey_HMAC_SHA256,94011,11,32,2,success
931,SMK_Exchange_Flow,-,-,-,0,skipped_assumed_exists
931,deriveECUKey_HMAC_SHA256,94111,11,32,2,success
932,SMK_Exchange_Flow,-,-,-,0,skipped_assumed_exists
932,deriveECUKey_HMAC_SHA256,94211,11,32,2,success
933,SMK_Exchange_Flow,-,-,-,0,skipped_assumed_exists
933,deriveECUKey_HMAC_SHA256,94311,11,32,2,success
934,SMK_Exchange_Flow,-,-,-,0,skipped_assumed_exists
934,deriveECUKey_HMAC_SHA256,94411,11,32,2,success
935,SMK_Exchange_Flow,-,-,-,0,skipped_assumed_exists
935,deriveECUKey_HMAC_SHA256,94511,11,32,2,success
936,SMK_Exchange_Flow,-,-,-,0,skipped_assumed_exists
936,deriveECUKey_HMAC_SHA256,94611,11,32,2,success
937,SMK_Exchange_Flow,-,-,-,0,skipped_assumed_exists
937,deriveECUKey_HMAC_SHA256,94711,11,32,2,success
938,SMK_Exchange_Flow,-,-,-,0,skipped_assumed_exists
938,deriveECUKey_HMAC_SHA256,94811,11,32,2,success
939,SMK_Exchange_Flow,-,-,-,0,skipped_assumed_exists
939,deriveECUKey_HMAC_SHA256,94911,11,32,2,success
940,SMK_Exchange_Flow,-,-,-,0,skipped_assumed_exists
940,deriveECUKey_HMAC_SHA256,95011,11,32,2,success
941,SMK_Exchange_Flow,-,-,-,0,skipped_assumed_exists
941,deriveECUKey_HMAC_SHA256,95111,11,32,2,success
942,SMK_Exchange_Flow,-,-,-,0,skipped_assumed_exists
942,deriveECUKey_HMAC_SHA256,95211,11,32,2,success
943,SMK_Exchange_Flow,-,-,-,0,skipped_assumed_exists
943,deriveECUKey_HMAC_SHA256,95311,11,32,2,success
944,SMK_Exchange_Flow,-,-,-,0,skipped_assumed_exists
944,deriveECUKey_HMAC_SHA256,95411,11,32,2,success
945,SMK_Exchange_Flow,-,-,-,0,skipped_assumed_exists
945,deriveECUKey_HMAC_SHA256,95511,11,32,2,success
946,SMK_Exchange_Flow,-,-,-,0,skipped_assumed_exists
946,deriveECUKey_HMAC_SHA256,95611,11,32,2,success
947,SMK_Exchange_Flow,-,-,-,0,skipped_assumed_exists
947,deriveECUKey_HMAC_SHA256,95711,11,32,2,success
948,SMK_Exchange_Flow,-,-,-,0,skipped_assumed_exists
948,deriveECUKey_HMAC_SHA256,95811,11,32,2,success
949,SMK_Exchange_Flow,-,-,-,0,skipped_assumed_exists
949,deriveECUKey_HMAC_SHA256,95911,11,32,2,success
950,SMK_Exchange_Flow,-,-,-,0,skipped_assumed_exists
950,deriveECUKey_HMAC_SHA256,96011,11,32,2,success
951,SMK_Exchange_Flow,-,-,-,0,skipped_assumed_exists
951,deriveECUKey_HMAC_SHA256,96111,11,32,2,success
952,SMK_Exchange_Flow,-,-,-,0,skipped_assumed_exists
952,deriveECUKey_HMAC_SHA256,96211,11,32,2,success
953,SMK_Exchange_Flow,-,-,-,0,skipped_assumed_exists
953,deriveECUKey_HMAC_SHA256,96311,11,32,2,success
954,SMK_Exchange_Flow,-,-,-,0,skipped_assumed_exists
954,deriveECUKey_HMAC_SHA256,96411,11,32,2,success
955,SMK_Exchange_Flow,-,-,-,0,skipped_assumed_exists
955,deriveECUKey_HMAC_SHA256,96511,11,32,2,success
956,SMK_Exchange_Flow,-,-,-,0,skipped_assumed_exists
956,deriveECUKey_HMAC_SHA256,96611,11,32,2,success
957,SMK_Exchange_Flow,-,-,-,0,skipped_assumed_exists
957,deriveECUKey_HMAC_SHA256,96711,11,32,2,success
958,SMK_Exchange_Flow,-,-,-,0,skipped_assumed_exists
958,deriveECUKey_HMAC_SHA256,96811,11,32,2,success
959,SMK_Exchange_Flow,-,-,-,0,skipped_assumed_exists
959,deriveECUKey_HMAC_SHA256,96911,11,32,2,success
960,SMK_Exchange_Flow,-,-,-,0,skipped_assumed_exists
960,deriveECUKey_HMAC_SHA256,97011,11,32,2,success
961,SMK_Exchange_Flow,-,-,-,0,skipped_assumed_exists
961,deriveECUKey_HMAC_SHA256,97111,11,32,2,success
962,SMK_Exchange_Flow,-,-,-,0,skipped_assumed_exists
962,deriveECUKey_HMAC_SHA256,97211,11,32,2,success
963,SMK_Exchange_Flow,-,-,-,0,skipped_assumed_exists
963,deriveECUKey_HMAC_SHA256,97311,11,32,2,success
964,SMK_Exchange_Flow,-,-,-,0,skipped_assumed_exists
964,deriveECUKey_HMAC_SHA256,97411,11,32,2,success
965,SMK_Exchange_Flow,-,-,-,0,skipped_assumed_exists
965,deriveECUKey_HMAC_SHA256,97511,11,32,2,success
966,SMK_Exchange_Flow,-,-,-,0,skipped_assumed_exists
966,deriveECUKey_HMAC_SHA256,97611,11,32,2,success
967,SMK_Exchange_Flow,-,-,-,0,skipped_assumed_exists
967,deriveECUKey_HMAC_SHA256,97711,11,32,2,success
968,SMK_Exchange_Flow,-,-,-,0,skipped_assumed_exists
968,deriveECUKey_HMAC_SHA256,97811,11,32,2,success
969,SMK_Exchange_Flow,-,-,-,0,skipped_assumed_exists
969,deriveECUKey_HMAC_SHA256,97911,11,32,2,success
970,SMK_Exchange_Flow,-,-,-,0,skipped_assumed_exists
970,deriveECUKey_HMAC_SHA256,98011,11,32,2,success
971,SMK_Exchange_Flow,-,-,-,0,skipped_assumed_exists
971,deriveECUKey_HMAC_SHA256,98111,11,32,2,success
972,SMK_Exchange_Flow,-,-,-,0,skipped_assumed_exists
972,deriveECUKey_HMAC_SHA256,98211,11,32,2,success
973,SMK_Exchange_Flow,-,-,-,0,skipped_assumed_exists
973,deriveECUKey_HMAC_SHA256,98311,11,32,2,success
974,SMK_Exchange_Flow,-,-,-,0,skipped_assumed_exists
974,deriveECUKey_HMAC_SHA256,98411,11,32,2,success
975,SMK_Exchange_Flow,-,-,-,0,skipped_assumed_exists
975,deriveECUKey_HMAC_SHA256,98511,11,32,2,success
976,SMK_Exchange_Flow,-,-,-,0,skipped_assumed_exists
976,deriveECUKey_HMAC_SHA256,98611,11,32,2,success
977,SMK_Exchange_Flow,-,-,-,0,skipped_assumed_exists
977,deriveECUKey_HMAC_SHA256,98711,11,32,2,success
978,SMK_Exchange_Flow,-,-,-,0,skipped_assumed_exists
978,deriveECUKey_HMAC_SHA256,98811,11,32,2,success
979,SMK_Exchange_Flow,-,-,-,0,skipped_assumed_exists
979,deriveECUKey_HMAC_SHA256,98911,11,32,2,success
980,SMK_Exchange_Flow,-,-,-,0,skipped_assumed_exists
980,deriveECUKey_HMAC_SHA256,99011,11,32,2,success
981,SMK_Exchange_Flow,-,-,-,0,skipped_assumed_exists
981,deriveECUKey_HMAC_SHA256,99111,11,32,2,success
982,SMK_Exchange_Flow,-,-,-,0,skipped_assumed_exists
982,deriveECUKey_HMAC_SHA256,99211,11,32,2,success
983,SMK_Exchange_Flow,-,-,-,0,skipped_assumed_exists
983,deriveECUKey_HMAC_SHA256,99311,11,32,2,success
984,SMK_Exchange_Flow,-,-,-,0,skipped_assumed_exists
984,deriveECUKey_HMAC_SHA256,99411,11,32,2,success
985,SMK_Exchange_Flow,-,-,-,0,skipped_assumed_exists
985,deriveECUKey_HMAC_SHA256,99511,11,32,2,success
986,SMK_Exchange_Flow,-,-,-,0,skipped_assumed_exists
986,deriveECUKey_HMAC_SHA256,99611,11,32,2,success
987,SMK_Exchange_Flow,-,-,-,0,skipped_assumed_exists
987,deriveECUKey_HMAC_SHA256,99711,11,32,2,success
988,SMK_Exchange_Flow,-,-,-,0,skipped_assumed_exists
988,deriveECUKey_HMAC_SHA256,99811,11,32,2,success
989,SMK_Exchange_Flow,-,-,-,0,skipped_assumed_exists
989,deriveECUKey_HMAC_SHA256,99911,11,32,2,success
990,SMK_Exchange_Flow,-,-,-,0,skipped_assumed_exists
990,deriveECUKey_HMAC_SHA256,100011,11,32,2,success
991,SMK_Exchange_Flow,-,-,-,0,skipped_assumed_exists
991,deriveECUKey_HMAC_SHA256,100111,11,32,2,success
992,SMK_Exchange_Flow,-,-,-,0,skipped_assumed_exists
992,deriveECUKey_HMAC_SHA256,100211,11,32,2,success
993,SMK_Exchange_Flow,-,-,-,0,skipped_assumed_exists
993,deriveECUKey_HMAC_SHA256,100311,11,32,2,success
994,SMK_Exchange_Flow,-,-,-,0,skipped_assumed_exists
994,deriveECUKey_HMAC_SHA256,100411,11,32,2,success
995,SMK_Exchange_Flow,-,-,-,0,skipped_assumed_exists
995,deriveECUKey_HMAC_SHA256,100511,11,32,3,success
996,SMK_Exchange_Flow,-,-,-,0,skipped_assumed_exists
996,deriveECUKey_HMAC_SHA256,100611,11,32,2,success
997,SMK_Exchange_Flow,-,-,-,0,skipped_assumed_exists
997,deriveECUKey_HMAC_SHA256,100711,11,32,2,success
998,SMK_Exchange_Flow,-,-,-,0,skipped_assumed_exists
998,deriveECUKey_HMAC_SHA256,100811,11,32,2,success
999,SMK_Exchange_Flow,-,-,-,0,skipped_assumed_exists
999,deriveECUKey_HMAC_SHA256,100911,11,32,2,success
